"AppName","AppId","Operation","Mailbox","Events"
"Helpdesk Notifier","4f2a8c1e-7b3d-4e9a-b6c5-1d2e3f4a5b6c","Send","helpdesk@crowleydev.onmicrosoft.com","612"
"Mailbox Backup Appliance","c3d2e1f0-a9b8-4c7d-8e6f-5a4b3c2d1e0f","FolderBind","user1@crowleydev.onmicrosoft.com","1"
"Mailbox Backup Appliance","c3d2e1f0-a9b8-4c7d-8e6f-5a4b3c2d1e0f","FolderBind","user10@crowleydev.onmicrosoft.com","1"
"Mailbox Backup Appliance","c3d2e1f0-a9b8-4c7d-8e6f-5a4b3c2d1e0f","FolderBind","user100@crowleydev.onmicrosoft.com","1"
"Mailbox Backup Appliance","c3d2e1f0-a9b8-4c7d-8e6f-5a4b3c2d1e0f","FolderBind","user1000@crowleydev.onmicrosoft.com","1"
"Mailbox Backup Appliance","c3d2e1f0-a9b8-4c7d-8e6f-5a4b3c2d1e0f","FolderBind","user1001@crowleydev.onmicrosoft.com","1"
"Mailbox Backup Appliance","c3d2e1f0-a9b8-4c7d-8e6f-5a4b3c2d1e0f","FolderBind","user1002@crowleydev.onmicrosoft.com","1"
"Mailbox Backup Appliance","c3d2e1f0-a9b8-4c7d-8e6f-5a4b3c2d1e0f","FolderBind","user1003@crowleydev.onmicrosoft.com","1"
"Mailbox Backup Appliance","c3d2e1f0-a9b8-4c7d-8e6f-5a4b3c2d1e0f","FolderBind","user1004@crowleydev.onmicrosoft.com","1"
"Mailbox Backup Appliance","c3d2e1f0-a9b8-4c7d-8e6f-5a4b3c2d1e0f","FolderBind","user1005@crowleydev.onmicrosoft.com","1"
"Mailbox Backup Appliance","c3d2e1f0-a9b8-4c7d-8e6f-5a4b3c2d1e0f","FolderBind","user1006@crowleydev.onmicrosoft.com","1"
"Mailbox Backup Appliance","c3d2e1f0-a9b8-4c7d-8e6f-5a4b3c2d1e0f","FolderBind","user1007@crowleydev.onmicrosoft.com","1"
"Mailbox Backup Appliance","c3d2e1f0-a9b8-4c7d-8e6f-5a4b3c2d1e0f","FolderBind","user1008@crowleydev.onmicrosoft.com","1"
"Mailbox Backup Appliance","c3d2e1f0-a9b8-4c7d-8e6f-5a4b3c2d1e0f","FolderBind","user1009@crowleydev.onmicrosoft.com","1"
"Mailbox Backup Appliance","c3d2e1f0-a9b8-4c7d-8e6f-5a4b3c2d1e0f","FolderBind","user101@crowleydev.onmicrosoft.com","1"
"Mailbox Backup Appliance","c3d2e1f0-a9b8-4c7d-8e6f-5a4b3c2d1e0f","FolderBind","user1010@crowleydev.onmicrosoft.com","1"
"Mailbox Backup Appliance","c3d2e1f0-a9b8-4c7d-8e6f-5a4b3c2d1e0f","FolderBind","user1011@crowleydev.onmicrosoft.com","1"
"Mailbox Backup Appliance","c3d2e1f0-a9b8-4c7d-8e6f-5a4b3c2d1e0f","FolderBind","user1012@crowleydev.onmicrosoft.com","1"
"Mailbox Backup Appliance","c3d2e1f0-a9b8-4c7d-8e6f-5a4b3c2d1e0f","FolderBind","user1013@crowleydev.onmicrosoft.com","1"
"Mailbox Backup Appliance","c3d2e1f0-a9b8-4c7d-8e6f-5a4b3c2d1e0f","FolderBind","user1014@crowleydev.onmicrosoft.com","1"
"Mailbox Backup Appliance","c3d2e1f0-a9b8-4c7d-8e6f-5a4b3c2d1e0f","FolderBind","user1015@crowleydev.onmicrosoft.com","1"
"Mailbox Backup Appliance","c3d2e1f0-a9b8-4c7d-8e6f-5a4b3c2d1e0f","FolderBind","user1016@crowleydev.onmicrosoft.com","1"
"Mailbox Backup Appliance","c3d2e1f0-a9b8-4c7d-8e6f-5a4b3c2d1e0f","FolderBind","user1017@crowleydev.onmicrosoft.com","1"
"Mailbox Backup Appliance","c3d2e1f0-a9b8-4c7d-8e6f-5a4b3c2d1e0f","FolderBind","user1018@crowleydev.onmicrosoft.com","1"
"Mailbox Backup Appliance","c3d2e1f0-a9b8-4c7d-8e6f-5a4b3c2d1e0f","FolderBind","user1019@crowleydev.onmicrosoft.com","1"
"Mailbox Backup Appliance","c3d2e1f0-a9b8-4c7d-8e6f-5a4b3c2d1e0f","FolderBind","user102@crowleydev.onmicrosoft.com","1"
"Mailbox Backup Appliance","c3d2e1f0-a9b8-4c7d-8e6f-5a4b3c2d1e0f","FolderBind","user1020@crowleydev.onmicrosoft.com","1"
"Mailbox Backup Appliance","c3d2e1f0-a9b8-4c7d-8e6f-5a4b3c2d1e0f","FolderBind","user1021@crowleydev.onmicrosoft.com","1"
"Mailbox Backup Appliance","c3d2e1f0-a9b8-4c7d-8e6f-5a4b3c2d1e0f","FolderBind","user1022@crowleydev.onmicrosoft.com","1"
"Mailbox Backup Appliance","c3d2e1f0-a9b8-4c7d-8e6f-5a4b3c2d1e0f","FolderBind","user1023@crowleydev.onmicrosoft.com","1"
"Mailbox Backup Appliance","c3d2e1f0-a9b8-4c7d-8e6f-5a4b3c2d1e0f","FolderBind","user1024@crowleydev.onmicrosoft.com","1"
"Mailbox Backup Appliance","c3d2e1f0-a9b8-4c7d-8e6f-5a4b3c2d1e0f","FolderBind","user1025@crowleydev.onmicrosoft.com","1"
"Mailbox Backup Appliance","c3d2e1f0-a9b8-4c7d-8e6f-5a4b3c2d1e0f","FolderBind","user1026@crowleydev.onmicrosoft.com","1"
"Mailbox Backup Appliance","c3d2e1f0-a9b8-4c7d-8e6f-5a4b3c2d1e0f","FolderBind","user1027@crowleydev.onmicrosoft.com","1"
"Mailbox Backup Appliance","c3d2e1f0-a9b8-4c7d-8e6f-5a4b3c2d1e0f","FolderBind","user1028@crowleydev.onmicrosoft.com","1"
"Mailbox Backup Appliance","c3d2e1f0-a9b8-4c7d-8e6f-5a4b3c2d1e0f","FolderBind","user1029@crowleydev.onmicrosoft.com","1"
"Mailbox Backup Appliance","c3d2e1f0-a9b8-4c7d-8e6f-5a4b3c2d1e0f","FolderBind","user103@crowleydev.onmicrosoft.com","1"
"Mailbox Backup Appliance","c3d2e1f0-a9b8-4c7d-8e6f-5a4b3c2d1e0f","FolderBind","user1030@crowleydev.onmicrosoft.com","1"
"Mailbox Backup Appliance","c3d2e1f0-a9b8-4c7d-8e6f-5a4b3c2d1e0f","FolderBind","user1031@crowleydev.onmicrosoft.com","1"
"Mailbox Backup Appliance","c3d2e1f0-a9b8-4c7d-8e6f-5a4b3c2d1e0f","FolderBind","user1032@crowleydev.onmicrosoft.com","1"
"Mailbox Backup Appliance","c3d2e1f0-a9b8-4c7d-8e6f-5a4b3c2d1e0f","FolderBind","user1033@crowleydev.onmicrosoft.com","1"
"Mailbox Backup Appliance","c3d2e1f0-a9b8-4c7d-8e6f-5a4b3c2d1e0f","FolderBind","user1034@crowleydev.onmicrosoft.com","1"
"Mailbox Backup Appliance","c3d2e1f0-a9b8-4c7d-8e6f-5a4b3c2d1e0f","FolderBind","user1035@crowleydev.onmicrosoft.com","1"
"Mailbox Backup Appliance","c3d2e1f0-a9b8-4c7d-8e6f-5a4b3c2d1e0f","FolderBind","user1036@crowleydev.onmicrosoft.com","1"
"Mailbox Backup Appliance","c3d2e1f0-a9b8-4c7d-8e6f-5a4b3c2d1e0f","FolderBind","user1037@crowleydev.onmicrosoft.com","1"
"Mailbox Backup Appliance","c3d2e1f0-a9b8-4c7d-8e6f-5a4b3c2d1e0f","FolderBind","user1038@crowleydev.onmicrosoft.com","1"
"Mailbox Backup Appliance","c3d2e1f0-a9b8-4c7d-8e6f-5a4b3c2d1e0f","FolderBind","user1039@crowleydev.onmicrosoft.com","1"
"Mailbox Backup Appliance","c3d2e1f0-a9b8-4c7d-8e6f-5a4b3c2d1e0f","FolderBind","user104@crowleydev.onmicrosoft.com","1"
"Mailbox Backup Appliance","c3d2e1f0-a9b8-4c7d-8e6f-5a4b3c2d1e0f","FolderBind","user1040@crowleydev.onmicrosoft.com","1"
"Mailbox Backup Appliance","c3d2e1f0-a9b8-4c7d-8e6f-5a4b3c2d1e0f","FolderBind","user1041@crowleydev.onmicrosoft.com","1"
"Mailbox Backup Appliance","c3d2e1f0-a9b8-4c7d-8e6f-5a4b3c2d1e0f","FolderBind","user1042@crowleydev.onmicrosoft.com","1"
"Mailbox Backup Appliance","c3d2e1f0-a9b8-4c7d-8e6f-5a4b3c2d1e0f","FolderBind","user1043@crowleydev.onmicrosoft.com","1"
"Mailbox Backup Appliance","c3d2e1f0-a9b8-4c7d-8e6f-5a4b3c2d1e0f","FolderBind","user1044@crowleydev.onmicrosoft.com","1"
"Mailbox Backup Appliance","c3d2e1f0-a9b8-4c7d-8e6f-5a4b3c2d1e0f","FolderBind","user1045@crowleydev.onmicrosoft.com","1"
"Mailbox Backup Appliance","c3d2e1f0-a9b8-4c7d-8e6f-5a4b3c2d1e0f","FolderBind","user1046@crowleydev.onmicrosoft.com","1"
"Mailbox Backup Appliance","c3d2e1f0-a9b8-4c7d-8e6f-5a4b3c2d1e0f","FolderBind","user1047@crowleydev.onmicrosoft.com","1"
"Mailbox Backup Appliance","c3d2e1f0-a9b8-4c7d-8e6f-5a4b3c2d1e0f","FolderBind","user1048@crowleydev.onmicrosoft.com","1"
"Mailbox Backup Appliance","c3d2e1f0-a9b8-4c7d-8e6f-5a4b3c2d1e0f","FolderBind","user1049@crowleydev.onmicrosoft.com","1"
"Mailbox Backup Appliance","c3d2e1f0-a9b8-4c7d-8e6f-5a4b3c2d1e0f","FolderBind","user105@crowleydev.onmicrosoft.com","1"
"Mailbox Backup Appliance","c3d2e1f0-a9b8-4c7d-8e6f-5a4b3c2d1e0f","FolderBind","user1050@crowleydev.onmicrosoft.com","1"
"Mailbox Backup Appliance","c3d2e1f0-a9b8-4c7d-8e6f-5a4b3c2d1e0f","FolderBind","user1051@crowleydev.onmicrosoft.com","1"
"Mailbox Backup Appliance","c3d2e1f0-a9b8-4c7d-8e6f-5a4b3c2d1e0f","FolderBind","user1052@crowleydev.onmicrosoft.com","1"
"Mailbox Backup Appliance","c3d2e1f0-a9b8-4c7d-8e6f-5a4b3c2d1e0f","FolderBind","user1053@crowleydev.onmicrosoft.com","1"
"Mailbox Backup Appliance","c3d2e1f0-a9b8-4c7d-8e6f-5a4b3c2d1e0f","FolderBind","user1054@crowleydev.onmicrosoft.com","1"
"Mailbox Backup Appliance","c3d2e1f0-a9b8-4c7d-8e6f-5a4b3c2d1e0f","FolderBind","user1055@crowleydev.onmicrosoft.com","1"
"Mailbox Backup Appliance","c3d2e1f0-a9b8-4c7d-8e6f-5a4b3c2d1e0f","FolderBind","user1056@crowleydev.onmicrosoft.com","1"
"Mailbox Backup Appliance","c3d2e1f0-a9b8-4c7d-8e6f-5a4b3c2d1e0f","FolderBind","user1057@crowleydev.onmicrosoft.com","1"
"Mailbox Backup Appliance","c3d2e1f0-a9b8-4c7d-8e6f-5a4b3c2d1e0f","FolderBind","user1058@crowleydev.onmicrosoft.com","1"
"Mailbox Backup Appliance","c3d2e1f0-a9b8-4c7d-8e6f-5a4b3c2d1e0f","FolderBind","user1059@crowleydev.onmicrosoft.com","1"
"Mailbox Backup Appliance","c3d2e1f0-a9b8-4c7d-8e6f-5a4b3c2d1e0f","FolderBind","user106@crowleydev.onmicrosoft.com","1"
"Mailbox Backup Appliance","c3d2e1f0-a9b8-4c7d-8e6f-5a4b3c2d1e0f","FolderBind","user1060@crowleydev.onmicrosoft.com","1"
"Mailbox Backup Appliance","c3d2e1f0-a9b8-4c7d-8e6f-5a4b3c2d1e0f","FolderBind","user1061@crowleydev.onmicrosoft.com","1"
"Mailbox Backup Appliance","c3d2e1f0-a9b8-4c7d-8e6f-5a4b3c2d1e0f","FolderBind","user1062@crowleydev.onmicrosoft.com","1"
"Mailbox Backup Appliance","c3d2e1f0-a9b8-4c7d-8e6f-5a4b3c2d1e0f","FolderBind","user1063@crowleydev.onmicrosoft.com","1"
"Mailbox Backup Appliance","c3d2e1f0-a9b8-4c7d-8e6f-5a4b3c2d1e0f","FolderBind","user1064@crowleydev.onmicrosoft.com","1"
"Mailbox Backup Appliance","c3d2e1f0-a9b8-4c7d-8e6f-5a4b3c2d1e0f","FolderBind","user1065@crowleydev.onmicrosoft.com","1"
"Mailbox Backup Appliance","c3d2e1f0-a9b8-4c7d-8e6f-5a4b3c2d1e0f","FolderBind","user1066@crowleydev.onmicrosoft.com","1"
"Mailbox Backup Appliance","c3d2e1f0-a9b8-4c7d-8e6f-5a4b3c2d1e0f","FolderBind","user1067@crowleydev.onmicrosoft.com","1"
"Mailbox Backup Appliance","c3d2e1f0-a9b8-4c7d-8e6f-5a4b3c2d1e0f","FolderBind","user1068@crowleydev.onmicrosoft.com","1"
"Mailbox Backup Appliance","c3d2e1f0-a9b8-4c7d-8e6f-5a4b3c2d1e0f","FolderBind","user1069@crowleydev.onmicrosoft.com","1"
"Mailbox Backup Appliance","c3d2e1f0-a9b8-4c7d-8e6f-5a4b3c2d1e0f","FolderBind","user107@crowleydev.onmicrosoft.com","1"
"Mailbox Backup Appliance","c3d2e1f0-a9b8-4c7d-8e6f-5a4b3c2d1e0f","FolderBind","user1070@crowleydev.onmicrosoft.com","1"
"Mailbox Backup Appliance","c3d2e1f0-a9b8-4c7d-8e6f-5a4b3c2d1e0f","FolderBind","user1071@crowleydev.onmicrosoft.com","1"
"Mailbox Backup Appliance","c3d2e1f0-a9b8-4c7d-8e6f-5a4b3c2d1e0f","FolderBind","user1072@crowleydev.onmicrosoft.com","1"
"Mailbox Backup Appliance","c3d2e1f0-a9b8-4c7d-8e6f-5a4b3c2d1e0f","FolderBind","user1073@crowleydev.onmicrosoft.com","1"
"Mailbox Backup Appliance","c3d2e1f0-a9b8-4c7d-8e6f-5a4b3c2d1e0f","FolderBind","user1074@crowleydev.onmicrosoft.com","1"
"Mailbox Backup Appliance","c3d2e1f0-a9b8-4c7d-8e6f-5a4b3c2d1e0f","FolderBind","user1075@crowleydev.onmicrosoft.com","1"
"Mailbox Backup Appliance","c3d2e1f0-a9b8-4c7d-8e6f-5a4b3c2d1e0f","FolderBind","user1076@crowleydev.onmicrosoft.com","1"
"Mailbox Backup Appliance","c3d2e1f0-a9b8-4c7d-8e6f-5a4b3c2d1e0f","FolderBind","user1077@crowleydev.onmicrosoft.com","1"
"Mailbox Backup Appliance","c3d2e1f0-a9b8-4c7d-8e6f-5a4b3c2d1e0f","FolderBind","user1078@crowleydev.onmicrosoft.com","1"
"Mailbox Backup Appliance","c3d2e1f0-a9b8-4c7d-8e6f-5a4b3c2d1e0f","FolderBind","user1079@crowleydev.onmicrosoft.com","1"
"Mailbox Backup Appliance","c3d2e1f0-a9b8-4c7d-8e6f-5a4b3c2d1e0f","FolderBind","user108@crowleydev.onmicrosoft.com","1"
"Mailbox Backup Appliance","c3d2e1f0-a9b8-4c7d-8e6f-5a4b3c2d1e0f","FolderBind","user1080@crowleydev.onmicrosoft.com","1"
"Mailbox Backup Appliance","c3d2e1f0-a9b8-4c7d-8e6f-5a4b3c2d1e0f","FolderBind","user1081@crowleydev.onmicrosoft.com","1"
"Mailbox Backup Appliance","c3d2e1f0-a9b8-4c7d-8e6f-5a4b3c2d1e0f","FolderBind","user1082@crowleydev.onmicrosoft.com","1"
"Mailbox Backup Appliance","c3d2e1f0-a9b8-4c7d-8e6f-5a4b3c2d1e0f","FolderBind","user1083@crowleydev.onmicrosoft.com","1"
"Mailbox Backup Appliance","c3d2e1f0-a9b8-4c7d-8e6f-5a4b3c2d1e0f","FolderBind","user1084@crowleydev.onmicrosoft.com","1"
"Mailbox Backup Appliance","c3d2e1f0-a9b8-4c7d-8e6f-5a4b3c2d1e0f","FolderBind","user1085@crowleydev.onmicrosoft.com","1"
"Mailbox Backup Appliance","c3d2e1f0-a9b8-4c7d-8e6f-5a4b3c2d1e0f","FolderBind","user1086@crowleydev.onmicrosoft.com","1"
"Mailbox Backup Appliance","c3d2e1f0-a9b8-4c7d-8e6f-5a4b3c2d1e0f","FolderBind","user1087@crowleydev.onmicrosoft.com","1"
"Mailbox Backup Appliance","c3d2e1f0-a9b8-4c7d-8e6f-5a4b3c2d1e0f","FolderBind","user1088@crowleydev.onmicrosoft.com","1"
"Mailbox Backup Appliance","c3d2e1f0-a9b8-4c7d-8e6f-5a4b3c2d1e0f","FolderBind","user1089@crowleydev.onmicrosoft.com","1"
"Mailbox Backup Appliance","c3d2e1f0-a9b8-4c7d-8e6f-5a4b3c2d1e0f","FolderBind","user109@crowleydev.onmicrosoft.com","1"
"Mailbox Backup Appliance","c3d2e1f0-a9b8-4c7d-8e6f-5a4b3c2d1e0f","FolderBind","user1090@crowleydev.onmicrosoft.com","1"
"Mailbox Backup Appliance","c3d2e1f0-a9b8-4c7d-8e6f-5a4b3c2d1e0f","FolderBind","user1091@crowleydev.onmicrosoft.com","1"
"Mailbox Backup Appliance","c3d2e1f0-a9b8-4c7d-8e6f-5a4b3c2d1e0f","FolderBind","user1092@crowleydev.onmicrosoft.com","1"
"Mailbox Backup Appliance","c3d2e1f0-a9b8-4c7d-8e6f-5a4b3c2d1e0f","FolderBind","user1093@crowleydev.onmicrosoft.com","1"
"Mailbox Backup Appliance","c3d2e1f0-a9b8-4c7d-8e6f-5a4b3c2d1e0f","FolderBind","user1094@crowleydev.onmicrosoft.com","1"
"Mailbox Backup Appliance","c3d2e1f0-a9b8-4c7d-8e6f-5a4b3c2d1e0f","FolderBind","user1095@crowleydev.onmicrosoft.com","1"
"Mailbox Backup Appliance","c3d2e1f0-a9b8-4c7d-8e6f-5a4b3c2d1e0f","FolderBind","user1096@crowleydev.onmicrosoft.com","1"
"Mailbox Backup Appliance","c3d2e1f0-a9b8-4c7d-8e6f-5a4b3c2d1e0f","FolderBind","user1097@crowleydev.onmicrosoft.com","1"
"Mailbox Backup Appliance","c3d2e1f0-a9b8-4c7d-8e6f-5a4b3c2d1e0f","FolderBind","user1098@crowleydev.onmicrosoft.com","1"
"Mailbox Backup Appliance","c3d2e1f0-a9b8-4c7d-8e6f-5a4b3c2d1e0f","FolderBind","user1099@crowleydev.onmicrosoft.com","1"
"Mailbox Backup Appliance","c3d2e1f0-a9b8-4c7d-8e6f-5a4b3c2d1e0f","FolderBind","user11@crowleydev.onmicrosoft.com","1"
"Mailbox Backup Appliance","c3d2e1f0-a9b8-4c7d-8e6f-5a4b3c2d1e0f","FolderBind","user110@crowleydev.onmicrosoft.com","1"
"Mailbox Backup Appliance","c3d2e1f0-a9b8-4c7d-8e6f-5a4b3c2d1e0f","FolderBind","user1100@crowleydev.onmicrosoft.com","1"
"Mailbox Backup Appliance","c3d2e1f0-a9b8-4c7d-8e6f-5a4b3c2d1e0f","FolderBind","user1101@crowleydev.onmicrosoft.com","1"
"Mailbox Backup Appliance","c3d2e1f0-a9b8-4c7d-8e6f-5a4b3c2d1e0f","FolderBind","user1102@crowleydev.onmicrosoft.com","1"
"Mailbox Backup Appliance","c3d2e1f0-a9b8-4c7d-8e6f-5a4b3c2d1e0f","FolderBind","user1103@crowleydev.onmicrosoft.com","1"
"Mailbox Backup Appliance","c3d2e1f0-a9b8-4c7d-8e6f-5a4b3c2d1e0f","FolderBind","user1104@crowleydev.onmicrosoft.com","1"
"Mailbox Backup Appliance","c3d2e1f0-a9b8-4c7d-8e6f-5a4b3c2d1e0f","FolderBind","user1105@crowleydev.onmicrosoft.com","1"
"Mailbox Backup Appliance","c3d2e1f0-a9b8-4c7d-8e6f-5a4b3c2d1e0f","FolderBind","user1106@crowleydev.onmicrosoft.com","1"
"Mailbox Backup Appliance","c3d2e1f0-a9b8-4c7d-8e6f-5a4b3c2d1e0f","FolderBind","user1107@crowleydev.onmicrosoft.com","1"
"Mailbox Backup Appliance","c3d2e1f0-a9b8-4c7d-8e6f-5a4b3c2d1e0f","FolderBind","user1108@crowleydev.onmicrosoft.com","1"
"Mailbox Backup Appliance","c3d2e1f0-a9b8-4c7d-8e6f-5a4b3c2d1e0f","FolderBind","user1109@crowleydev.onmicrosoft.com","1"
"Mailbox Backup Appliance","c3d2e1f0-a9b8-4c7d-8e6f-5a4b3c2d1e0f","FolderBind","user111@crowleydev.onmicrosoft.com","1"
"Mailbox Backup Appliance","c3d2e1f0-a9b8-4c7d-8e6f-5a4b3c2d1e0f","FolderBind","user1110@crowleydev.onmicrosoft.com","1"
"Mailbox Backup Appliance","c3d2e1f0-a9b8-4c7d-8e6f-5a4b3c2d1e0f","FolderBind","user1111@crowleydev.onmicrosoft.com","1"
"Mailbox Backup Appliance","c3d2e1f0-a9b8-4c7d-8e6f-5a4b3c2d1e0f","FolderBind","user1112@crowleydev.onmicrosoft.com","1"
"Mailbox Backup Appliance","c3d2e1f0-a9b8-4c7d-8e6f-5a4b3c2d1e0f","FolderBind","user1113@crowleydev.onmicrosoft.com","1"
"Mailbox Backup Appliance","c3d2e1f0-a9b8-4c7d-8e6f-5a4b3c2d1e0f","FolderBind","user1114@crowleydev.onmicrosoft.com","1"
"Mailbox Backup Appliance","c3d2e1f0-a9b8-4c7d-8e6f-5a4b3c2d1e0f","FolderBind","user1115@crowleydev.onmicrosoft.com","1"
"Mailbox Backup Appliance","c3d2e1f0-a9b8-4c7d-8e6f-5a4b3c2d1e0f","FolderBind","user1116@crowleydev.onmicrosoft.com","1"
"Mailbox Backup Appliance","c3d2e1f0-a9b8-4c7d-8e6f-5a4b3c2d1e0f","FolderBind","user1117@crowleydev.onmicrosoft.com","1"
"Mailbox Backup Appliance","c3d2e1f0-a9b8-4c7d-8e6f-5a4b3c2d1e0f","FolderBind","user1118@crowleydev.onmicrosoft.com","1"
"Mailbox Backup Appliance","c3d2e1f0-a9b8-4c7d-8e6f-5a4b3c2d1e0f","FolderBind","user1119@crowleydev.onmicrosoft.com","1"
"Mailbox Backup Appliance","c3d2e1f0-a9b8-4c7d-8e6f-5a4b3c2d1e0f","FolderBind","user112@crowleydev.onmicrosoft.com","1"
"Mailbox Backup Appliance","c3d2e1f0-a9b8-4c7d-8e6f-5a4b3c2d1e0f","FolderBind","user1120@crowleydev.onmicrosoft.com","1"
"Mailbox Backup Appliance","c3d2e1f0-a9b8-4c7d-8e6f-5a4b3c2d1e0f","FolderBind","user1121@crowleydev.onmicrosoft.com","1"
"Mailbox Backup Appliance","c3d2e1f0-a9b8-4c7d-8e6f-5a4b3c2d1e0f","FolderBind","user1122@crowleydev.onmicrosoft.com","1"
"Mailbox Backup Appliance","c3d2e1f0-a9b8-4c7d-8e6f-5a4b3c2d1e0f","FolderBind","user1123@crowleydev.onmicrosoft.com","1"
"Mailbox Backup Appliance","c3d2e1f0-a9b8-4c7d-8e6f-5a4b3c2d1e0f","FolderBind","user1124@crowleydev.onmicrosoft.com","1"
"Mailbox Backup Appliance","c3d2e1f0-a9b8-4c7d-8e6f-5a4b3c2d1e0f","FolderBind","user1125@crowleydev.onmicrosoft.com","1"
"Mailbox Backup Appliance","c3d2e1f0-a9b8-4c7d-8e6f-5a4b3c2d1e0f","FolderBind","user1126@crowleydev.onmicrosoft.com","1"
"Mailbox Backup Appliance","c3d2e1f0-a9b8-4c7d-8e6f-5a4b3c2d1e0f","FolderBind","user1127@crowleydev.onmicrosoft.com","1"
"Mailbox Backup Appliance","c3d2e1f0-a9b8-4c7d-8e6f-5a4b3c2d1e0f","FolderBind","user1128@crowleydev.onmicrosoft.com","1"
"Mailbox Backup Appliance","c3d2e1f0-a9b8-4c7d-8e6f-5a4b3c2d1e0f","FolderBind","user1129@crowleydev.onmicrosoft.com","1"
"Mailbox Backup Appliance","c3d2e1f0-a9b8-4c7d-8e6f-5a4b3c2d1e0f","FolderBind","user113@crowleydev.onmicrosoft.com","1"
"Mailbox Backup Appliance","c3d2e1f0-a9b8-4c7d-8e6f-5a4b3c2d1e0f","FolderBind","user1130@crowleydev.onmicrosoft.com","1"
"Mailbox Backup Appliance","c3d2e1f0-a9b8-4c7d-8e6f-5a4b3c2d1e0f","FolderBind","user1131@crowleydev.onmicrosoft.com","1"
"Mailbox Backup Appliance","c3d2e1f0-a9b8-4c7d-8e6f-5a4b3c2d1e0f","FolderBind","user1132@crowleydev.onmicrosoft.com","1"
"Mailbox Backup Appliance","c3d2e1f0-a9b8-4c7d-8e6f-5a4b3c2d1e0f","FolderBind","user1133@crowleydev.onmicrosoft.com","1"
"Mailbox Backup Appliance","c3d2e1f0-a9b8-4c7d-8e6f-5a4b3c2d1e0f","FolderBind","user1134@crowleydev.onmicrosoft.com","1"
"Mailbox Backup Appliance","c3d2e1f0-a9b8-4c7d-8e6f-5a4b3c2d1e0f","FolderBind","user1135@crowleydev.onmicrosoft.com","1"
"Mailbox Backup Appliance","c3d2e1f0-a9b8-4c7d-8e6f-5a4b3c2d1e0f","FolderBind","user1136@crowleydev.onmicrosoft.com","1"
"Mailbox Backup Appliance","c3d2e1f0-a9b8-4c7d-8e6f-5a4b3c2d1e0f","FolderBind","user1137@crowleydev.onmicrosoft.com","1"
"Mailbox Backup Appliance","c3d2e1f0-a9b8-4c7d-8e6f-5a4b3c2d1e0f","FolderBind","user1138@crowleydev.onmicrosoft.com","1"
"Mailbox Backup Appliance","c3d2e1f0-a9b8-4c7d-8e6f-5a4b3c2d1e0f","FolderBind","user1139@crowleydev.onmicrosoft.com","1"
"Mailbox Backup Appliance","c3d2e1f0-a9b8-4c7d-8e6f-5a4b3c2d1e0f","FolderBind","user114@crowleydev.onmicrosoft.com","1"
"Mailbox Backup Appliance","c3d2e1f0-a9b8-4c7d-8e6f-5a4b3c2d1e0f","FolderBind","user1140@crowleydev.onmicrosoft.com","1"
"Mailbox Backup Appliance","c3d2e1f0-a9b8-4c7d-8e6f-5a4b3c2d1e0f","FolderBind","user1141@crowleydev.onmicrosoft.com","1"
"Mailbox Backup Appliance","c3d2e1f0-a9b8-4c7d-8e6f-5a4b3c2d1e0f","FolderBind","user1142@crowleydev.onmicrosoft.com","1"
"Mailbox Backup Appliance","c3d2e1f0-a9b8-4c7d-8e6f-5a4b3c2d1e0f","FolderBind","user1143@crowleydev.onmicrosoft.com","1"
"Mailbox Backup Appliance","c3d2e1f0-a9b8-4c7d-8e6f-5a4b3c2d1e0f","FolderBind","user1144@crowleydev.onmicrosoft.com","1"
"Mailbox Backup Appliance","c3d2e1f0-a9b8-4c7d-8e6f-5a4b3c2d1e0f","FolderBind","user1145@crowleydev.onmicrosoft.com","1"
"Mailbox Backup Appliance","c3d2e1f0-a9b8-4c7d-8e6f-5a4b3c2d1e0f","FolderBind","user1146@crowleydev.onmicrosoft.com","1"
"Mailbox Backup Appliance","c3d2e1f0-a9b8-4c7d-8e6f-5a4b3c2d1e0f","FolderBind","user1147@crowleydev.onmicrosoft.com","1"
"Mailbox Backup Appliance","c3d2e1f0-a9b8-4c7d-8e6f-5a4b3c2d1e0f","FolderBind","user1148@crowleydev.onmicrosoft.com","1"
"Mailbox Backup Appliance","c3d2e1f0-a9b8-4c7d-8e6f-5a4b3c2d1e0f","FolderBind","user1149@crowleydev.onmicrosoft.com","1"
"Mailbox Backup Appliance","c3d2e1f0-a9b8-4c7d-8e6f-5a4b3c2d1e0f","FolderBind","user115@crowleydev.onmicrosoft.com","1"
"Mailbox Backup Appliance","c3d2e1f0-a9b8-4c7d-8e6f-5a4b3c2d1e0f","FolderBind","user1150@crowleydev.onmicrosoft.com","1"
"Mailbox Backup Appliance","c3d2e1f0-a9b8-4c7d-8e6f-5a4b3c2d1e0f","FolderBind","user1151@crowleydev.onmicrosoft.com","1"
"Mailbox Backup Appliance","c3d2e1f0-a9b8-4c7d-8e6f-5a4b3c2d1e0f","FolderBind","user1152@crowleydev.onmicrosoft.com","1"
"Mailbox Backup Appliance","c3d2e1f0-a9b8-4c7d-8e6f-5a4b3c2d1e0f","FolderBind","user1153@crowleydev.onmicrosoft.com","1"
"Mailbox Backup Appliance","c3d2e1f0-a9b8-4c7d-8e6f-5a4b3c2d1e0f","FolderBind","user1154@crowleydev.onmicrosoft.com","1"
"Mailbox Backup Appliance","c3d2e1f0-a9b8-4c7d-8e6f-5a4b3c2d1e0f","FolderBind","user1155@crowleydev.onmicrosoft.com","1"
"Mailbox Backup Appliance","c3d2e1f0-a9b8-4c7d-8e6f-5a4b3c2d1e0f","FolderBind","user1156@crowleydev.onmicrosoft.com","1"
"Mailbox Backup Appliance","c3d2e1f0-a9b8-4c7d-8e6f-5a4b3c2d1e0f","FolderBind","user1157@crowleydev.onmicrosoft.com","1"
"Mailbox Backup Appliance","c3d2e1f0-a9b8-4c7d-8e6f-5a4b3c2d1e0f","FolderBind","user1158@crowleydev.onmicrosoft.com","1"
"Mailbox Backup Appliance","c3d2e1f0-a9b8-4c7d-8e6f-5a4b3c2d1e0f","FolderBind","user1159@crowleydev.onmicrosoft.com","1"
"Mailbox Backup Appliance","c3d2e1f0-a9b8-4c7d-8e6f-5a4b3c2d1e0f","FolderBind","user116@crowleydev.onmicrosoft.com","1"
"Mailbox Backup Appliance","c3d2e1f0-a9b8-4c7d-8e6f-5a4b3c2d1e0f","FolderBind","user1160@crowleydev.onmicrosoft.com","1"
"Mailbox Backup Appliance","c3d2e1f0-a9b8-4c7d-8e6f-5a4b3c2d1e0f","FolderBind","user1161@crowleydev.onmicrosoft.com","1"
"Mailbox Backup Appliance","c3d2e1f0-a9b8-4c7d-8e6f-5a4b3c2d1e0f","FolderBind","user1162@crowleydev.onmicrosoft.com","1"
"Mailbox Backup Appliance","c3d2e1f0-a9b8-4c7d-8e6f-5a4b3c2d1e0f","FolderBind","user1163@crowleydev.onmicrosoft.com","1"
"Mailbox Backup Appliance","c3d2e1f0-a9b8-4c7d-8e6f-5a4b3c2d1e0f","FolderBind","user1164@crowleydev.onmicrosoft.com","1"
"Mailbox Backup Appliance","c3d2e1f0-a9b8-4c7d-8e6f-5a4b3c2d1e0f","FolderBind","user1165@crowleydev.onmicrosoft.com","1"
"Mailbox Backup Appliance","c3d2e1f0-a9b8-4c7d-8e6f-5a4b3c2d1e0f","FolderBind","user1166@crowleydev.onmicrosoft.com","1"
"Mailbox Backup Appliance","c3d2e1f0-a9b8-4c7d-8e6f-5a4b3c2d1e0f","FolderBind","user1167@crowleydev.onmicrosoft.com","1"
"Mailbox Backup Appliance","c3d2e1f0-a9b8-4c7d-8e6f-5a4b3c2d1e0f","FolderBind","user1168@crowleydev.onmicrosoft.com","1"
"Mailbox Backup Appliance","c3d2e1f0-a9b8-4c7d-8e6f-5a4b3c2d1e0f","FolderBind","user1169@crowleydev.onmicrosoft.com","1"
"Mailbox Backup Appliance","c3d2e1f0-a9b8-4c7d-8e6f-5a4b3c2d1e0f","FolderBind","user117@crowleydev.onmicrosoft.com","1"
"Mailbox Backup Appliance","c3d2e1f0-a9b8-4c7d-8e6f-5a4b3c2d1e0f","FolderBind","user1170@crowleydev.onmicrosoft.com","1"
"Mailbox Backup Appliance","c3d2e1f0-a9b8-4c7d-8e6f-5a4b3c2d1e0f","FolderBind","user1171@crowleydev.onmicrosoft.com","1"
"Mailbox Backup Appliance","c3d2e1f0-a9b8-4c7d-8e6f-5a4b3c2d1e0f","FolderBind","user1172@crowleydev.onmicrosoft.com","1"
"Mailbox Backup Appliance","c3d2e1f0-a9b8-4c7d-8e6f-5a4b3c2d1e0f","FolderBind","user1173@crowleydev.onmicrosoft.com","1"
"Mailbox Backup Appliance","c3d2e1f0-a9b8-4c7d-8e6f-5a4b3c2d1e0f","FolderBind","user1174@crowleydev.onmicrosoft.com","1"
"Mailbox Backup Appliance","c3d2e1f0-a9b8-4c7d-8e6f-5a4b3c2d1e0f","FolderBind","user1175@crowleydev.onmicrosoft.com","1"
"Mailbox Backup Appliance","c3d2e1f0-a9b8-4c7d-8e6f-5a4b3c2d1e0f","FolderBind","user1176@crowleydev.onmicrosoft.com","1"
"Mailbox Backup Appliance","c3d2e1f0-a9b8-4c7d-8e6f-5a4b3c2d1e0f","FolderBind","user1177@crowleydev.onmicrosoft.com","1"
"Mailbox Backup Appliance","c3d2e1f0-a9b8-4c7d-8e6f-5a4b3c2d1e0f","FolderBind","user1178@crowleydev.onmicrosoft.com","1"
"Mailbox Backup Appliance","c3d2e1f0-a9b8-4c7d-8e6f-5a4b3c2d1e0f","FolderBind","user1179@crowleydev.onmicrosoft.com","1"
"Mailbox Backup Appliance","c3d2e1f0-a9b8-4c7d-8e6f-5a4b3c2d1e0f","FolderBind","user118@crowleydev.onmicrosoft.com","1"
"Mailbox Backup Appliance","c3d2e1f0-a9b8-4c7d-8e6f-5a4b3c2d1e0f","FolderBind","user1180@crowleydev.onmicrosoft.com","1"
"Mailbox Backup Appliance","c3d2e1f0-a9b8-4c7d-8e6f-5a4b3c2d1e0f","FolderBind","user1181@crowleydev.onmicrosoft.com","1"
"Mailbox Backup Appliance","c3d2e1f0-a9b8-4c7d-8e6f-5a4b3c2d1e0f","FolderBind","user1182@crowleydev.onmicrosoft.com","1"
"Mailbox Backup Appliance","c3d2e1f0-a9b8-4c7d-8e6f-5a4b3c2d1e0f","FolderBind","user1183@crowleydev.onmicrosoft.com","1"
"Mailbox Backup Appliance","c3d2e1f0-a9b8-4c7d-8e6f-5a4b3c2d1e0f","FolderBind","user1184@crowleydev.onmicrosoft.com","1"
"Mailbox Backup Appliance","c3d2e1f0-a9b8-4c7d-8e6f-5a4b3c2d1e0f","FolderBind","user1185@crowleydev.onmicrosoft.com","1"
"Mailbox Backup Appliance","c3d2e1f0-a9b8-4c7d-8e6f-5a4b3c2d1e0f","FolderBind","user1186@crowleydev.onmicrosoft.com","1"
"Mailbox Backup Appliance","c3d2e1f0-a9b8-4c7d-8e6f-5a4b3c2d1e0f","FolderBind","user1187@crowleydev.onmicrosoft.com","1"
"Mailbox Backup Appliance","c3d2e1f0-a9b8-4c7d-8e6f-5a4b3c2d1e0f","FolderBind","user1188@crowleydev.onmicrosoft.com","1"
"Mailbox Backup Appliance","c3d2e1f0-a9b8-4c7d-8e6f-5a4b3c2d1e0f","FolderBind","user1189@crowleydev.onmicrosoft.com","1"
"Mailbox Backup Appliance","c3d2e1f0-a9b8-4c7d-8e6f-5a4b3c2d1e0f","FolderBind","user119@crowleydev.onmicrosoft.com","1"
"Mailbox Backup Appliance","c3d2e1f0-a9b8-4c7d-8e6f-5a4b3c2d1e0f","FolderBind","user1190@crowleydev.onmicrosoft.com","1"
"Mailbox Backup Appliance","c3d2e1f0-a9b8-4c7d-8e6f-5a4b3c2d1e0f","FolderBind","user1191@crowleydev.onmicrosoft.com","1"
"Mailbox Backup Appliance","c3d2e1f0-a9b8-4c7d-8e6f-5a4b3c2d1e0f","FolderBind","user1192@crowleydev.onmicrosoft.com","1"
"Mailbox Backup Appliance","c3d2e1f0-a9b8-4c7d-8e6f-5a4b3c2d1e0f","FolderBind","user1193@crowleydev.onmicrosoft.com","1"
"Mailbox Backup Appliance","c3d2e1f0-a9b8-4c7d-8e6f-5a4b3c2d1e0f","FolderBind","user1194@crowleydev.onmicrosoft.com","1"
"Mailbox Backup Appliance","c3d2e1f0-a9b8-4c7d-8e6f-5a4b3c2d1e0f","FolderBind","user1195@crowleydev.onmicrosoft.com","1"
"Mailbox Backup Appliance","c3d2e1f0-a9b8-4c7d-8e6f-5a4b3c2d1e0f","FolderBind","user1196@crowleydev.onmicrosoft.com","1"
"Mailbox Backup Appliance","c3d2e1f0-a9b8-4c7d-8e6f-5a4b3c2d1e0f","FolderBind","user1197@crowleydev.onmicrosoft.com","1"
"Mailbox Backup Appliance","c3d2e1f0-a9b8-4c7d-8e6f-5a4b3c2d1e0f","FolderBind","user1198@crowleydev.onmicrosoft.com","1"
"Mailbox Backup Appliance","c3d2e1f0-a9b8-4c7d-8e6f-5a4b3c2d1e0f","FolderBind","user1199@crowleydev.onmicrosoft.com","1"
"Mailbox Backup Appliance","c3d2e1f0-a9b8-4c7d-8e6f-5a4b3c2d1e0f","FolderBind","user12@crowleydev.onmicrosoft.com","1"
"Mailbox Backup Appliance","c3d2e1f0-a9b8-4c7d-8e6f-5a4b3c2d1e0f","FolderBind","user120@crowleydev.onmicrosoft.com","1"
"Mailbox Backup Appliance","c3d2e1f0-a9b8-4c7d-8e6f-5a4b3c2d1e0f","FolderBind","user1200@crowleydev.onmicrosoft.com","1"
"Mailbox Backup Appliance","c3d2e1f0-a9b8-4c7d-8e6f-5a4b3c2d1e0f","FolderBind","user1201@crowleydev.onmicrosoft.com","1"
"Mailbox Backup Appliance","c3d2e1f0-a9b8-4c7d-8e6f-5a4b3c2d1e0f","FolderBind","user1202@crowleydev.onmicrosoft.com","1"
"Mailbox Backup Appliance","c3d2e1f0-a9b8-4c7d-8e6f-5a4b3c2d1e0f","FolderBind","user1203@crowleydev.onmicrosoft.com","1"
"Mailbox Backup Appliance","c3d2e1f0-a9b8-4c7d-8e6f-5a4b3c2d1e0f","FolderBind","user1204@crowleydev.onmicrosoft.com","1"
"Mailbox Backup Appliance","c3d2e1f0-a9b8-4c7d-8e6f-5a4b3c2d1e0f","FolderBind","user1205@crowleydev.onmicrosoft.com","1"
"Mailbox Backup Appliance","c3d2e1f0-a9b8-4c7d-8e6f-5a4b3c2d1e0f","FolderBind","user1206@crowleydev.onmicrosoft.com","1"
"Mailbox Backup Appliance","c3d2e1f0-a9b8-4c7d-8e6f-5a4b3c2d1e0f","FolderBind","user1207@crowleydev.onmicrosoft.com","1"
"Mailbox Backup Appliance","c3d2e1f0-a9b8-4c7d-8e6f-5a4b3c2d1e0f","FolderBind","user1208@crowleydev.onmicrosoft.com","1"
"Mailbox Backup Appliance","c3d2e1f0-a9b8-4c7d-8e6f-5a4b3c2d1e0f","FolderBind","user1209@crowleydev.onmicrosoft.com","1"
"Mailbox Backup Appliance","c3d2e1f0-a9b8-4c7d-8e6f-5a4b3c2d1e0f","FolderBind","user121@crowleydev.onmicrosoft.com","1"
"Mailbox Backup Appliance","c3d2e1f0-a9b8-4c7d-8e6f-5a4b3c2d1e0f","FolderBind","user1210@crowleydev.onmicrosoft.com","1"
"Mailbox Backup Appliance","c3d2e1f0-a9b8-4c7d-8e6f-5a4b3c2d1e0f","FolderBind","user1211@crowleydev.onmicrosoft.com","1"
"Mailbox Backup Appliance","c3d2e1f0-a9b8-4c7d-8e6f-5a4b3c2d1e0f","FolderBind","user1212@crowleydev.onmicrosoft.com","1"
"Mailbox Backup Appliance","c3d2e1f0-a9b8-4c7d-8e6f-5a4b3c2d1e0f","FolderBind","user1213@crowleydev.onmicrosoft.com","1"
"Mailbox Backup Appliance","c3d2e1f0-a9b8-4c7d-8e6f-5a4b3c2d1e0f","FolderBind","user1214@crowleydev.onmicrosoft.com","1"
"Mailbox Backup Appliance","c3d2e1f0-a9b8-4c7d-8e6f-5a4b3c2d1e0f","FolderBind","user1215@crowleydev.onmicrosoft.com","1"
"Mailbox Backup Appliance","c3d2e1f0-a9b8-4c7d-8e6f-5a4b3c2d1e0f","FolderBind","user1216@crowleydev.onmicrosoft.com","1"
"Mailbox Backup Appliance","c3d2e1f0-a9b8-4c7d-8e6f-5a4b3c2d1e0f","FolderBind","user1217@crowleydev.onmicrosoft.com","1"
"Mailbox Backup Appliance","c3d2e1f0-a9b8-4c7d-8e6f-5a4b3c2d1e0f","FolderBind","user1218@crowleydev.onmicrosoft.com","1"
"Mailbox Backup Appliance","c3d2e1f0-a9b8-4c7d-8e6f-5a4b3c2d1e0f","FolderBind","user1219@crowleydev.onmicrosoft.com","1"
"Mailbox Backup Appliance","c3d2e1f0-a9b8-4c7d-8e6f-5a4b3c2d1e0f","FolderBind","user122@crowleydev.onmicrosoft.com","1"
"Mailbox Backup Appliance","c3d2e1f0-a9b8-4c7d-8e6f-5a4b3c2d1e0f","FolderBind","user1220@crowleydev.onmicrosoft.com","1"
"Mailbox Backup Appliance","c3d2e1f0-a9b8-4c7d-8e6f-5a4b3c2d1e0f","FolderBind","user1221@crowleydev.onmicrosoft.com","1"
"Mailbox Backup Appliance","c3d2e1f0-a9b8-4c7d-8e6f-5a4b3c2d1e0f","FolderBind","user1222@crowleydev.onmicrosoft.com","1"
"Mailbox Backup Appliance","c3d2e1f0-a9b8-4c7d-8e6f-5a4b3c2d1e0f","FolderBind","user1223@crowleydev.onmicrosoft.com","1"
"Mailbox Backup Appliance","c3d2e1f0-a9b8-4c7d-8e6f-5a4b3c2d1e0f","FolderBind","user1224@crowleydev.onmicrosoft.com","1"
"Mailbox Backup Appliance","c3d2e1f0-a9b8-4c7d-8e6f-5a4b3c2d1e0f","FolderBind","user1225@crowleydev.onmicrosoft.com","1"
"Mailbox Backup Appliance","c3d2e1f0-a9b8-4c7d-8e6f-5a4b3c2d1e0f","FolderBind","user1226@crowleydev.onmicrosoft.com","1"
"Mailbox Backup Appliance","c3d2e1f0-a9b8-4c7d-8e6f-5a4b3c2d1e0f","FolderBind","user1227@crowleydev.onmicrosoft.com","1"
"Mailbox Backup Appliance","c3d2e1f0-a9b8-4c7d-8e6f-5a4b3c2d1e0f","FolderBind","user1228@crowleydev.onmicrosoft.com","1"
"Mailbox Backup Appliance","c3d2e1f0-a9b8-4c7d-8e6f-5a4b3c2d1e0f","FolderBind","user1229@crowleydev.onmicrosoft.com","1"
"Mailbox Backup Appliance","c3d2e1f0-a9b8-4c7d-8e6f-5a4b3c2d1e0f","FolderBind","user123@crowleydev.onmicrosoft.com","1"
"Mailbox Backup Appliance","c3d2e1f0-a9b8-4c7d-8e6f-5a4b3c2d1e0f","FolderBind","user1230@crowleydev.onmicrosoft.com","1"
"Mailbox Backup Appliance","c3d2e1f0-a9b8-4c7d-8e6f-5a4b3c2d1e0f","FolderBind","user1231@crowleydev.onmicrosoft.com","1"
"Mailbox Backup Appliance","c3d2e1f0-a9b8-4c7d-8e6f-5a4b3c2d1e0f","FolderBind","user1232@crowleydev.onmicrosoft.com","1"
"Mailbox Backup Appliance","c3d2e1f0-a9b8-4c7d-8e6f-5a4b3c2d1e0f","FolderBind","user1233@crowleydev.onmicrosoft.com","1"
"Mailbox Backup Appliance","c3d2e1f0-a9b8-4c7d-8e6f-5a4b3c2d1e0f","FolderBind","user1234@crowleydev.onmicrosoft.com","1"
"Mailbox Backup Appliance","c3d2e1f0-a9b8-4c7d-8e6f-5a4b3c2d1e0f","FolderBind","user1235@crowleydev.onmicrosoft.com","1"
"Mailbox Backup Appliance","c3d2e1f0-a9b8-4c7d-8e6f-5a4b3c2d1e0f","FolderBind","user1236@crowleydev.onmicrosoft.com","1"
"Mailbox Backup Appliance","c3d2e1f0-a9b8-4c7d-8e6f-5a4b3c2d1e0f","FolderBind","user1237@crowleydev.onmicrosoft.com","1"
"Mailbox Backup Appliance","c3d2e1f0-a9b8-4c7d-8e6f-5a4b3c2d1e0f","FolderBind","user1238@crowleydev.onmicrosoft.com","1"
"Mailbox Backup Appliance","c3d2e1f0-a9b8-4c7d-8e6f-5a4b3c2d1e0f","FolderBind","user1239@crowleydev.onmicrosoft.com","1"
"Mailbox Backup Appliance","c3d2e1f0-a9b8-4c7d-8e6f-5a4b3c2d1e0f","FolderBind","user124@crowleydev.onmicrosoft.com","1"
"Mailbox Backup Appliance","c3d2e1f0-a9b8-4c7d-8e6f-5a4b3c2d1e0f","FolderBind","user1240@crowleydev.onmicrosoft.com","1"
"Mailbox Backup Appliance","c3d2e1f0-a9b8-4c7d-8e6f-5a4b3c2d1e0f","FolderBind","user125@crowleydev.onmicrosoft.com","1"
"Mailbox Backup Appliance","c3d2e1f0-a9b8-4c7d-8e6f-5a4b3c2d1e0f","FolderBind","user126@crowleydev.onmicrosoft.com","1"
"Mailbox Backup Appliance","c3d2e1f0-a9b8-4c7d-8e6f-5a4b3c2d1e0f","FolderBind","user127@crowleydev.onmicrosoft.com","1"
"Mailbox Backup Appliance","c3d2e1f0-a9b8-4c7d-8e6f-5a4b3c2d1e0f","FolderBind","user128@crowleydev.onmicrosoft.com","1"
"Mailbox Backup Appliance","c3d2e1f0-a9b8-4c7d-8e6f-5a4b3c2d1e0f","FolderBind","user129@crowleydev.onmicrosoft.com","1"
"Mailbox Backup Appliance","c3d2e1f0-a9b8-4c7d-8e6f-5a4b3c2d1e0f","FolderBind","user13@crowleydev.onmicrosoft.com","1"
"Mailbox Backup Appliance","c3d2e1f0-a9b8-4c7d-8e6f-5a4b3c2d1e0f","FolderBind","user130@crowleydev.onmicrosoft.com","1"
"Mailbox Backup Appliance","c3d2e1f0-a9b8-4c7d-8e6f-5a4b3c2d1e0f","FolderBind","user131@crowleydev.onmicrosoft.com","1"
"Mailbox Backup Appliance","c3d2e1f0-a9b8-4c7d-8e6f-5a4b3c2d1e0f","FolderBind","user132@crowleydev.onmicrosoft.com","1"
"Mailbox Backup Appliance","c3d2e1f0-a9b8-4c7d-8e6f-5a4b3c2d1e0f","FolderBind","user133@crowleydev.onmicrosoft.com","1"
"Mailbox Backup Appliance","c3d2e1f0-a9b8-4c7d-8e6f-5a4b3c2d1e0f","FolderBind","user134@crowleydev.onmicrosoft.com","1"
"Mailbox Backup Appliance","c3d2e1f0-a9b8-4c7d-8e6f-5a4b3c2d1e0f","FolderBind","user135@crowleydev.onmicrosoft.com","1"
"Mailbox Backup Appliance","c3d2e1f0-a9b8-4c7d-8e6f-5a4b3c2d1e0f","FolderBind","user136@crowleydev.onmicrosoft.com","1"
"Mailbox Backup Appliance","c3d2e1f0-a9b8-4c7d-8e6f-5a4b3c2d1e0f","FolderBind","user137@crowleydev.onmicrosoft.com","1"
"Mailbox Backup Appliance","c3d2e1f0-a9b8-4c7d-8e6f-5a4b3c2d1e0f","FolderBind","user138@crowleydev.onmicrosoft.com","1"
"Mailbox Backup Appliance","c3d2e1f0-a9b8-4c7d-8e6f-5a4b3c2d1e0f","FolderBind","user139@crowleydev.onmicrosoft.com","1"
"Mailbox Backup Appliance","c3d2e1f0-a9b8-4c7d-8e6f-5a4b3c2d1e0f","FolderBind","user14@crowleydev.onmicrosoft.com","1"
"Mailbox Backup Appliance","c3d2e1f0-a9b8-4c7d-8e6f-5a4b3c2d1e0f","FolderBind","user140@crowleydev.onmicrosoft.com","1"
"Mailbox Backup Appliance","c3d2e1f0-a9b8-4c7d-8e6f-5a4b3c2d1e0f","FolderBind","user141@crowleydev.onmicrosoft.com","1"
"Mailbox Backup Appliance","c3d2e1f0-a9b8-4c7d-8e6f-5a4b3c2d1e0f","FolderBind","user142@crowleydev.onmicrosoft.com","1"
"Mailbox Backup Appliance","c3d2e1f0-a9b8-4c7d-8e6f-5a4b3c2d1e0f","FolderBind","user143@crowleydev.onmicrosoft.com","1"
"Mailbox Backup Appliance","c3d2e1f0-a9b8-4c7d-8e6f-5a4b3c2d1e0f","FolderBind","user144@crowleydev.onmicrosoft.com","1"
"Mailbox Backup Appliance","c3d2e1f0-a9b8-4c7d-8e6f-5a4b3c2d1e0f","FolderBind","user145@crowleydev.onmicrosoft.com","1"
"Mailbox Backup Appliance","c3d2e1f0-a9b8-4c7d-8e6f-5a4b3c2d1e0f","FolderBind","user146@crowleydev.onmicrosoft.com","1"
"Mailbox Backup Appliance","c3d2e1f0-a9b8-4c7d-8e6f-5a4b3c2d1e0f","FolderBind","user147@crowleydev.onmicrosoft.com","1"
"Mailbox Backup Appliance","c3d2e1f0-a9b8-4c7d-8e6f-5a4b3c2d1e0f","FolderBind","user148@crowleydev.onmicrosoft.com","1"
"Mailbox Backup Appliance","c3d2e1f0-a9b8-4c7d-8e6f-5a4b3c2d1e0f","FolderBind","user149@crowleydev.onmicrosoft.com","1"
"Mailbox Backup Appliance","c3d2e1f0-a9b8-4c7d-8e6f-5a4b3c2d1e0f","FolderBind","user15@crowleydev.onmicrosoft.com","1"
"Mailbox Backup Appliance","c3d2e1f0-a9b8-4c7d-8e6f-5a4b3c2d1e0f","FolderBind","user150@crowleydev.onmicrosoft.com","1"
"Mailbox Backup Appliance","c3d2e1f0-a9b8-4c7d-8e6f-5a4b3c2d1e0f","FolderBind","user151@crowleydev.onmicrosoft.com","1"
"Mailbox Backup Appliance","c3d2e1f0-a9b8-4c7d-8e6f-5a4b3c2d1e0f","FolderBind","user152@crowleydev.onmicrosoft.com","1"
"Mailbox Backup Appliance","c3d2e1f0-a9b8-4c7d-8e6f-5a4b3c2d1e0f","FolderBind","user153@crowleydev.onmicrosoft.com","1"
"Mailbox Backup Appliance","c3d2e1f0-a9b8-4c7d-8e6f-5a4b3c2d1e0f","FolderBind","user154@crowleydev.onmicrosoft.com","1"
"Mailbox Backup Appliance","c3d2e1f0-a9b8-4c7d-8e6f-5a4b3c2d1e0f","FolderBind","user155@crowleydev.onmicrosoft.com","1"
"Mailbox Backup Appliance","c3d2e1f0-a9b8-4c7d-8e6f-5a4b3c2d1e0f","FolderBind","user156@crowleydev.onmicrosoft.com","1"
"Mailbox Backup Appliance","c3d2e1f0-a9b8-4c7d-8e6f-5a4b3c2d1e0f","FolderBind","user157@crowleydev.onmicrosoft.com","1"
"Mailbox Backup Appliance","c3d2e1f0-a9b8-4c7d-8e6f-5a4b3c2d1e0f","FolderBind","user158@crowleydev.onmicrosoft.com","1"
"Mailbox Backup Appliance","c3d2e1f0-a9b8-4c7d-8e6f-5a4b3c2d1e0f","FolderBind","user159@crowleydev.onmicrosoft.com","1"
"Mailbox Backup Appliance","c3d2e1f0-a9b8-4c7d-8e6f-5a4b3c2d1e0f","FolderBind","user16@crowleydev.onmicrosoft.com","1"
"Mailbox Backup Appliance","c3d2e1f0-a9b8-4c7d-8e6f-5a4b3c2d1e0f","FolderBind","user160@crowleydev.onmicrosoft.com","1"
"Mailbox Backup Appliance","c3d2e1f0-a9b8-4c7d-8e6f-5a4b3c2d1e0f","FolderBind","user161@crowleydev.onmicrosoft.com","1"
"Mailbox Backup Appliance","c3d2e1f0-a9b8-4c7d-8e6f-5a4b3c2d1e0f","FolderBind","user162@crowleydev.onmicrosoft.com","1"
"Mailbox Backup Appliance","c3d2e1f0-a9b8-4c7d-8e6f-5a4b3c2d1e0f","FolderBind","user163@crowleydev.onmicrosoft.com","1"
"Mailbox Backup Appliance","c3d2e1f0-a9b8-4c7d-8e6f-5a4b3c2d1e0f","FolderBind","user164@crowleydev.onmicrosoft.com","1"
"Mailbox Backup Appliance","c3d2e1f0-a9b8-4c7d-8e6f-5a4b3c2d1e0f","FolderBind","user165@crowleydev.onmicrosoft.com","1"
"Mailbox Backup Appliance","c3d2e1f0-a9b8-4c7d-8e6f-5a4b3c2d1e0f","FolderBind","user166@crowleydev.onmicrosoft.com","1"
"Mailbox Backup Appliance","c3d2e1f0-a9b8-4c7d-8e6f-5a4b3c2d1e0f","FolderBind","user167@crowleydev.onmicrosoft.com","1"
"Mailbox Backup Appliance","c3d2e1f0-a9b8-4c7d-8e6f-5a4b3c2d1e0f","FolderBind","user168@crowleydev.onmicrosoft.com","1"
"Mailbox Backup Appliance","c3d2e1f0-a9b8-4c7d-8e6f-5a4b3c2d1e0f","FolderBind","user169@crowleydev.onmicrosoft.com","1"
"Mailbox Backup Appliance","c3d2e1f0-a9b8-4c7d-8e6f-5a4b3c2d1e0f","FolderBind","user17@crowleydev.onmicrosoft.com","1"
"Mailbox Backup Appliance","c3d2e1f0-a9b8-4c7d-8e6f-5a4b3c2d1e0f","FolderBind","user170@crowleydev.onmicrosoft.com","1"
"Mailbox Backup Appliance","c3d2e1f0-a9b8-4c7d-8e6f-5a4b3c2d1e0f","FolderBind","user171@crowleydev.onmicrosoft.com","1"
"Mailbox Backup Appliance","c3d2e1f0-a9b8-4c7d-8e6f-5a4b3c2d1e0f","FolderBind","user172@crowleydev.onmicrosoft.com","1"
"Mailbox Backup Appliance","c3d2e1f0-a9b8-4c7d-8e6f-5a4b3c2d1e0f","FolderBind","user173@crowleydev.onmicrosoft.com","1"
"Mailbox Backup Appliance","c3d2e1f0-a9b8-4c7d-8e6f-5a4b3c2d1e0f","FolderBind","user174@crowleydev.onmicrosoft.com","1"
"Mailbox Backup Appliance","c3d2e1f0-a9b8-4c7d-8e6f-5a4b3c2d1e0f","FolderBind","user175@crowleydev.onmicrosoft.com","1"
"Mailbox Backup Appliance","c3d2e1f0-a9b8-4c7d-8e6f-5a4b3c2d1e0f","FolderBind","user176@crowleydev.onmicrosoft.com","1"
"Mailbox Backup Appliance","c3d2e1f0-a9b8-4c7d-8e6f-5a4b3c2d1e0f","FolderBind","user177@crowleydev.onmicrosoft.com","1"
"Mailbox Backup Appliance","c3d2e1f0-a9b8-4c7d-8e6f-5a4b3c2d1e0f","FolderBind","user178@crowleydev.onmicrosoft.com","1"
"Mailbox Backup Appliance","c3d2e1f0-a9b8-4c7d-8e6f-5a4b3c2d1e0f","FolderBind","user179@crowleydev.onmicrosoft.com","1"
"Mailbox Backup Appliance","c3d2e1f0-a9b8-4c7d-8e6f-5a4b3c2d1e0f","FolderBind","user18@crowleydev.onmicrosoft.com","1"
"Mailbox Backup Appliance","c3d2e1f0-a9b8-4c7d-8e6f-5a4b3c2d1e0f","FolderBind","user180@crowleydev.onmicrosoft.com","1"
"Mailbox Backup Appliance","c3d2e1f0-a9b8-4c7d-8e6f-5a4b3c2d1e0f","FolderBind","user181@crowleydev.onmicrosoft.com","1"
"Mailbox Backup Appliance","c3d2e1f0-a9b8-4c7d-8e6f-5a4b3c2d1e0f","FolderBind","user182@crowleydev.onmicrosoft.com","1"
"Mailbox Backup Appliance","c3d2e1f0-a9b8-4c7d-8e6f-5a4b3c2d1e0f","FolderBind","user183@crowleydev.onmicrosoft.com","1"
"Mailbox Backup Appliance","c3d2e1f0-a9b8-4c7d-8e6f-5a4b3c2d1e0f","FolderBind","user184@crowleydev.onmicrosoft.com","1"
"Mailbox Backup Appliance","c3d2e1f0-a9b8-4c7d-8e6f-5a4b3c2d1e0f","FolderBind","user185@crowleydev.onmicrosoft.com","1"
"Mailbox Backup Appliance","c3d2e1f0-a9b8-4c7d-8e6f-5a4b3c2d1e0f","FolderBind","user186@crowleydev.onmicrosoft.com","1"
"Mailbox Backup Appliance","c3d2e1f0-a9b8-4c7d-8e6f-5a4b3c2d1e0f","FolderBind","user187@crowleydev.onmicrosoft.com","1"
"Mailbox Backup Appliance","c3d2e1f0-a9b8-4c7d-8e6f-5a4b3c2d1e0f","FolderBind","user188@crowleydev.onmicrosoft.com","1"
"Mailbox Backup Appliance","c3d2e1f0-a9b8-4c7d-8e6f-5a4b3c2d1e0f","FolderBind","user189@crowleydev.onmicrosoft.com","1"
"Mailbox Backup Appliance","c3d2e1f0-a9b8-4c7d-8e6f-5a4b3c2d1e0f","FolderBind","user19@crowleydev.onmicrosoft.com","1"
"Mailbox Backup Appliance","c3d2e1f0-a9b8-4c7d-8e6f-5a4b3c2d1e0f","FolderBind","user190@crowleydev.onmicrosoft.com","1"
"Mailbox Backup Appliance","c3d2e1f0-a9b8-4c7d-8e6f-5a4b3c2d1e0f","FolderBind","user191@crowleydev.onmicrosoft.com","1"
"Mailbox Backup Appliance","c3d2e1f0-a9b8-4c7d-8e6f-5a4b3c2d1e0f","FolderBind","user192@crowleydev.onmicrosoft.com","1"
"Mailbox Backup Appliance","c3d2e1f0-a9b8-4c7d-8e6f-5a4b3c2d1e0f","FolderBind","user193@crowleydev.onmicrosoft.com","1"
"Mailbox Backup Appliance","c3d2e1f0-a9b8-4c7d-8e6f-5a4b3c2d1e0f","FolderBind","user194@crowleydev.onmicrosoft.com","1"
"Mailbox Backup Appliance","c3d2e1f0-a9b8-4c7d-8e6f-5a4b3c2d1e0f","FolderBind","user195@crowleydev.onmicrosoft.com","1"
"Mailbox Backup Appliance","c3d2e1f0-a9b8-4c7d-8e6f-5a4b3c2d1e0f","FolderBind","user196@crowleydev.onmicrosoft.com","1"
"Mailbox Backup Appliance","c3d2e1f0-a9b8-4c7d-8e6f-5a4b3c2d1e0f","FolderBind","user197@crowleydev.onmicrosoft.com","1"
"Mailbox Backup Appliance","c3d2e1f0-a9b8-4c7d-8e6f-5a4b3c2d1e0f","FolderBind","user198@crowleydev.onmicrosoft.com","1"
"Mailbox Backup Appliance","c3d2e1f0-a9b8-4c7d-8e6f-5a4b3c2d1e0f","FolderBind","user199@crowleydev.onmicrosoft.com","1"
"Mailbox Backup Appliance","c3d2e1f0-a9b8-4c7d-8e6f-5a4b3c2d1e0f","FolderBind","user2@crowleydev.onmicrosoft.com","1"
"Mailbox Backup Appliance","c3d2e1f0-a9b8-4c7d-8e6f-5a4b3c2d1e0f","FolderBind","user20@crowleydev.onmicrosoft.com","1"
"Mailbox Backup Appliance","c3d2e1f0-a9b8-4c7d-8e6f-5a4b3c2d1e0f","FolderBind","user200@crowleydev.onmicrosoft.com","1"
"Mailbox Backup Appliance","c3d2e1f0-a9b8-4c7d-8e6f-5a4b3c2d1e0f","FolderBind","user201@crowleydev.onmicrosoft.com","1"
"Mailbox Backup Appliance","c3d2e1f0-a9b8-4c7d-8e6f-5a4b3c2d1e0f","FolderBind","user202@crowleydev.onmicrosoft.com","1"
"Mailbox Backup Appliance","c3d2e1f0-a9b8-4c7d-8e6f-5a4b3c2d1e0f","FolderBind","user203@crowleydev.onmicrosoft.com","1"
"Mailbox Backup Appliance","c3d2e1f0-a9b8-4c7d-8e6f-5a4b3c2d1e0f","FolderBind","user204@crowleydev.onmicrosoft.com","1"
"Mailbox Backup Appliance","c3d2e1f0-a9b8-4c7d-8e6f-5a4b3c2d1e0f","FolderBind","user205@crowleydev.onmicrosoft.com","1"
"Mailbox Backup Appliance","c3d2e1f0-a9b8-4c7d-8e6f-5a4b3c2d1e0f","FolderBind","user206@crowleydev.onmicrosoft.com","1"
"Mailbox Backup Appliance","c3d2e1f0-a9b8-4c7d-8e6f-5a4b3c2d1e0f","FolderBind","user207@crowleydev.onmicrosoft.com","1"
"Mailbox Backup Appliance","c3d2e1f0-a9b8-4c7d-8e6f-5a4b3c2d1e0f","FolderBind","user208@crowleydev.onmicrosoft.com","1"
"Mailbox Backup Appliance","c3d2e1f0-a9b8-4c7d-8e6f-5a4b3c2d1e0f","FolderBind","user209@crowleydev.onmicrosoft.com","1"
"Mailbox Backup Appliance","c3d2e1f0-a9b8-4c7d-8e6f-5a4b3c2d1e0f","FolderBind","user21@crowleydev.onmicrosoft.com","1"
"Mailbox Backup Appliance","c3d2e1f0-a9b8-4c7d-8e6f-5a4b3c2d1e0f","FolderBind","user210@crowleydev.onmicrosoft.com","1"
"Mailbox Backup Appliance","c3d2e1f0-a9b8-4c7d-8e6f-5a4b3c2d1e0f","FolderBind","user211@crowleydev.onmicrosoft.com","1"
"Mailbox Backup Appliance","c3d2e1f0-a9b8-4c7d-8e6f-5a4b3c2d1e0f","FolderBind","user212@crowleydev.onmicrosoft.com","1"
"Mailbox Backup Appliance","c3d2e1f0-a9b8-4c7d-8e6f-5a4b3c2d1e0f","FolderBind","user213@crowleydev.onmicrosoft.com","1"
"Mailbox Backup Appliance","c3d2e1f0-a9b8-4c7d-8e6f-5a4b3c2d1e0f","FolderBind","user214@crowleydev.onmicrosoft.com","1"
"Mailbox Backup Appliance","c3d2e1f0-a9b8-4c7d-8e6f-5a4b3c2d1e0f","FolderBind","user215@crowleydev.onmicrosoft.com","1"
"Mailbox Backup Appliance","c3d2e1f0-a9b8-4c7d-8e6f-5a4b3c2d1e0f","FolderBind","user216@crowleydev.onmicrosoft.com","1"
"Mailbox Backup Appliance","c3d2e1f0-a9b8-4c7d-8e6f-5a4b3c2d1e0f","FolderBind","user217@crowleydev.onmicrosoft.com","1"
"Mailbox Backup Appliance","c3d2e1f0-a9b8-4c7d-8e6f-5a4b3c2d1e0f","FolderBind","user218@crowleydev.onmicrosoft.com","1"
"Mailbox Backup Appliance","c3d2e1f0-a9b8-4c7d-8e6f-5a4b3c2d1e0f","FolderBind","user219@crowleydev.onmicrosoft.com","1"
"Mailbox Backup Appliance","c3d2e1f0-a9b8-4c7d-8e6f-5a4b3c2d1e0f","FolderBind","user22@crowleydev.onmicrosoft.com","1"
"Mailbox Backup Appliance","c3d2e1f0-a9b8-4c7d-8e6f-5a4b3c2d1e0f","FolderBind","user220@crowleydev.onmicrosoft.com","1"
"Mailbox Backup Appliance","c3d2e1f0-a9b8-4c7d-8e6f-5a4b3c2d1e0f","FolderBind","user221@crowleydev.onmicrosoft.com","1"
"Mailbox Backup Appliance","c3d2e1f0-a9b8-4c7d-8e6f-5a4b3c2d1e0f","FolderBind","user222@crowleydev.onmicrosoft.com","1"
"Mailbox Backup Appliance","c3d2e1f0-a9b8-4c7d-8e6f-5a4b3c2d1e0f","FolderBind","user223@crowleydev.onmicrosoft.com","1"
"Mailbox Backup Appliance","c3d2e1f0-a9b8-4c7d-8e6f-5a4b3c2d1e0f","FolderBind","user224@crowleydev.onmicrosoft.com","1"
"Mailbox Backup Appliance","c3d2e1f0-a9b8-4c7d-8e6f-5a4b3c2d1e0f","FolderBind","user225@crowleydev.onmicrosoft.com","1"
"Mailbox Backup Appliance","c3d2e1f0-a9b8-4c7d-8e6f-5a4b3c2d1e0f","FolderBind","user226@crowleydev.onmicrosoft.com","1"
"Mailbox Backup Appliance","c3d2e1f0-a9b8-4c7d-8e6f-5a4b3c2d1e0f","FolderBind","user227@crowleydev.onmicrosoft.com","1"
"Mailbox Backup Appliance","c3d2e1f0-a9b8-4c7d-8e6f-5a4b3c2d1e0f","FolderBind","user228@crowleydev.onmicrosoft.com","1"
"Mailbox Backup Appliance","c3d2e1f0-a9b8-4c7d-8e6f-5a4b3c2d1e0f","FolderBind","user229@crowleydev.onmicrosoft.com","1"
"Mailbox Backup Appliance","c3d2e1f0-a9b8-4c7d-8e6f-5a4b3c2d1e0f","FolderBind","user23@crowleydev.onmicrosoft.com","1"
"Mailbox Backup Appliance","c3d2e1f0-a9b8-4c7d-8e6f-5a4b3c2d1e0f","FolderBind","user230@crowleydev.onmicrosoft.com","1"
"Mailbox Backup Appliance","c3d2e1f0-a9b8-4c7d-8e6f-5a4b3c2d1e0f","FolderBind","user231@crowleydev.onmicrosoft.com","1"
"Mailbox Backup Appliance","c3d2e1f0-a9b8-4c7d-8e6f-5a4b3c2d1e0f","FolderBind","user232@crowleydev.onmicrosoft.com","1"
"Mailbox Backup Appliance","c3d2e1f0-a9b8-4c7d-8e6f-5a4b3c2d1e0f","FolderBind","user233@crowleydev.onmicrosoft.com","1"
"Mailbox Backup Appliance","c3d2e1f0-a9b8-4c7d-8e6f-5a4b3c2d1e0f","FolderBind","user234@crowleydev.onmicrosoft.com","1"
"Mailbox Backup Appliance","c3d2e1f0-a9b8-4c7d-8e6f-5a4b3c2d1e0f","FolderBind","user235@crowleydev.onmicrosoft.com","1"
"Mailbox Backup Appliance","c3d2e1f0-a9b8-4c7d-8e6f-5a4b3c2d1e0f","FolderBind","user236@crowleydev.onmicrosoft.com","1"
"Mailbox Backup Appliance","c3d2e1f0-a9b8-4c7d-8e6f-5a4b3c2d1e0f","FolderBind","user237@crowleydev.onmicrosoft.com","1"
"Mailbox Backup Appliance","c3d2e1f0-a9b8-4c7d-8e6f-5a4b3c2d1e0f","FolderBind","user238@crowleydev.onmicrosoft.com","1"
"Mailbox Backup Appliance","c3d2e1f0-a9b8-4c7d-8e6f-5a4b3c2d1e0f","FolderBind","user239@crowleydev.onmicrosoft.com","1"
"Mailbox Backup Appliance","c3d2e1f0-a9b8-4c7d-8e6f-5a4b3c2d1e0f","FolderBind","user24@crowleydev.onmicrosoft.com","1"
"Mailbox Backup Appliance","c3d2e1f0-a9b8-4c7d-8e6f-5a4b3c2d1e0f","FolderBind","user240@crowleydev.onmicrosoft.com","1"
"Mailbox Backup Appliance","c3d2e1f0-a9b8-4c7d-8e6f-5a4b3c2d1e0f","FolderBind","user241@crowleydev.onmicrosoft.com","1"
"Mailbox Backup Appliance","c3d2e1f0-a9b8-4c7d-8e6f-5a4b3c2d1e0f","FolderBind","user242@crowleydev.onmicrosoft.com","1"
"Mailbox Backup Appliance","c3d2e1f0-a9b8-4c7d-8e6f-5a4b3c2d1e0f","FolderBind","user243@crowleydev.onmicrosoft.com","1"
"Mailbox Backup Appliance","c3d2e1f0-a9b8-4c7d-8e6f-5a4b3c2d1e0f","FolderBind","user244@crowleydev.onmicrosoft.com","1"
"Mailbox Backup Appliance","c3d2e1f0-a9b8-4c7d-8e6f-5a4b3c2d1e0f","FolderBind","user245@crowleydev.onmicrosoft.com","1"
"Mailbox Backup Appliance","c3d2e1f0-a9b8-4c7d-8e6f-5a4b3c2d1e0f","FolderBind","user246@crowleydev.onmicrosoft.com","1"
"Mailbox Backup Appliance","c3d2e1f0-a9b8-4c7d-8e6f-5a4b3c2d1e0f","FolderBind","user247@crowleydev.onmicrosoft.com","1"
"Mailbox Backup Appliance","c3d2e1f0-a9b8-4c7d-8e6f-5a4b3c2d1e0f","FolderBind","user248@crowleydev.onmicrosoft.com","1"
"Mailbox Backup Appliance","c3d2e1f0-a9b8-4c7d-8e6f-5a4b3c2d1e0f","FolderBind","user249@crowleydev.onmicrosoft.com","1"
"Mailbox Backup Appliance","c3d2e1f0-a9b8-4c7d-8e6f-5a4b3c2d1e0f","FolderBind","user25@crowleydev.onmicrosoft.com","1"
"Mailbox Backup Appliance","c3d2e1f0-a9b8-4c7d-8e6f-5a4b3c2d1e0f","FolderBind","user250@crowleydev.onmicrosoft.com","1"
"Mailbox Backup Appliance","c3d2e1f0-a9b8-4c7d-8e6f-5a4b3c2d1e0f","FolderBind","user251@crowleydev.onmicrosoft.com","1"
"Mailbox Backup Appliance","c3d2e1f0-a9b8-4c7d-8e6f-5a4b3c2d1e0f","FolderBind","user252@crowleydev.onmicrosoft.com","1"
"Mailbox Backup Appliance","c3d2e1f0-a9b8-4c7d-8e6f-5a4b3c2d1e0f","FolderBind","user253@crowleydev.onmicrosoft.com","1"
"Mailbox Backup Appliance","c3d2e1f0-a9b8-4c7d-8e6f-5a4b3c2d1e0f","FolderBind","user254@crowleydev.onmicrosoft.com","1"
"Mailbox Backup Appliance","c3d2e1f0-a9b8-4c7d-8e6f-5a4b3c2d1e0f","FolderBind","user255@crowleydev.onmicrosoft.com","1"
"Mailbox Backup Appliance","c3d2e1f0-a9b8-4c7d-8e6f-5a4b3c2d1e0f","FolderBind","user256@crowleydev.onmicrosoft.com","1"
"Mailbox Backup Appliance","c3d2e1f0-a9b8-4c7d-8e6f-5a4b3c2d1e0f","FolderBind","user257@crowleydev.onmicrosoft.com","1"
"Mailbox Backup Appliance","c3d2e1f0-a9b8-4c7d-8e6f-5a4b3c2d1e0f","FolderBind","user258@crowleydev.onmicrosoft.com","1"
"Mailbox Backup Appliance","c3d2e1f0-a9b8-4c7d-8e6f-5a4b3c2d1e0f","FolderBind","user259@crowleydev.onmicrosoft.com","1"
"Mailbox Backup Appliance","c3d2e1f0-a9b8-4c7d-8e6f-5a4b3c2d1e0f","FolderBind","user26@crowleydev.onmicrosoft.com","1"
"Mailbox Backup Appliance","c3d2e1f0-a9b8-4c7d-8e6f-5a4b3c2d1e0f","FolderBind","user260@crowleydev.onmicrosoft.com","1"
"Mailbox Backup Appliance","c3d2e1f0-a9b8-4c7d-8e6f-5a4b3c2d1e0f","FolderBind","user261@crowleydev.onmicrosoft.com","1"
"Mailbox Backup Appliance","c3d2e1f0-a9b8-4c7d-8e6f-5a4b3c2d1e0f","FolderBind","user262@crowleydev.onmicrosoft.com","1"
"Mailbox Backup Appliance","c3d2e1f0-a9b8-4c7d-8e6f-5a4b3c2d1e0f","FolderBind","user263@crowleydev.onmicrosoft.com","1"
"Mailbox Backup Appliance","c3d2e1f0-a9b8-4c7d-8e6f-5a4b3c2d1e0f","FolderBind","user264@crowleydev.onmicrosoft.com","1"
"Mailbox Backup Appliance","c3d2e1f0-a9b8-4c7d-8e6f-5a4b3c2d1e0f","FolderBind","user265@crowleydev.onmicrosoft.com","1"
"Mailbox Backup Appliance","c3d2e1f0-a9b8-4c7d-8e6f-5a4b3c2d1e0f","FolderBind","user266@crowleydev.onmicrosoft.com","1"
"Mailbox Backup Appliance","c3d2e1f0-a9b8-4c7d-8e6f-5a4b3c2d1e0f","FolderBind","user267@crowleydev.onmicrosoft.com","1"
"Mailbox Backup Appliance","c3d2e1f0-a9b8-4c7d-8e6f-5a4b3c2d1e0f","FolderBind","user268@crowleydev.onmicrosoft.com","1"
"Mailbox Backup Appliance","c3d2e1f0-a9b8-4c7d-8e6f-5a4b3c2d1e0f","FolderBind","user269@crowleydev.onmicrosoft.com","1"
"Mailbox Backup Appliance","c3d2e1f0-a9b8-4c7d-8e6f-5a4b3c2d1e0f","FolderBind","user27@crowleydev.onmicrosoft.com","1"
"Mailbox Backup Appliance","c3d2e1f0-a9b8-4c7d-8e6f-5a4b3c2d1e0f","FolderBind","user270@crowleydev.onmicrosoft.com","1"
"Mailbox Backup Appliance","c3d2e1f0-a9b8-4c7d-8e6f-5a4b3c2d1e0f","FolderBind","user271@crowleydev.onmicrosoft.com","1"
"Mailbox Backup Appliance","c3d2e1f0-a9b8-4c7d-8e6f-5a4b3c2d1e0f","FolderBind","user272@crowleydev.onmicrosoft.com","1"
"Mailbox Backup Appliance","c3d2e1f0-a9b8-4c7d-8e6f-5a4b3c2d1e0f","FolderBind","user273@crowleydev.onmicrosoft.com","1"
"Mailbox Backup Appliance","c3d2e1f0-a9b8-4c7d-8e6f-5a4b3c2d1e0f","FolderBind","user274@crowleydev.onmicrosoft.com","1"
"Mailbox Backup Appliance","c3d2e1f0-a9b8-4c7d-8e6f-5a4b3c2d1e0f","FolderBind","user275@crowleydev.onmicrosoft.com","1"
"Mailbox Backup Appliance","c3d2e1f0-a9b8-4c7d-8e6f-5a4b3c2d1e0f","FolderBind","user276@crowleydev.onmicrosoft.com","1"
"Mailbox Backup Appliance","c3d2e1f0-a9b8-4c7d-8e6f-5a4b3c2d1e0f","FolderBind","user277@crowleydev.onmicrosoft.com","1"
"Mailbox Backup Appliance","c3d2e1f0-a9b8-4c7d-8e6f-5a4b3c2d1e0f","FolderBind","user278@crowleydev.onmicrosoft.com","1"
"Mailbox Backup Appliance","c3d2e1f0-a9b8-4c7d-8e6f-5a4b3c2d1e0f","FolderBind","user279@crowleydev.onmicrosoft.com","1"
"Mailbox Backup Appliance","c3d2e1f0-a9b8-4c7d-8e6f-5a4b3c2d1e0f","FolderBind","user28@crowleydev.onmicrosoft.com","1"
"Mailbox Backup Appliance","c3d2e1f0-a9b8-4c7d-8e6f-5a4b3c2d1e0f","FolderBind","user280@crowleydev.onmicrosoft.com","1"
"Mailbox Backup Appliance","c3d2e1f0-a9b8-4c7d-8e6f-5a4b3c2d1e0f","FolderBind","user281@crowleydev.onmicrosoft.com","1"
"Mailbox Backup Appliance","c3d2e1f0-a9b8-4c7d-8e6f-5a4b3c2d1e0f","FolderBind","user282@crowleydev.onmicrosoft.com","1"
"Mailbox Backup Appliance","c3d2e1f0-a9b8-4c7d-8e6f-5a4b3c2d1e0f","FolderBind","user283@crowleydev.onmicrosoft.com","1"
"Mailbox Backup Appliance","c3d2e1f0-a9b8-4c7d-8e6f-5a4b3c2d1e0f","FolderBind","user284@crowleydev.onmicrosoft.com","1"
"Mailbox Backup Appliance","c3d2e1f0-a9b8-4c7d-8e6f-5a4b3c2d1e0f","FolderBind","user285@crowleydev.onmicrosoft.com","1"
"Mailbox Backup Appliance","c3d2e1f0-a9b8-4c7d-8e6f-5a4b3c2d1e0f","FolderBind","user286@crowleydev.onmicrosoft.com","1"
"Mailbox Backup Appliance","c3d2e1f0-a9b8-4c7d-8e6f-5a4b3c2d1e0f","FolderBind","user287@crowleydev.onmicrosoft.com","1"
"Mailbox Backup Appliance","c3d2e1f0-a9b8-4c7d-8e6f-5a4b3c2d1e0f","FolderBind","user288@crowleydev.onmicrosoft.com","1"
"Mailbox Backup Appliance","c3d2e1f0-a9b8-4c7d-8e6f-5a4b3c2d1e0f","FolderBind","user289@crowleydev.onmicrosoft.com","1"
"Mailbox Backup Appliance","c3d2e1f0-a9b8-4c7d-8e6f-5a4b3c2d1e0f","FolderBind","user29@crowleydev.onmicrosoft.com","1"
"Mailbox Backup Appliance","c3d2e1f0-a9b8-4c7d-8e6f-5a4b3c2d1e0f","FolderBind","user290@crowleydev.onmicrosoft.com","1"
"Mailbox Backup Appliance","c3d2e1f0-a9b8-4c7d-8e6f-5a4b3c2d1e0f","FolderBind","user291@crowleydev.onmicrosoft.com","1"
"Mailbox Backup Appliance","c3d2e1f0-a9b8-4c7d-8e6f-5a4b3c2d1e0f","FolderBind","user292@crowleydev.onmicrosoft.com","1"
"Mailbox Backup Appliance","c3d2e1f0-a9b8-4c7d-8e6f-5a4b3c2d1e0f","FolderBind","user293@crowleydev.onmicrosoft.com","1"
"Mailbox Backup Appliance","c3d2e1f0-a9b8-4c7d-8e6f-5a4b3c2d1e0f","FolderBind","user294@crowleydev.onmicrosoft.com","1"
"Mailbox Backup Appliance","c3d2e1f0-a9b8-4c7d-8e6f-5a4b3c2d1e0f","FolderBind","user295@crowleydev.onmicrosoft.com","1"
"Mailbox Backup Appliance","c3d2e1f0-a9b8-4c7d-8e6f-5a4b3c2d1e0f","FolderBind","user296@crowleydev.onmicrosoft.com","1"
"Mailbox Backup Appliance","c3d2e1f0-a9b8-4c7d-8e6f-5a4b3c2d1e0f","FolderBind","user297@crowleydev.onmicrosoft.com","1"
"Mailbox Backup Appliance","c3d2e1f0-a9b8-4c7d-8e6f-5a4b3c2d1e0f","FolderBind","user298@crowleydev.onmicrosoft.com","1"
"Mailbox Backup Appliance","c3d2e1f0-a9b8-4c7d-8e6f-5a4b3c2d1e0f","FolderBind","user299@crowleydev.onmicrosoft.com","1"
"Mailbox Backup Appliance","c3d2e1f0-a9b8-4c7d-8e6f-5a4b3c2d1e0f","FolderBind","user3@crowleydev.onmicrosoft.com","1"
"Mailbox Backup Appliance","c3d2e1f0-a9b8-4c7d-8e6f-5a4b3c2d1e0f","FolderBind","user30@crowleydev.onmicrosoft.com","1"
"Mailbox Backup Appliance","c3d2e1f0-a9b8-4c7d-8e6f-5a4b3c2d1e0f","FolderBind","user300@crowleydev.onmicrosoft.com","1"
"Mailbox Backup Appliance","c3d2e1f0-a9b8-4c7d-8e6f-5a4b3c2d1e0f","FolderBind","user301@crowleydev.onmicrosoft.com","1"
"Mailbox Backup Appliance","c3d2e1f0-a9b8-4c7d-8e6f-5a4b3c2d1e0f","FolderBind","user302@crowleydev.onmicrosoft.com","1"
"Mailbox Backup Appliance","c3d2e1f0-a9b8-4c7d-8e6f-5a4b3c2d1e0f","FolderBind","user303@crowleydev.onmicrosoft.com","1"
"Mailbox Backup Appliance","c3d2e1f0-a9b8-4c7d-8e6f-5a4b3c2d1e0f","FolderBind","user304@crowleydev.onmicrosoft.com","1"
"Mailbox Backup Appliance","c3d2e1f0-a9b8-4c7d-8e6f-5a4b3c2d1e0f","FolderBind","user305@crowleydev.onmicrosoft.com","1"
"Mailbox Backup Appliance","c3d2e1f0-a9b8-4c7d-8e6f-5a4b3c2d1e0f","FolderBind","user306@crowleydev.onmicrosoft.com","1"
"Mailbox Backup Appliance","c3d2e1f0-a9b8-4c7d-8e6f-5a4b3c2d1e0f","FolderBind","user307@crowleydev.onmicrosoft.com","1"
"Mailbox Backup Appliance","c3d2e1f0-a9b8-4c7d-8e6f-5a4b3c2d1e0f","FolderBind","user308@crowleydev.onmicrosoft.com","1"
"Mailbox Backup Appliance","c3d2e1f0-a9b8-4c7d-8e6f-5a4b3c2d1e0f","FolderBind","user309@crowleydev.onmicrosoft.com","1"
"Mailbox Backup Appliance","c3d2e1f0-a9b8-4c7d-8e6f-5a4b3c2d1e0f","FolderBind","user31@crowleydev.onmicrosoft.com","1"
"Mailbox Backup Appliance","c3d2e1f0-a9b8-4c7d-8e6f-5a4b3c2d1e0f","FolderBind","user310@crowleydev.onmicrosoft.com","1"
"Mailbox Backup Appliance","c3d2e1f0-a9b8-4c7d-8e6f-5a4b3c2d1e0f","FolderBind","user311@crowleydev.onmicrosoft.com","1"
"Mailbox Backup Appliance","c3d2e1f0-a9b8-4c7d-8e6f-5a4b3c2d1e0f","FolderBind","user312@crowleydev.onmicrosoft.com","1"
"Mailbox Backup Appliance","c3d2e1f0-a9b8-4c7d-8e6f-5a4b3c2d1e0f","FolderBind","user313@crowleydev.onmicrosoft.com","1"
"Mailbox Backup Appliance","c3d2e1f0-a9b8-4c7d-8e6f-5a4b3c2d1e0f","FolderBind","user314@crowleydev.onmicrosoft.com","1"
"Mailbox Backup Appliance","c3d2e1f0-a9b8-4c7d-8e6f-5a4b3c2d1e0f","FolderBind","user315@crowleydev.onmicrosoft.com","1"
"Mailbox Backup Appliance","c3d2e1f0-a9b8-4c7d-8e6f-5a4b3c2d1e0f","FolderBind","user316@crowleydev.onmicrosoft.com","1"
"Mailbox Backup Appliance","c3d2e1f0-a9b8-4c7d-8e6f-5a4b3c2d1e0f","FolderBind","user317@crowleydev.onmicrosoft.com","1"
"Mailbox Backup Appliance","c3d2e1f0-a9b8-4c7d-8e6f-5a4b3c2d1e0f","FolderBind","user318@crowleydev.onmicrosoft.com","1"
"Mailbox Backup Appliance","c3d2e1f0-a9b8-4c7d-8e6f-5a4b3c2d1e0f","FolderBind","user319@crowleydev.onmicrosoft.com","1"
"Mailbox Backup Appliance","c3d2e1f0-a9b8-4c7d-8e6f-5a4b3c2d1e0f","FolderBind","user32@crowleydev.onmicrosoft.com","1"
"Mailbox Backup Appliance","c3d2e1f0-a9b8-4c7d-8e6f-5a4b3c2d1e0f","FolderBind","user320@crowleydev.onmicrosoft.com","1"
"Mailbox Backup Appliance","c3d2e1f0-a9b8-4c7d-8e6f-5a4b3c2d1e0f","FolderBind","user321@crowleydev.onmicrosoft.com","1"
"Mailbox Backup Appliance","c3d2e1f0-a9b8-4c7d-8e6f-5a4b3c2d1e0f","FolderBind","user322@crowleydev.onmicrosoft.com","1"
"Mailbox Backup Appliance","c3d2e1f0-a9b8-4c7d-8e6f-5a4b3c2d1e0f","FolderBind","user323@crowleydev.onmicrosoft.com","1"
"Mailbox Backup Appliance","c3d2e1f0-a9b8-4c7d-8e6f-5a4b3c2d1e0f","FolderBind","user324@crowleydev.onmicrosoft.com","1"
"Mailbox Backup Appliance","c3d2e1f0-a9b8-4c7d-8e6f-5a4b3c2d1e0f","FolderBind","user325@crowleydev.onmicrosoft.com","1"
"Mailbox Backup Appliance","c3d2e1f0-a9b8-4c7d-8e6f-5a4b3c2d1e0f","FolderBind","user326@crowleydev.onmicrosoft.com","1"
"Mailbox Backup Appliance","c3d2e1f0-a9b8-4c7d-8e6f-5a4b3c2d1e0f","FolderBind","user327@crowleydev.onmicrosoft.com","1"
"Mailbox Backup Appliance","c3d2e1f0-a9b8-4c7d-8e6f-5a4b3c2d1e0f","FolderBind","user328@crowleydev.onmicrosoft.com","1"
"Mailbox Backup Appliance","c3d2e1f0-a9b8-4c7d-8e6f-5a4b3c2d1e0f","FolderBind","user329@crowleydev.onmicrosoft.com","1"
"Mailbox Backup Appliance","c3d2e1f0-a9b8-4c7d-8e6f-5a4b3c2d1e0f","FolderBind","user33@crowleydev.onmicrosoft.com","1"
"Mailbox Backup Appliance","c3d2e1f0-a9b8-4c7d-8e6f-5a4b3c2d1e0f","FolderBind","user330@crowleydev.onmicrosoft.com","1"
"Mailbox Backup Appliance","c3d2e1f0-a9b8-4c7d-8e6f-5a4b3c2d1e0f","FolderBind","user331@crowleydev.onmicrosoft.com","1"
"Mailbox Backup Appliance","c3d2e1f0-a9b8-4c7d-8e6f-5a4b3c2d1e0f","FolderBind","user332@crowleydev.onmicrosoft.com","1"
"Mailbox Backup Appliance","c3d2e1f0-a9b8-4c7d-8e6f-5a4b3c2d1e0f","FolderBind","user333@crowleydev.onmicrosoft.com","1"
"Mailbox Backup Appliance","c3d2e1f0-a9b8-4c7d-8e6f-5a4b3c2d1e0f","FolderBind","user334@crowleydev.onmicrosoft.com","1"
"Mailbox Backup Appliance","c3d2e1f0-a9b8-4c7d-8e6f-5a4b3c2d1e0f","FolderBind","user335@crowleydev.onmicrosoft.com","1"
"Mailbox Backup Appliance","c3d2e1f0-a9b8-4c7d-8e6f-5a4b3c2d1e0f","FolderBind","user336@crowleydev.onmicrosoft.com","1"
"Mailbox Backup Appliance","c3d2e1f0-a9b8-4c7d-8e6f-5a4b3c2d1e0f","FolderBind","user337@crowleydev.onmicrosoft.com","1"
"Mailbox Backup Appliance","c3d2e1f0-a9b8-4c7d-8e6f-5a4b3c2d1e0f","FolderBind","user338@crowleydev.onmicrosoft.com","1"
"Mailbox Backup Appliance","c3d2e1f0-a9b8-4c7d-8e6f-5a4b3c2d1e0f","FolderBind","user339@crowleydev.onmicrosoft.com","1"
"Mailbox Backup Appliance","c3d2e1f0-a9b8-4c7d-8e6f-5a4b3c2d1e0f","FolderBind","user34@crowleydev.onmicrosoft.com","1"
"Mailbox Backup Appliance","c3d2e1f0-a9b8-4c7d-8e6f-5a4b3c2d1e0f","FolderBind","user340@crowleydev.onmicrosoft.com","1"
"Mailbox Backup Appliance","c3d2e1f0-a9b8-4c7d-8e6f-5a4b3c2d1e0f","FolderBind","user341@crowleydev.onmicrosoft.com","1"
"Mailbox Backup Appliance","c3d2e1f0-a9b8-4c7d-8e6f-5a4b3c2d1e0f","FolderBind","user342@crowleydev.onmicrosoft.com","1"
"Mailbox Backup Appliance","c3d2e1f0-a9b8-4c7d-8e6f-5a4b3c2d1e0f","FolderBind","user343@crowleydev.onmicrosoft.com","1"
"Mailbox Backup Appliance","c3d2e1f0-a9b8-4c7d-8e6f-5a4b3c2d1e0f","FolderBind","user344@crowleydev.onmicrosoft.com","1"
"Mailbox Backup Appliance","c3d2e1f0-a9b8-4c7d-8e6f-5a4b3c2d1e0f","FolderBind","user345@crowleydev.onmicrosoft.com","1"
"Mailbox Backup Appliance","c3d2e1f0-a9b8-4c7d-8e6f-5a4b3c2d1e0f","FolderBind","user346@crowleydev.onmicrosoft.com","1"
"Mailbox Backup Appliance","c3d2e1f0-a9b8-4c7d-8e6f-5a4b3c2d1e0f","FolderBind","user347@crowleydev.onmicrosoft.com","1"
"Mailbox Backup Appliance","c3d2e1f0-a9b8-4c7d-8e6f-5a4b3c2d1e0f","FolderBind","user348@crowleydev.onmicrosoft.com","1"
"Mailbox Backup Appliance","c3d2e1f0-a9b8-4c7d-8e6f-5a4b3c2d1e0f","FolderBind","user349@crowleydev.onmicrosoft.com","1"
"Mailbox Backup Appliance","c3d2e1f0-a9b8-4c7d-8e6f-5a4b3c2d1e0f","FolderBind","user35@crowleydev.onmicrosoft.com","1"
"Mailbox Backup Appliance","c3d2e1f0-a9b8-4c7d-8e6f-5a4b3c2d1e0f","FolderBind","user350@crowleydev.onmicrosoft.com","1"
"Mailbox Backup Appliance","c3d2e1f0-a9b8-4c7d-8e6f-5a4b3c2d1e0f","FolderBind","user351@crowleydev.onmicrosoft.com","1"
"Mailbox Backup Appliance","c3d2e1f0-a9b8-4c7d-8e6f-5a4b3c2d1e0f","FolderBind","user352@crowleydev.onmicrosoft.com","1"
"Mailbox Backup Appliance","c3d2e1f0-a9b8-4c7d-8e6f-5a4b3c2d1e0f","FolderBind","user353@crowleydev.onmicrosoft.com","1"
"Mailbox Backup Appliance","c3d2e1f0-a9b8-4c7d-8e6f-5a4b3c2d1e0f","FolderBind","user354@crowleydev.onmicrosoft.com","1"
"Mailbox Backup Appliance","c3d2e1f0-a9b8-4c7d-8e6f-5a4b3c2d1e0f","FolderBind","user355@crowleydev.onmicrosoft.com","1"
"Mailbox Backup Appliance","c3d2e1f0-a9b8-4c7d-8e6f-5a4b3c2d1e0f","FolderBind","user356@crowleydev.onmicrosoft.com","1"
"Mailbox Backup Appliance","c3d2e1f0-a9b8-4c7d-8e6f-5a4b3c2d1e0f","FolderBind","user357@crowleydev.onmicrosoft.com","1"
"Mailbox Backup Appliance","c3d2e1f0-a9b8-4c7d-8e6f-5a4b3c2d1e0f","FolderBind","user358@crowleydev.onmicrosoft.com","1"
"Mailbox Backup Appliance","c3d2e1f0-a9b8-4c7d-8e6f-5a4b3c2d1e0f","FolderBind","user359@crowleydev.onmicrosoft.com","1"
"Mailbox Backup Appliance","c3d2e1f0-a9b8-4c7d-8e6f-5a4b3c2d1e0f","FolderBind","user36@crowleydev.onmicrosoft.com","1"
"Mailbox Backup Appliance","c3d2e1f0-a9b8-4c7d-8e6f-5a4b3c2d1e0f","FolderBind","user360@crowleydev.onmicrosoft.com","1"
"Mailbox Backup Appliance","c3d2e1f0-a9b8-4c7d-8e6f-5a4b3c2d1e0f","FolderBind","user361@crowleydev.onmicrosoft.com","1"
"Mailbox Backup Appliance","c3d2e1f0-a9b8-4c7d-8e6f-5a4b3c2d1e0f","FolderBind","user362@crowleydev.onmicrosoft.com","1"
"Mailbox Backup Appliance","c3d2e1f0-a9b8-4c7d-8e6f-5a4b3c2d1e0f","FolderBind","user363@crowleydev.onmicrosoft.com","1"
"Mailbox Backup Appliance","c3d2e1f0-a9b8-4c7d-8e6f-5a4b3c2d1e0f","FolderBind","user364@crowleydev.onmicrosoft.com","1"
"Mailbox Backup Appliance","c3d2e1f0-a9b8-4c7d-8e6f-5a4b3c2d1e0f","FolderBind","user365@crowleydev.onmicrosoft.com","1"
"Mailbox Backup Appliance","c3d2e1f0-a9b8-4c7d-8e6f-5a4b3c2d1e0f","FolderBind","user366@crowleydev.onmicrosoft.com","1"
"Mailbox Backup Appliance","c3d2e1f0-a9b8-4c7d-8e6f-5a4b3c2d1e0f","FolderBind","user367@crowleydev.onmicrosoft.com","1"
"Mailbox Backup Appliance","c3d2e1f0-a9b8-4c7d-8e6f-5a4b3c2d1e0f","FolderBind","user368@crowleydev.onmicrosoft.com","1"
"Mailbox Backup Appliance","c3d2e1f0-a9b8-4c7d-8e6f-5a4b3c2d1e0f","FolderBind","user369@crowleydev.onmicrosoft.com","1"
"Mailbox Backup Appliance","c3d2e1f0-a9b8-4c7d-8e6f-5a4b3c2d1e0f","FolderBind","user37@crowleydev.onmicrosoft.com","1"
"Mailbox Backup Appliance","c3d2e1f0-a9b8-4c7d-8e6f-5a4b3c2d1e0f","FolderBind","user370@crowleydev.onmicrosoft.com","1"
"Mailbox Backup Appliance","c3d2e1f0-a9b8-4c7d-8e6f-5a4b3c2d1e0f","FolderBind","user371@crowleydev.onmicrosoft.com","1"
"Mailbox Backup Appliance","c3d2e1f0-a9b8-4c7d-8e6f-5a4b3c2d1e0f","FolderBind","user372@crowleydev.onmicrosoft.com","1"
"Mailbox Backup Appliance","c3d2e1f0-a9b8-4c7d-8e6f-5a4b3c2d1e0f","FolderBind","user373@crowleydev.onmicrosoft.com","1"
"Mailbox Backup Appliance","c3d2e1f0-a9b8-4c7d-8e6f-5a4b3c2d1e0f","FolderBind","user374@crowleydev.onmicrosoft.com","1"
"Mailbox Backup Appliance","c3d2e1f0-a9b8-4c7d-8e6f-5a4b3c2d1e0f","FolderBind","user375@crowleydev.onmicrosoft.com","1"
"Mailbox Backup Appliance","c3d2e1f0-a9b8-4c7d-8e6f-5a4b3c2d1e0f","FolderBind","user376@crowleydev.onmicrosoft.com","1"
"Mailbox Backup Appliance","c3d2e1f0-a9b8-4c7d-8e6f-5a4b3c2d1e0f","FolderBind","user377@crowleydev.onmicrosoft.com","1"
"Mailbox Backup Appliance","c3d2e1f0-a9b8-4c7d-8e6f-5a4b3c2d1e0f","FolderBind","user378@crowleydev.onmicrosoft.com","1"
"Mailbox Backup Appliance","c3d2e1f0-a9b8-4c7d-8e6f-5a4b3c2d1e0f","FolderBind","user379@crowleydev.onmicrosoft.com","1"
"Mailbox Backup Appliance","c3d2e1f0-a9b8-4c7d-8e6f-5a4b3c2d1e0f","FolderBind","user38@crowleydev.onmicrosoft.com","1"
"Mailbox Backup Appliance","c3d2e1f0-a9b8-4c7d-8e6f-5a4b3c2d1e0f","FolderBind","user380@crowleydev.onmicrosoft.com","1"
"Mailbox Backup Appliance","c3d2e1f0-a9b8-4c7d-8e6f-5a4b3c2d1e0f","FolderBind","user381@crowleydev.onmicrosoft.com","1"
"Mailbox Backup Appliance","c3d2e1f0-a9b8-4c7d-8e6f-5a4b3c2d1e0f","FolderBind","user382@crowleydev.onmicrosoft.com","1"
"Mailbox Backup Appliance","c3d2e1f0-a9b8-4c7d-8e6f-5a4b3c2d1e0f","FolderBind","user383@crowleydev.onmicrosoft.com","1"
"Mailbox Backup Appliance","c3d2e1f0-a9b8-4c7d-8e6f-5a4b3c2d1e0f","FolderBind","user384@crowleydev.onmicrosoft.com","1"
"Mailbox Backup Appliance","c3d2e1f0-a9b8-4c7d-8e6f-5a4b3c2d1e0f","FolderBind","user385@crowleydev.onmicrosoft.com","1"
"Mailbox Backup Appliance","c3d2e1f0-a9b8-4c7d-8e6f-5a4b3c2d1e0f","FolderBind","user386@crowleydev.onmicrosoft.com","1"
"Mailbox Backup Appliance","c3d2e1f0-a9b8-4c7d-8e6f-5a4b3c2d1e0f","FolderBind","user387@crowleydev.onmicrosoft.com","1"
"Mailbox Backup Appliance","c3d2e1f0-a9b8-4c7d-8e6f-5a4b3c2d1e0f","FolderBind","user388@crowleydev.onmicrosoft.com","1"
"Mailbox Backup Appliance","c3d2e1f0-a9b8-4c7d-8e6f-5a4b3c2d1e0f","FolderBind","user389@crowleydev.onmicrosoft.com","1"
"Mailbox Backup Appliance","c3d2e1f0-a9b8-4c7d-8e6f-5a4b3c2d1e0f","FolderBind","user39@crowleydev.onmicrosoft.com","1"
"Mailbox Backup Appliance","c3d2e1f0-a9b8-4c7d-8e6f-5a4b3c2d1e0f","FolderBind","user390@crowleydev.onmicrosoft.com","1"
"Mailbox Backup Appliance","c3d2e1f0-a9b8-4c7d-8e6f-5a4b3c2d1e0f","FolderBind","user391@crowleydev.onmicrosoft.com","1"
"Mailbox Backup Appliance","c3d2e1f0-a9b8-4c7d-8e6f-5a4b3c2d1e0f","FolderBind","user392@crowleydev.onmicrosoft.com","1"
"Mailbox Backup Appliance","c3d2e1f0-a9b8-4c7d-8e6f-5a4b3c2d1e0f","FolderBind","user393@crowleydev.onmicrosoft.com","1"
"Mailbox Backup Appliance","c3d2e1f0-a9b8-4c7d-8e6f-5a4b3c2d1e0f","FolderBind","user394@crowleydev.onmicrosoft.com","1"
"Mailbox Backup Appliance","c3d2e1f0-a9b8-4c7d-8e6f-5a4b3c2d1e0f","FolderBind","user395@crowleydev.onmicrosoft.com","1"
"Mailbox Backup Appliance","c3d2e1f0-a9b8-4c7d-8e6f-5a4b3c2d1e0f","FolderBind","user396@crowleydev.onmicrosoft.com","1"
"Mailbox Backup Appliance","c3d2e1f0-a9b8-4c7d-8e6f-5a4b3c2d1e0f","FolderBind","user397@crowleydev.onmicrosoft.com","1"
"Mailbox Backup Appliance","c3d2e1f0-a9b8-4c7d-8e6f-5a4b3c2d1e0f","FolderBind","user398@crowleydev.onmicrosoft.com","1"
"Mailbox Backup Appliance","c3d2e1f0-a9b8-4c7d-8e6f-5a4b3c2d1e0f","FolderBind","user399@crowleydev.onmicrosoft.com","1"
"Mailbox Backup Appliance","c3d2e1f0-a9b8-4c7d-8e6f-5a4b3c2d1e0f","FolderBind","user4@crowleydev.onmicrosoft.com","1"
"Mailbox Backup Appliance","c3d2e1f0-a9b8-4c7d-8e6f-5a4b3c2d1e0f","FolderBind","user40@crowleydev.onmicrosoft.com","1"
"Mailbox Backup Appliance","c3d2e1f0-a9b8-4c7d-8e6f-5a4b3c2d1e0f","FolderBind","user400@crowleydev.onmicrosoft.com","1"
"Mailbox Backup Appliance","c3d2e1f0-a9b8-4c7d-8e6f-5a4b3c2d1e0f","FolderBind","user401@crowleydev.onmicrosoft.com","1"
"Mailbox Backup Appliance","c3d2e1f0-a9b8-4c7d-8e6f-5a4b3c2d1e0f","FolderBind","user402@crowleydev.onmicrosoft.com","1"
"Mailbox Backup Appliance","c3d2e1f0-a9b8-4c7d-8e6f-5a4b3c2d1e0f","FolderBind","user403@crowleydev.onmicrosoft.com","1"
"Mailbox Backup Appliance","c3d2e1f0-a9b8-4c7d-8e6f-5a4b3c2d1e0f","FolderBind","user404@crowleydev.onmicrosoft.com","1"
"Mailbox Backup Appliance","c3d2e1f0-a9b8-4c7d-8e6f-5a4b3c2d1e0f","FolderBind","user405@crowleydev.onmicrosoft.com","1"
"Mailbox Backup Appliance","c3d2e1f0-a9b8-4c7d-8e6f-5a4b3c2d1e0f","FolderBind","user406@crowleydev.onmicrosoft.com","1"
"Mailbox Backup Appliance","c3d2e1f0-a9b8-4c7d-8e6f-5a4b3c2d1e0f","FolderBind","user407@crowleydev.onmicrosoft.com","1"
"Mailbox Backup Appliance","c3d2e1f0-a9b8-4c7d-8e6f-5a4b3c2d1e0f","FolderBind","user408@crowleydev.onmicrosoft.com","1"
"Mailbox Backup Appliance","c3d2e1f0-a9b8-4c7d-8e6f-5a4b3c2d1e0f","FolderBind","user409@crowleydev.onmicrosoft.com","1"
"Mailbox Backup Appliance","c3d2e1f0-a9b8-4c7d-8e6f-5a4b3c2d1e0f","FolderBind","user41@crowleydev.onmicrosoft.com","1"
"Mailbox Backup Appliance","c3d2e1f0-a9b8-4c7d-8e6f-5a4b3c2d1e0f","FolderBind","user410@crowleydev.onmicrosoft.com","1"
"Mailbox Backup Appliance","c3d2e1f0-a9b8-4c7d-8e6f-5a4b3c2d1e0f","FolderBind","user411@crowleydev.onmicrosoft.com","1"
"Mailbox Backup Appliance","c3d2e1f0-a9b8-4c7d-8e6f-5a4b3c2d1e0f","FolderBind","user412@crowleydev.onmicrosoft.com","1"
"Mailbox Backup Appliance","c3d2e1f0-a9b8-4c7d-8e6f-5a4b3c2d1e0f","FolderBind","user413@crowleydev.onmicrosoft.com","1"
"Mailbox Backup Appliance","c3d2e1f0-a9b8-4c7d-8e6f-5a4b3c2d1e0f","FolderBind","user414@crowleydev.onmicrosoft.com","1"
"Mailbox Backup Appliance","c3d2e1f0-a9b8-4c7d-8e6f-5a4b3c2d1e0f","FolderBind","user415@crowleydev.onmicrosoft.com","1"
"Mailbox Backup Appliance","c3d2e1f0-a9b8-4c7d-8e6f-5a4b3c2d1e0f","FolderBind","user416@crowleydev.onmicrosoft.com","1"
"Mailbox Backup Appliance","c3d2e1f0-a9b8-4c7d-8e6f-5a4b3c2d1e0f","FolderBind","user417@crowleydev.onmicrosoft.com","1"
"Mailbox Backup Appliance","c3d2e1f0-a9b8-4c7d-8e6f-5a4b3c2d1e0f","FolderBind","user418@crowleydev.onmicrosoft.com","1"
"Mailbox Backup Appliance","c3d2e1f0-a9b8-4c7d-8e6f-5a4b3c2d1e0f","FolderBind","user419@crowleydev.onmicrosoft.com","1"
"Mailbox Backup Appliance","c3d2e1f0-a9b8-4c7d-8e6f-5a4b3c2d1e0f","FolderBind","user42@crowleydev.onmicrosoft.com","1"
"Mailbox Backup Appliance","c3d2e1f0-a9b8-4c7d-8e6f-5a4b3c2d1e0f","FolderBind","user420@crowleydev.onmicrosoft.com","1"
"Mailbox Backup Appliance","c3d2e1f0-a9b8-4c7d-8e6f-5a4b3c2d1e0f","FolderBind","user421@crowleydev.onmicrosoft.com","1"
"Mailbox Backup Appliance","c3d2e1f0-a9b8-4c7d-8e6f-5a4b3c2d1e0f","FolderBind","user422@crowleydev.onmicrosoft.com","1"
"Mailbox Backup Appliance","c3d2e1f0-a9b8-4c7d-8e6f-5a4b3c2d1e0f","FolderBind","user423@crowleydev.onmicrosoft.com","1"
"Mailbox Backup Appliance","c3d2e1f0-a9b8-4c7d-8e6f-5a4b3c2d1e0f","FolderBind","user424@crowleydev.onmicrosoft.com","1"
"Mailbox Backup Appliance","c3d2e1f0-a9b8-4c7d-8e6f-5a4b3c2d1e0f","FolderBind","user425@crowleydev.onmicrosoft.com","1"
"Mailbox Backup Appliance","c3d2e1f0-a9b8-4c7d-8e6f-5a4b3c2d1e0f","FolderBind","user426@crowleydev.onmicrosoft.com","1"
"Mailbox Backup Appliance","c3d2e1f0-a9b8-4c7d-8e6f-5a4b3c2d1e0f","FolderBind","user427@crowleydev.onmicrosoft.com","1"
"Mailbox Backup Appliance","c3d2e1f0-a9b8-4c7d-8e6f-5a4b3c2d1e0f","FolderBind","user428@crowleydev.onmicrosoft.com","1"
"Mailbox Backup Appliance","c3d2e1f0-a9b8-4c7d-8e6f-5a4b3c2d1e0f","FolderBind","user429@crowleydev.onmicrosoft.com","1"
"Mailbox Backup Appliance","c3d2e1f0-a9b8-4c7d-8e6f-5a4b3c2d1e0f","FolderBind","user43@crowleydev.onmicrosoft.com","1"
"Mailbox Backup Appliance","c3d2e1f0-a9b8-4c7d-8e6f-5a4b3c2d1e0f","FolderBind","user430@crowleydev.onmicrosoft.com","1"
"Mailbox Backup Appliance","c3d2e1f0-a9b8-4c7d-8e6f-5a4b3c2d1e0f","FolderBind","user431@crowleydev.onmicrosoft.com","1"
"Mailbox Backup Appliance","c3d2e1f0-a9b8-4c7d-8e6f-5a4b3c2d1e0f","FolderBind","user432@crowleydev.onmicrosoft.com","1"
"Mailbox Backup Appliance","c3d2e1f0-a9b8-4c7d-8e6f-5a4b3c2d1e0f","FolderBind","user433@crowleydev.onmicrosoft.com","1"
"Mailbox Backup Appliance","c3d2e1f0-a9b8-4c7d-8e6f-5a4b3c2d1e0f","FolderBind","user434@crowleydev.onmicrosoft.com","1"
"Mailbox Backup Appliance","c3d2e1f0-a9b8-4c7d-8e6f-5a4b3c2d1e0f","FolderBind","user435@crowleydev.onmicrosoft.com","1"
"Mailbox Backup Appliance","c3d2e1f0-a9b8-4c7d-8e6f-5a4b3c2d1e0f","FolderBind","user436@crowleydev.onmicrosoft.com","1"
"Mailbox Backup Appliance","c3d2e1f0-a9b8-4c7d-8e6f-5a4b3c2d1e0f","FolderBind","user437@crowleydev.onmicrosoft.com","1"
"Mailbox Backup Appliance","c3d2e1f0-a9b8-4c7d-8e6f-5a4b3c2d1e0f","FolderBind","user438@crowleydev.onmicrosoft.com","1"
"Mailbox Backup Appliance","c3d2e1f0-a9b8-4c7d-8e6f-5a4b3c2d1e0f","FolderBind","user439@crowleydev.onmicrosoft.com","1"
"Mailbox Backup Appliance","c3d2e1f0-a9b8-4c7d-8e6f-5a4b3c2d1e0f","FolderBind","user44@crowleydev.onmicrosoft.com","1"
"Mailbox Backup Appliance","c3d2e1f0-a9b8-4c7d-8e6f-5a4b3c2d1e0f","FolderBind","user440@crowleydev.onmicrosoft.com","1"
"Mailbox Backup Appliance","c3d2e1f0-a9b8-4c7d-8e6f-5a4b3c2d1e0f","FolderBind","user441@crowleydev.onmicrosoft.com","1"
"Mailbox Backup Appliance","c3d2e1f0-a9b8-4c7d-8e6f-5a4b3c2d1e0f","FolderBind","user442@crowleydev.onmicrosoft.com","1"
"Mailbox Backup Appliance","c3d2e1f0-a9b8-4c7d-8e6f-5a4b3c2d1e0f","FolderBind","user443@crowleydev.onmicrosoft.com","1"
"Mailbox Backup Appliance","c3d2e1f0-a9b8-4c7d-8e6f-5a4b3c2d1e0f","FolderBind","user444@crowleydev.onmicrosoft.com","1"
"Mailbox Backup Appliance","c3d2e1f0-a9b8-4c7d-8e6f-5a4b3c2d1e0f","FolderBind","user445@crowleydev.onmicrosoft.com","1"
"Mailbox Backup Appliance","c3d2e1f0-a9b8-4c7d-8e6f-5a4b3c2d1e0f","FolderBind","user446@crowleydev.onmicrosoft.com","1"
"Mailbox Backup Appliance","c3d2e1f0-a9b8-4c7d-8e6f-5a4b3c2d1e0f","FolderBind","user447@crowleydev.onmicrosoft.com","1"
"Mailbox Backup Appliance","c3d2e1f0-a9b8-4c7d-8e6f-5a4b3c2d1e0f","FolderBind","user448@crowleydev.onmicrosoft.com","1"
"Mailbox Backup Appliance","c3d2e1f0-a9b8-4c7d-8e6f-5a4b3c2d1e0f","FolderBind","user449@crowleydev.onmicrosoft.com","1"
"Mailbox Backup Appliance","c3d2e1f0-a9b8-4c7d-8e6f-5a4b3c2d1e0f","FolderBind","user45@crowleydev.onmicrosoft.com","1"
"Mailbox Backup Appliance","c3d2e1f0-a9b8-4c7d-8e6f-5a4b3c2d1e0f","FolderBind","user450@crowleydev.onmicrosoft.com","1"
"Mailbox Backup Appliance","c3d2e1f0-a9b8-4c7d-8e6f-5a4b3c2d1e0f","FolderBind","user451@crowleydev.onmicrosoft.com","1"
"Mailbox Backup Appliance","c3d2e1f0-a9b8-4c7d-8e6f-5a4b3c2d1e0f","FolderBind","user452@crowleydev.onmicrosoft.com","1"
"Mailbox Backup Appliance","c3d2e1f0-a9b8-4c7d-8e6f-5a4b3c2d1e0f","FolderBind","user453@crowleydev.onmicrosoft.com","1"
"Mailbox Backup Appliance","c3d2e1f0-a9b8-4c7d-8e6f-5a4b3c2d1e0f","FolderBind","user454@crowleydev.onmicrosoft.com","1"
"Mailbox Backup Appliance","c3d2e1f0-a9b8-4c7d-8e6f-5a4b3c2d1e0f","FolderBind","user455@crowleydev.onmicrosoft.com","1"
"Mailbox Backup Appliance","c3d2e1f0-a9b8-4c7d-8e6f-5a4b3c2d1e0f","FolderBind","user456@crowleydev.onmicrosoft.com","1"
"Mailbox Backup Appliance","c3d2e1f0-a9b8-4c7d-8e6f-5a4b3c2d1e0f","FolderBind","user457@crowleydev.onmicrosoft.com","1"
"Mailbox Backup Appliance","c3d2e1f0-a9b8-4c7d-8e6f-5a4b3c2d1e0f","FolderBind","user458@crowleydev.onmicrosoft.com","1"
"Mailbox Backup Appliance","c3d2e1f0-a9b8-4c7d-8e6f-5a4b3c2d1e0f","FolderBind","user459@crowleydev.onmicrosoft.com","1"
"Mailbox Backup Appliance","c3d2e1f0-a9b8-4c7d-8e6f-5a4b3c2d1e0f","FolderBind","user46@crowleydev.onmicrosoft.com","1"
"Mailbox Backup Appliance","c3d2e1f0-a9b8-4c7d-8e6f-5a4b3c2d1e0f","FolderBind","user460@crowleydev.onmicrosoft.com","1"
"Mailbox Backup Appliance","c3d2e1f0-a9b8-4c7d-8e6f-5a4b3c2d1e0f","FolderBind","user461@crowleydev.onmicrosoft.com","1"
"Mailbox Backup Appliance","c3d2e1f0-a9b8-4c7d-8e6f-5a4b3c2d1e0f","FolderBind","user462@crowleydev.onmicrosoft.com","1"
"Mailbox Backup Appliance","c3d2e1f0-a9b8-4c7d-8e6f-5a4b3c2d1e0f","FolderBind","user463@crowleydev.onmicrosoft.com","1"
"Mailbox Backup Appliance","c3d2e1f0-a9b8-4c7d-8e6f-5a4b3c2d1e0f","FolderBind","user464@crowleydev.onmicrosoft.com","1"
"Mailbox Backup Appliance","c3d2e1f0-a9b8-4c7d-8e6f-5a4b3c2d1e0f","FolderBind","user465@crowleydev.onmicrosoft.com","1"
"Mailbox Backup Appliance","c3d2e1f0-a9b8-4c7d-8e6f-5a4b3c2d1e0f","FolderBind","user466@crowleydev.onmicrosoft.com","1"
"Mailbox Backup Appliance","c3d2e1f0-a9b8-4c7d-8e6f-5a4b3c2d1e0f","FolderBind","user467@crowleydev.onmicrosoft.com","1"
"Mailbox Backup Appliance","c3d2e1f0-a9b8-4c7d-8e6f-5a4b3c2d1e0f","FolderBind","user468@crowleydev.onmicrosoft.com","1"
"Mailbox Backup Appliance","c3d2e1f0-a9b8-4c7d-8e6f-5a4b3c2d1e0f","FolderBind","user469@crowleydev.onmicrosoft.com","1"
"Mailbox Backup Appliance","c3d2e1f0-a9b8-4c7d-8e6f-5a4b3c2d1e0f","FolderBind","user47@crowleydev.onmicrosoft.com","1"
"Mailbox Backup Appliance","c3d2e1f0-a9b8-4c7d-8e6f-5a4b3c2d1e0f","FolderBind","user470@crowleydev.onmicrosoft.com","1"
"Mailbox Backup Appliance","c3d2e1f0-a9b8-4c7d-8e6f-5a4b3c2d1e0f","FolderBind","user471@crowleydev.onmicrosoft.com","1"
"Mailbox Backup Appliance","c3d2e1f0-a9b8-4c7d-8e6f-5a4b3c2d1e0f","FolderBind","user472@crowleydev.onmicrosoft.com","1"
"Mailbox Backup Appliance","c3d2e1f0-a9b8-4c7d-8e6f-5a4b3c2d1e0f","FolderBind","user473@crowleydev.onmicrosoft.com","1"
"Mailbox Backup Appliance","c3d2e1f0-a9b8-4c7d-8e6f-5a4b3c2d1e0f","FolderBind","user474@crowleydev.onmicrosoft.com","1"
"Mailbox Backup Appliance","c3d2e1f0-a9b8-4c7d-8e6f-5a4b3c2d1e0f","FolderBind","user475@crowleydev.onmicrosoft.com","1"
"Mailbox Backup Appliance","c3d2e1f0-a9b8-4c7d-8e6f-5a4b3c2d1e0f","FolderBind","user476@crowleydev.onmicrosoft.com","1"
"Mailbox Backup Appliance","c3d2e1f0-a9b8-4c7d-8e6f-5a4b3c2d1e0f","FolderBind","user477@crowleydev.onmicrosoft.com","1"
"Mailbox Backup Appliance","c3d2e1f0-a9b8-4c7d-8e6f-5a4b3c2d1e0f","FolderBind","user478@crowleydev.onmicrosoft.com","1"
"Mailbox Backup Appliance","c3d2e1f0-a9b8-4c7d-8e6f-5a4b3c2d1e0f","FolderBind","user479@crowleydev.onmicrosoft.com","1"
"Mailbox Backup Appliance","c3d2e1f0-a9b8-4c7d-8e6f-5a4b3c2d1e0f","FolderBind","user48@crowleydev.onmicrosoft.com","1"
"Mailbox Backup Appliance","c3d2e1f0-a9b8-4c7d-8e6f-5a4b3c2d1e0f","FolderBind","user480@crowleydev.onmicrosoft.com","1"
"Mailbox Backup Appliance","c3d2e1f0-a9b8-4c7d-8e6f-5a4b3c2d1e0f","FolderBind","user481@crowleydev.onmicrosoft.com","1"
"Mailbox Backup Appliance","c3d2e1f0-a9b8-4c7d-8e6f-5a4b3c2d1e0f","FolderBind","user482@crowleydev.onmicrosoft.com","1"
"Mailbox Backup Appliance","c3d2e1f0-a9b8-4c7d-8e6f-5a4b3c2d1e0f","FolderBind","user483@crowleydev.onmicrosoft.com","1"
"Mailbox Backup Appliance","c3d2e1f0-a9b8-4c7d-8e6f-5a4b3c2d1e0f","FolderBind","user484@crowleydev.onmicrosoft.com","1"
"Mailbox Backup Appliance","c3d2e1f0-a9b8-4c7d-8e6f-5a4b3c2d1e0f","FolderBind","user485@crowleydev.onmicrosoft.com","1"
"Mailbox Backup Appliance","c3d2e1f0-a9b8-4c7d-8e6f-5a4b3c2d1e0f","FolderBind","user486@crowleydev.onmicrosoft.com","1"
"Mailbox Backup Appliance","c3d2e1f0-a9b8-4c7d-8e6f-5a4b3c2d1e0f","FolderBind","user487@crowleydev.onmicrosoft.com","1"
"Mailbox Backup Appliance","c3d2e1f0-a9b8-4c7d-8e6f-5a4b3c2d1e0f","FolderBind","user488@crowleydev.onmicrosoft.com","1"
"Mailbox Backup Appliance","c3d2e1f0-a9b8-4c7d-8e6f-5a4b3c2d1e0f","FolderBind","user489@crowleydev.onmicrosoft.com","1"
"Mailbox Backup Appliance","c3d2e1f0-a9b8-4c7d-8e6f-5a4b3c2d1e0f","FolderBind","user49@crowleydev.onmicrosoft.com","1"
"Mailbox Backup Appliance","c3d2e1f0-a9b8-4c7d-8e6f-5a4b3c2d1e0f","FolderBind","user490@crowleydev.onmicrosoft.com","1"
"Mailbox Backup Appliance","c3d2e1f0-a9b8-4c7d-8e6f-5a4b3c2d1e0f","FolderBind","user491@crowleydev.onmicrosoft.com","1"
"Mailbox Backup Appliance","c3d2e1f0-a9b8-4c7d-8e6f-5a4b3c2d1e0f","FolderBind","user492@crowleydev.onmicrosoft.com","1"
"Mailbox Backup Appliance","c3d2e1f0-a9b8-4c7d-8e6f-5a4b3c2d1e0f","FolderBind","user493@crowleydev.onmicrosoft.com","1"
"Mailbox Backup Appliance","c3d2e1f0-a9b8-4c7d-8e6f-5a4b3c2d1e0f","FolderBind","user494@crowleydev.onmicrosoft.com","1"
"Mailbox Backup Appliance","c3d2e1f0-a9b8-4c7d-8e6f-5a4b3c2d1e0f","FolderBind","user495@crowleydev.onmicrosoft.com","1"
"Mailbox Backup Appliance","c3d2e1f0-a9b8-4c7d-8e6f-5a4b3c2d1e0f","FolderBind","user496@crowleydev.onmicrosoft.com","1"
"Mailbox Backup Appliance","c3d2e1f0-a9b8-4c7d-8e6f-5a4b3c2d1e0f","FolderBind","user497@crowleydev.onmicrosoft.com","1"
"Mailbox Backup Appliance","c3d2e1f0-a9b8-4c7d-8e6f-5a4b3c2d1e0f","FolderBind","user498@crowleydev.onmicrosoft.com","1"
"Mailbox Backup Appliance","c3d2e1f0-a9b8-4c7d-8e6f-5a4b3c2d1e0f","FolderBind","user499@crowleydev.onmicrosoft.com","1"
"Mailbox Backup Appliance","c3d2e1f0-a9b8-4c7d-8e6f-5a4b3c2d1e0f","FolderBind","user5@crowleydev.onmicrosoft.com","1"
"Mailbox Backup Appliance","c3d2e1f0-a9b8-4c7d-8e6f-5a4b3c2d1e0f","FolderBind","user50@crowleydev.onmicrosoft.com","1"
"Mailbox Backup Appliance","c3d2e1f0-a9b8-4c7d-8e6f-5a4b3c2d1e0f","FolderBind","user500@crowleydev.onmicrosoft.com","1"
"Mailbox Backup Appliance","c3d2e1f0-a9b8-4c7d-8e6f-5a4b3c2d1e0f","FolderBind","user501@crowleydev.onmicrosoft.com","1"
"Mailbox Backup Appliance","c3d2e1f0-a9b8-4c7d-8e6f-5a4b3c2d1e0f","FolderBind","user502@crowleydev.onmicrosoft.com","1"
"Mailbox Backup Appliance","c3d2e1f0-a9b8-4c7d-8e6f-5a4b3c2d1e0f","FolderBind","user503@crowleydev.onmicrosoft.com","1"
"Mailbox Backup Appliance","c3d2e1f0-a9b8-4c7d-8e6f-5a4b3c2d1e0f","FolderBind","user504@crowleydev.onmicrosoft.com","1"
"Mailbox Backup Appliance","c3d2e1f0-a9b8-4c7d-8e6f-5a4b3c2d1e0f","FolderBind","user505@crowleydev.onmicrosoft.com","1"
"Mailbox Backup Appliance","c3d2e1f0-a9b8-4c7d-8e6f-5a4b3c2d1e0f","FolderBind","user506@crowleydev.onmicrosoft.com","1"
"Mailbox Backup Appliance","c3d2e1f0-a9b8-4c7d-8e6f-5a4b3c2d1e0f","FolderBind","user507@crowleydev.onmicrosoft.com","1"
"Mailbox Backup Appliance","c3d2e1f0-a9b8-4c7d-8e6f-5a4b3c2d1e0f","FolderBind","user508@crowleydev.onmicrosoft.com","1"
"Mailbox Backup Appliance","c3d2e1f0-a9b8-4c7d-8e6f-5a4b3c2d1e0f","FolderBind","user509@crowleydev.onmicrosoft.com","1"
"Mailbox Backup Appliance","c3d2e1f0-a9b8-4c7d-8e6f-5a4b3c2d1e0f","FolderBind","user51@crowleydev.onmicrosoft.com","1"
"Mailbox Backup Appliance","c3d2e1f0-a9b8-4c7d-8e6f-5a4b3c2d1e0f","FolderBind","user510@crowleydev.onmicrosoft.com","1"
"Mailbox Backup Appliance","c3d2e1f0-a9b8-4c7d-8e6f-5a4b3c2d1e0f","FolderBind","user511@crowleydev.onmicrosoft.com","1"
"Mailbox Backup Appliance","c3d2e1f0-a9b8-4c7d-8e6f-5a4b3c2d1e0f","FolderBind","user512@crowleydev.onmicrosoft.com","1"
"Mailbox Backup Appliance","c3d2e1f0-a9b8-4c7d-8e6f-5a4b3c2d1e0f","FolderBind","user513@crowleydev.onmicrosoft.com","1"
"Mailbox Backup Appliance","c3d2e1f0-a9b8-4c7d-8e6f-5a4b3c2d1e0f","FolderBind","user514@crowleydev.onmicrosoft.com","1"
"Mailbox Backup Appliance","c3d2e1f0-a9b8-4c7d-8e6f-5a4b3c2d1e0f","FolderBind","user515@crowleydev.onmicrosoft.com","1"
"Mailbox Backup Appliance","c3d2e1f0-a9b8-4c7d-8e6f-5a4b3c2d1e0f","FolderBind","user516@crowleydev.onmicrosoft.com","1"
"Mailbox Backup Appliance","c3d2e1f0-a9b8-4c7d-8e6f-5a4b3c2d1e0f","FolderBind","user517@crowleydev.onmicrosoft.com","1"
"Mailbox Backup Appliance","c3d2e1f0-a9b8-4c7d-8e6f-5a4b3c2d1e0f","FolderBind","user518@crowleydev.onmicrosoft.com","1"
"Mailbox Backup Appliance","c3d2e1f0-a9b8-4c7d-8e6f-5a4b3c2d1e0f","FolderBind","user519@crowleydev.onmicrosoft.com","1"
"Mailbox Backup Appliance","c3d2e1f0-a9b8-4c7d-8e6f-5a4b3c2d1e0f","FolderBind","user52@crowleydev.onmicrosoft.com","1"
"Mailbox Backup Appliance","c3d2e1f0-a9b8-4c7d-8e6f-5a4b3c2d1e0f","FolderBind","user520@crowleydev.onmicrosoft.com","1"
"Mailbox Backup Appliance","c3d2e1f0-a9b8-4c7d-8e6f-5a4b3c2d1e0f","FolderBind","user521@crowleydev.onmicrosoft.com","1"
"Mailbox Backup Appliance","c3d2e1f0-a9b8-4c7d-8e6f-5a4b3c2d1e0f","FolderBind","user522@crowleydev.onmicrosoft.com","1"
"Mailbox Backup Appliance","c3d2e1f0-a9b8-4c7d-8e6f-5a4b3c2d1e0f","FolderBind","user523@crowleydev.onmicrosoft.com","1"
"Mailbox Backup Appliance","c3d2e1f0-a9b8-4c7d-8e6f-5a4b3c2d1e0f","FolderBind","user524@crowleydev.onmicrosoft.com","1"
"Mailbox Backup Appliance","c3d2e1f0-a9b8-4c7d-8e6f-5a4b3c2d1e0f","FolderBind","user525@crowleydev.onmicrosoft.com","1"
"Mailbox Backup Appliance","c3d2e1f0-a9b8-4c7d-8e6f-5a4b3c2d1e0f","FolderBind","user526@crowleydev.onmicrosoft.com","1"
"Mailbox Backup Appliance","c3d2e1f0-a9b8-4c7d-8e6f-5a4b3c2d1e0f","FolderBind","user527@crowleydev.onmicrosoft.com","1"
"Mailbox Backup Appliance","c3d2e1f0-a9b8-4c7d-8e6f-5a4b3c2d1e0f","FolderBind","user528@crowleydev.onmicrosoft.com","1"
"Mailbox Backup Appliance","c3d2e1f0-a9b8-4c7d-8e6f-5a4b3c2d1e0f","FolderBind","user529@crowleydev.onmicrosoft.com","1"
"Mailbox Backup Appliance","c3d2e1f0-a9b8-4c7d-8e6f-5a4b3c2d1e0f","FolderBind","user53@crowleydev.onmicrosoft.com","1"
"Mailbox Backup Appliance","c3d2e1f0-a9b8-4c7d-8e6f-5a4b3c2d1e0f","FolderBind","user530@crowleydev.onmicrosoft.com","1"
"Mailbox Backup Appliance","c3d2e1f0-a9b8-4c7d-8e6f-5a4b3c2d1e0f","FolderBind","user531@crowleydev.onmicrosoft.com","1"
"Mailbox Backup Appliance","c3d2e1f0-a9b8-4c7d-8e6f-5a4b3c2d1e0f","FolderBind","user532@crowleydev.onmicrosoft.com","1"
"Mailbox Backup Appliance","c3d2e1f0-a9b8-4c7d-8e6f-5a4b3c2d1e0f","FolderBind","user533@crowleydev.onmicrosoft.com","1"
"Mailbox Backup Appliance","c3d2e1f0-a9b8-4c7d-8e6f-5a4b3c2d1e0f","FolderBind","user534@crowleydev.onmicrosoft.com","1"
"Mailbox Backup Appliance","c3d2e1f0-a9b8-4c7d-8e6f-5a4b3c2d1e0f","FolderBind","user535@crowleydev.onmicrosoft.com","1"
"Mailbox Backup Appliance","c3d2e1f0-a9b8-4c7d-8e6f-5a4b3c2d1e0f","FolderBind","user536@crowleydev.onmicrosoft.com","1"
"Mailbox Backup Appliance","c3d2e1f0-a9b8-4c7d-8e6f-5a4b3c2d1e0f","FolderBind","user537@crowleydev.onmicrosoft.com","1"
"Mailbox Backup Appliance","c3d2e1f0-a9b8-4c7d-8e6f-5a4b3c2d1e0f","FolderBind","user538@crowleydev.onmicrosoft.com","1"
"Mailbox Backup Appliance","c3d2e1f0-a9b8-4c7d-8e6f-5a4b3c2d1e0f","FolderBind","user539@crowleydev.onmicrosoft.com","1"
"Mailbox Backup Appliance","c3d2e1f0-a9b8-4c7d-8e6f-5a4b3c2d1e0f","FolderBind","user54@crowleydev.onmicrosoft.com","1"
"Mailbox Backup Appliance","c3d2e1f0-a9b8-4c7d-8e6f-5a4b3c2d1e0f","FolderBind","user540@crowleydev.onmicrosoft.com","1"
"Mailbox Backup Appliance","c3d2e1f0-a9b8-4c7d-8e6f-5a4b3c2d1e0f","FolderBind","user541@crowleydev.onmicrosoft.com","1"
"Mailbox Backup Appliance","c3d2e1f0-a9b8-4c7d-8e6f-5a4b3c2d1e0f","FolderBind","user542@crowleydev.onmicrosoft.com","1"
"Mailbox Backup Appliance","c3d2e1f0-a9b8-4c7d-8e6f-5a4b3c2d1e0f","FolderBind","user543@crowleydev.onmicrosoft.com","1"
"Mailbox Backup Appliance","c3d2e1f0-a9b8-4c7d-8e6f-5a4b3c2d1e0f","FolderBind","user544@crowleydev.onmicrosoft.com","1"
"Mailbox Backup Appliance","c3d2e1f0-a9b8-4c7d-8e6f-5a4b3c2d1e0f","FolderBind","user545@crowleydev.onmicrosoft.com","1"
"Mailbox Backup Appliance","c3d2e1f0-a9b8-4c7d-8e6f-5a4b3c2d1e0f","FolderBind","user546@crowleydev.onmicrosoft.com","1"
"Mailbox Backup Appliance","c3d2e1f0-a9b8-4c7d-8e6f-5a4b3c2d1e0f","FolderBind","user547@crowleydev.onmicrosoft.com","1"
"Mailbox Backup Appliance","c3d2e1f0-a9b8-4c7d-8e6f-5a4b3c2d1e0f","FolderBind","user548@crowleydev.onmicrosoft.com","1"
"Mailbox Backup Appliance","c3d2e1f0-a9b8-4c7d-8e6f-5a4b3c2d1e0f","FolderBind","user549@crowleydev.onmicrosoft.com","1"
"Mailbox Backup Appliance","c3d2e1f0-a9b8-4c7d-8e6f-5a4b3c2d1e0f","FolderBind","user55@crowleydev.onmicrosoft.com","1"
"Mailbox Backup Appliance","c3d2e1f0-a9b8-4c7d-8e6f-5a4b3c2d1e0f","FolderBind","user550@crowleydev.onmicrosoft.com","1"
"Mailbox Backup Appliance","c3d2e1f0-a9b8-4c7d-8e6f-5a4b3c2d1e0f","FolderBind","user551@crowleydev.onmicrosoft.com","1"
"Mailbox Backup Appliance","c3d2e1f0-a9b8-4c7d-8e6f-5a4b3c2d1e0f","FolderBind","user552@crowleydev.onmicrosoft.com","1"
"Mailbox Backup Appliance","c3d2e1f0-a9b8-4c7d-8e6f-5a4b3c2d1e0f","FolderBind","user553@crowleydev.onmicrosoft.com","1"
"Mailbox Backup Appliance","c3d2e1f0-a9b8-4c7d-8e6f-5a4b3c2d1e0f","FolderBind","user554@crowleydev.onmicrosoft.com","1"
"Mailbox Backup Appliance","c3d2e1f0-a9b8-4c7d-8e6f-5a4b3c2d1e0f","FolderBind","user555@crowleydev.onmicrosoft.com","1"
"Mailbox Backup Appliance","c3d2e1f0-a9b8-4c7d-8e6f-5a4b3c2d1e0f","FolderBind","user556@crowleydev.onmicrosoft.com","1"
"Mailbox Backup Appliance","c3d2e1f0-a9b8-4c7d-8e6f-5a4b3c2d1e0f","FolderBind","user557@crowleydev.onmicrosoft.com","1"
"Mailbox Backup Appliance","c3d2e1f0-a9b8-4c7d-8e6f-5a4b3c2d1e0f","FolderBind","user558@crowleydev.onmicrosoft.com","1"
"Mailbox Backup Appliance","c3d2e1f0-a9b8-4c7d-8e6f-5a4b3c2d1e0f","FolderBind","user559@crowleydev.onmicrosoft.com","1"
"Mailbox Backup Appliance","c3d2e1f0-a9b8-4c7d-8e6f-5a4b3c2d1e0f","FolderBind","user56@crowleydev.onmicrosoft.com","1"
"Mailbox Backup Appliance","c3d2e1f0-a9b8-4c7d-8e6f-5a4b3c2d1e0f","FolderBind","user560@crowleydev.onmicrosoft.com","1"
"Mailbox Backup Appliance","c3d2e1f0-a9b8-4c7d-8e6f-5a4b3c2d1e0f","FolderBind","user561@crowleydev.onmicrosoft.com","1"
"Mailbox Backup Appliance","c3d2e1f0-a9b8-4c7d-8e6f-5a4b3c2d1e0f","FolderBind","user562@crowleydev.onmicrosoft.com","1"
"Mailbox Backup Appliance","c3d2e1f0-a9b8-4c7d-8e6f-5a4b3c2d1e0f","FolderBind","user563@crowleydev.onmicrosoft.com","1"
"Mailbox Backup Appliance","c3d2e1f0-a9b8-4c7d-8e6f-5a4b3c2d1e0f","FolderBind","user564@crowleydev.onmicrosoft.com","1"
"Mailbox Backup Appliance","c3d2e1f0-a9b8-4c7d-8e6f-5a4b3c2d1e0f","FolderBind","user565@crowleydev.onmicrosoft.com","1"
"Mailbox Backup Appliance","c3d2e1f0-a9b8-4c7d-8e6f-5a4b3c2d1e0f","FolderBind","user566@crowleydev.onmicrosoft.com","1"
"Mailbox Backup Appliance","c3d2e1f0-a9b8-4c7d-8e6f-5a4b3c2d1e0f","FolderBind","user567@crowleydev.onmicrosoft.com","1"
"Mailbox Backup Appliance","c3d2e1f0-a9b8-4c7d-8e6f-5a4b3c2d1e0f","FolderBind","user568@crowleydev.onmicrosoft.com","1"
"Mailbox Backup Appliance","c3d2e1f0-a9b8-4c7d-8e6f-5a4b3c2d1e0f","FolderBind","user569@crowleydev.onmicrosoft.com","1"
"Mailbox Backup Appliance","c3d2e1f0-a9b8-4c7d-8e6f-5a4b3c2d1e0f","FolderBind","user57@crowleydev.onmicrosoft.com","1"
"Mailbox Backup Appliance","c3d2e1f0-a9b8-4c7d-8e6f-5a4b3c2d1e0f","FolderBind","user570@crowleydev.onmicrosoft.com","1"
"Mailbox Backup Appliance","c3d2e1f0-a9b8-4c7d-8e6f-5a4b3c2d1e0f","FolderBind","user571@crowleydev.onmicrosoft.com","1"
"Mailbox Backup Appliance","c3d2e1f0-a9b8-4c7d-8e6f-5a4b3c2d1e0f","FolderBind","user572@crowleydev.onmicrosoft.com","1"
"Mailbox Backup Appliance","c3d2e1f0-a9b8-4c7d-8e6f-5a4b3c2d1e0f","FolderBind","user573@crowleydev.onmicrosoft.com","1"
"Mailbox Backup Appliance","c3d2e1f0-a9b8-4c7d-8e6f-5a4b3c2d1e0f","FolderBind","user574@crowleydev.onmicrosoft.com","1"
"Mailbox Backup Appliance","c3d2e1f0-a9b8-4c7d-8e6f-5a4b3c2d1e0f","FolderBind","user575@crowleydev.onmicrosoft.com","1"
"Mailbox Backup Appliance","c3d2e1f0-a9b8-4c7d-8e6f-5a4b3c2d1e0f","FolderBind","user576@crowleydev.onmicrosoft.com","1"
"Mailbox Backup Appliance","c3d2e1f0-a9b8-4c7d-8e6f-5a4b3c2d1e0f","FolderBind","user577@crowleydev.onmicrosoft.com","1"
"Mailbox Backup Appliance","c3d2e1f0-a9b8-4c7d-8e6f-5a4b3c2d1e0f","FolderBind","user578@crowleydev.onmicrosoft.com","1"
"Mailbox Backup Appliance","c3d2e1f0-a9b8-4c7d-8e6f-5a4b3c2d1e0f","FolderBind","user579@crowleydev.onmicrosoft.com","1"
"Mailbox Backup Appliance","c3d2e1f0-a9b8-4c7d-8e6f-5a4b3c2d1e0f","FolderBind","user58@crowleydev.onmicrosoft.com","1"
"Mailbox Backup Appliance","c3d2e1f0-a9b8-4c7d-8e6f-5a4b3c2d1e0f","FolderBind","user580@crowleydev.onmicrosoft.com","1"
"Mailbox Backup Appliance","c3d2e1f0-a9b8-4c7d-8e6f-5a4b3c2d1e0f","FolderBind","user581@crowleydev.onmicrosoft.com","1"
"Mailbox Backup Appliance","c3d2e1f0-a9b8-4c7d-8e6f-5a4b3c2d1e0f","FolderBind","user582@crowleydev.onmicrosoft.com","1"
"Mailbox Backup Appliance","c3d2e1f0-a9b8-4c7d-8e6f-5a4b3c2d1e0f","FolderBind","user583@crowleydev.onmicrosoft.com","1"
"Mailbox Backup Appliance","c3d2e1f0-a9b8-4c7d-8e6f-5a4b3c2d1e0f","FolderBind","user584@crowleydev.onmicrosoft.com","1"
"Mailbox Backup Appliance","c3d2e1f0-a9b8-4c7d-8e6f-5a4b3c2d1e0f","FolderBind","user585@crowleydev.onmicrosoft.com","1"
"Mailbox Backup Appliance","c3d2e1f0-a9b8-4c7d-8e6f-5a4b3c2d1e0f","FolderBind","user586@crowleydev.onmicrosoft.com","1"
"Mailbox Backup Appliance","c3d2e1f0-a9b8-4c7d-8e6f-5a4b3c2d1e0f","FolderBind","user587@crowleydev.onmicrosoft.com","1"
"Mailbox Backup Appliance","c3d2e1f0-a9b8-4c7d-8e6f-5a4b3c2d1e0f","FolderBind","user588@crowleydev.onmicrosoft.com","1"
"Mailbox Backup Appliance","c3d2e1f0-a9b8-4c7d-8e6f-5a4b3c2d1e0f","FolderBind","user589@crowleydev.onmicrosoft.com","1"
"Mailbox Backup Appliance","c3d2e1f0-a9b8-4c7d-8e6f-5a4b3c2d1e0f","FolderBind","user59@crowleydev.onmicrosoft.com","1"
"Mailbox Backup Appliance","c3d2e1f0-a9b8-4c7d-8e6f-5a4b3c2d1e0f","FolderBind","user590@crowleydev.onmicrosoft.com","1"
"Mailbox Backup Appliance","c3d2e1f0-a9b8-4c7d-8e6f-5a4b3c2d1e0f","FolderBind","user591@crowleydev.onmicrosoft.com","1"
"Mailbox Backup Appliance","c3d2e1f0-a9b8-4c7d-8e6f-5a4b3c2d1e0f","FolderBind","user592@crowleydev.onmicrosoft.com","1"
"Mailbox Backup Appliance","c3d2e1f0-a9b8-4c7d-8e6f-5a4b3c2d1e0f","FolderBind","user593@crowleydev.onmicrosoft.com","1"
"Mailbox Backup Appliance","c3d2e1f0-a9b8-4c7d-8e6f-5a4b3c2d1e0f","FolderBind","user594@crowleydev.onmicrosoft.com","1"
"Mailbox Backup Appliance","c3d2e1f0-a9b8-4c7d-8e6f-5a4b3c2d1e0f","FolderBind","user595@crowleydev.onmicrosoft.com","1"
"Mailbox Backup Appliance","c3d2e1f0-a9b8-4c7d-8e6f-5a4b3c2d1e0f","FolderBind","user596@crowleydev.onmicrosoft.com","1"
"Mailbox Backup Appliance","c3d2e1f0-a9b8-4c7d-8e6f-5a4b3c2d1e0f","FolderBind","user597@crowleydev.onmicrosoft.com","1"
"Mailbox Backup Appliance","c3d2e1f0-a9b8-4c7d-8e6f-5a4b3c2d1e0f","FolderBind","user598@crowleydev.onmicrosoft.com","1"
"Mailbox Backup Appliance","c3d2e1f0-a9b8-4c7d-8e6f-5a4b3c2d1e0f","FolderBind","user599@crowleydev.onmicrosoft.com","1"
"Mailbox Backup Appliance","c3d2e1f0-a9b8-4c7d-8e6f-5a4b3c2d1e0f","FolderBind","user6@crowleydev.onmicrosoft.com","1"
"Mailbox Backup Appliance","c3d2e1f0-a9b8-4c7d-8e6f-5a4b3c2d1e0f","FolderBind","user60@crowleydev.onmicrosoft.com","1"
"Mailbox Backup Appliance","c3d2e1f0-a9b8-4c7d-8e6f-5a4b3c2d1e0f","FolderBind","user600@crowleydev.onmicrosoft.com","1"
"Mailbox Backup Appliance","c3d2e1f0-a9b8-4c7d-8e6f-5a4b3c2d1e0f","FolderBind","user601@crowleydev.onmicrosoft.com","1"
"Mailbox Backup Appliance","c3d2e1f0-a9b8-4c7d-8e6f-5a4b3c2d1e0f","FolderBind","user602@crowleydev.onmicrosoft.com","1"
"Mailbox Backup Appliance","c3d2e1f0-a9b8-4c7d-8e6f-5a4b3c2d1e0f","FolderBind","user603@crowleydev.onmicrosoft.com","1"
"Mailbox Backup Appliance","c3d2e1f0-a9b8-4c7d-8e6f-5a4b3c2d1e0f","FolderBind","user604@crowleydev.onmicrosoft.com","1"
"Mailbox Backup Appliance","c3d2e1f0-a9b8-4c7d-8e6f-5a4b3c2d1e0f","FolderBind","user605@crowleydev.onmicrosoft.com","1"
"Mailbox Backup Appliance","c3d2e1f0-a9b8-4c7d-8e6f-5a4b3c2d1e0f","FolderBind","user606@crowleydev.onmicrosoft.com","1"
"Mailbox Backup Appliance","c3d2e1f0-a9b8-4c7d-8e6f-5a4b3c2d1e0f","FolderBind","user607@crowleydev.onmicrosoft.com","1"
"Mailbox Backup Appliance","c3d2e1f0-a9b8-4c7d-8e6f-5a4b3c2d1e0f","FolderBind","user608@crowleydev.onmicrosoft.com","1"
"Mailbox Backup Appliance","c3d2e1f0-a9b8-4c7d-8e6f-5a4b3c2d1e0f","FolderBind","user609@crowleydev.onmicrosoft.com","1"
"Mailbox Backup Appliance","c3d2e1f0-a9b8-4c7d-8e6f-5a4b3c2d1e0f","FolderBind","user61@crowleydev.onmicrosoft.com","1"
"Mailbox Backup Appliance","c3d2e1f0-a9b8-4c7d-8e6f-5a4b3c2d1e0f","FolderBind","user610@crowleydev.onmicrosoft.com","1"
"Mailbox Backup Appliance","c3d2e1f0-a9b8-4c7d-8e6f-5a4b3c2d1e0f","FolderBind","user611@crowleydev.onmicrosoft.com","1"
"Mailbox Backup Appliance","c3d2e1f0-a9b8-4c7d-8e6f-5a4b3c2d1e0f","FolderBind","user612@crowleydev.onmicrosoft.com","1"
"Mailbox Backup Appliance","c3d2e1f0-a9b8-4c7d-8e6f-5a4b3c2d1e0f","FolderBind","user613@crowleydev.onmicrosoft.com","1"
"Mailbox Backup Appliance","c3d2e1f0-a9b8-4c7d-8e6f-5a4b3c2d1e0f","FolderBind","user614@crowleydev.onmicrosoft.com","1"
"Mailbox Backup Appliance","c3d2e1f0-a9b8-4c7d-8e6f-5a4b3c2d1e0f","FolderBind","user615@crowleydev.onmicrosoft.com","1"
"Mailbox Backup Appliance","c3d2e1f0-a9b8-4c7d-8e6f-5a4b3c2d1e0f","FolderBind","user616@crowleydev.onmicrosoft.com","1"
"Mailbox Backup Appliance","c3d2e1f0-a9b8-4c7d-8e6f-5a4b3c2d1e0f","FolderBind","user617@crowleydev.onmicrosoft.com","1"
"Mailbox Backup Appliance","c3d2e1f0-a9b8-4c7d-8e6f-5a4b3c2d1e0f","FolderBind","user618@crowleydev.onmicrosoft.com","1"
"Mailbox Backup Appliance","c3d2e1f0-a9b8-4c7d-8e6f-5a4b3c2d1e0f","FolderBind","user619@crowleydev.onmicrosoft.com","1"
"Mailbox Backup Appliance","c3d2e1f0-a9b8-4c7d-8e6f-5a4b3c2d1e0f","FolderBind","user62@crowleydev.onmicrosoft.com","1"
"Mailbox Backup Appliance","c3d2e1f0-a9b8-4c7d-8e6f-5a4b3c2d1e0f","FolderBind","user620@crowleydev.onmicrosoft.com","1"
"Mailbox Backup Appliance","c3d2e1f0-a9b8-4c7d-8e6f-5a4b3c2d1e0f","FolderBind","user621@crowleydev.onmicrosoft.com","1"
"Mailbox Backup Appliance","c3d2e1f0-a9b8-4c7d-8e6f-5a4b3c2d1e0f","FolderBind","user622@crowleydev.onmicrosoft.com","1"
"Mailbox Backup Appliance","c3d2e1f0-a9b8-4c7d-8e6f-5a4b3c2d1e0f","FolderBind","user623@crowleydev.onmicrosoft.com","1"
"Mailbox Backup Appliance","c3d2e1f0-a9b8-4c7d-8e6f-5a4b3c2d1e0f","FolderBind","user624@crowleydev.onmicrosoft.com","1"
"Mailbox Backup Appliance","c3d2e1f0-a9b8-4c7d-8e6f-5a4b3c2d1e0f","FolderBind","user625@crowleydev.onmicrosoft.com","1"
"Mailbox Backup Appliance","c3d2e1f0-a9b8-4c7d-8e6f-5a4b3c2d1e0f","FolderBind","user626@crowleydev.onmicrosoft.com","1"
"Mailbox Backup Appliance","c3d2e1f0-a9b8-4c7d-8e6f-5a4b3c2d1e0f","FolderBind","user627@crowleydev.onmicrosoft.com","1"
"Mailbox Backup Appliance","c3d2e1f0-a9b8-4c7d-8e6f-5a4b3c2d1e0f","FolderBind","user628@crowleydev.onmicrosoft.com","1"
"Mailbox Backup Appliance","c3d2e1f0-a9b8-4c7d-8e6f-5a4b3c2d1e0f","FolderBind","user629@crowleydev.onmicrosoft.com","1"
"Mailbox Backup Appliance","c3d2e1f0-a9b8-4c7d-8e6f-5a4b3c2d1e0f","FolderBind","user63@crowleydev.onmicrosoft.com","1"
"Mailbox Backup Appliance","c3d2e1f0-a9b8-4c7d-8e6f-5a4b3c2d1e0f","FolderBind","user630@crowleydev.onmicrosoft.com","1"
"Mailbox Backup Appliance","c3d2e1f0-a9b8-4c7d-8e6f-5a4b3c2d1e0f","FolderBind","user631@crowleydev.onmicrosoft.com","1"
"Mailbox Backup Appliance","c3d2e1f0-a9b8-4c7d-8e6f-5a4b3c2d1e0f","FolderBind","user632@crowleydev.onmicrosoft.com","1"
"Mailbox Backup Appliance","c3d2e1f0-a9b8-4c7d-8e6f-5a4b3c2d1e0f","FolderBind","user633@crowleydev.onmicrosoft.com","1"
"Mailbox Backup Appliance","c3d2e1f0-a9b8-4c7d-8e6f-5a4b3c2d1e0f","FolderBind","user634@crowleydev.onmicrosoft.com","1"
"Mailbox Backup Appliance","c3d2e1f0-a9b8-4c7d-8e6f-5a4b3c2d1e0f","FolderBind","user635@crowleydev.onmicrosoft.com","1"
"Mailbox Backup Appliance","c3d2e1f0-a9b8-4c7d-8e6f-5a4b3c2d1e0f","FolderBind","user636@crowleydev.onmicrosoft.com","1"
"Mailbox Backup Appliance","c3d2e1f0-a9b8-4c7d-8e6f-5a4b3c2d1e0f","FolderBind","user637@crowleydev.onmicrosoft.com","1"
"Mailbox Backup Appliance","c3d2e1f0-a9b8-4c7d-8e6f-5a4b3c2d1e0f","FolderBind","user638@crowleydev.onmicrosoft.com","1"
"Mailbox Backup Appliance","c3d2e1f0-a9b8-4c7d-8e6f-5a4b3c2d1e0f","FolderBind","user639@crowleydev.onmicrosoft.com","1"
"Mailbox Backup Appliance","c3d2e1f0-a9b8-4c7d-8e6f-5a4b3c2d1e0f","FolderBind","user64@crowleydev.onmicrosoft.com","1"
"Mailbox Backup Appliance","c3d2e1f0-a9b8-4c7d-8e6f-5a4b3c2d1e0f","FolderBind","user640@crowleydev.onmicrosoft.com","1"
"Mailbox Backup Appliance","c3d2e1f0-a9b8-4c7d-8e6f-5a4b3c2d1e0f","FolderBind","user641@crowleydev.onmicrosoft.com","1"
"Mailbox Backup Appliance","c3d2e1f0-a9b8-4c7d-8e6f-5a4b3c2d1e0f","FolderBind","user642@crowleydev.onmicrosoft.com","1"
"Mailbox Backup Appliance","c3d2e1f0-a9b8-4c7d-8e6f-5a4b3c2d1e0f","FolderBind","user643@crowleydev.onmicrosoft.com","1"
"Mailbox Backup Appliance","c3d2e1f0-a9b8-4c7d-8e6f-5a4b3c2d1e0f","FolderBind","user644@crowleydev.onmicrosoft.com","1"
"Mailbox Backup Appliance","c3d2e1f0-a9b8-4c7d-8e6f-5a4b3c2d1e0f","FolderBind","user645@crowleydev.onmicrosoft.com","1"
"Mailbox Backup Appliance","c3d2e1f0-a9b8-4c7d-8e6f-5a4b3c2d1e0f","FolderBind","user646@crowleydev.onmicrosoft.com","1"
"Mailbox Backup Appliance","c3d2e1f0-a9b8-4c7d-8e6f-5a4b3c2d1e0f","FolderBind","user647@crowleydev.onmicrosoft.com","1"
"Mailbox Backup Appliance","c3d2e1f0-a9b8-4c7d-8e6f-5a4b3c2d1e0f","FolderBind","user648@crowleydev.onmicrosoft.com","1"
"Mailbox Backup Appliance","c3d2e1f0-a9b8-4c7d-8e6f-5a4b3c2d1e0f","FolderBind","user649@crowleydev.onmicrosoft.com","1"
"Mailbox Backup Appliance","c3d2e1f0-a9b8-4c7d-8e6f-5a4b3c2d1e0f","FolderBind","user65@crowleydev.onmicrosoft.com","1"
"Mailbox Backup Appliance","c3d2e1f0-a9b8-4c7d-8e6f-5a4b3c2d1e0f","FolderBind","user650@crowleydev.onmicrosoft.com","1"
"Mailbox Backup Appliance","c3d2e1f0-a9b8-4c7d-8e6f-5a4b3c2d1e0f","FolderBind","user651@crowleydev.onmicrosoft.com","1"
"Mailbox Backup Appliance","c3d2e1f0-a9b8-4c7d-8e6f-5a4b3c2d1e0f","FolderBind","user652@crowleydev.onmicrosoft.com","1"
"Mailbox Backup Appliance","c3d2e1f0-a9b8-4c7d-8e6f-5a4b3c2d1e0f","FolderBind","user653@crowleydev.onmicrosoft.com","1"
"Mailbox Backup Appliance","c3d2e1f0-a9b8-4c7d-8e6f-5a4b3c2d1e0f","FolderBind","user654@crowleydev.onmicrosoft.com","1"
"Mailbox Backup Appliance","c3d2e1f0-a9b8-4c7d-8e6f-5a4b3c2d1e0f","FolderBind","user655@crowleydev.onmicrosoft.com","1"
"Mailbox Backup Appliance","c3d2e1f0-a9b8-4c7d-8e6f-5a4b3c2d1e0f","FolderBind","user656@crowleydev.onmicrosoft.com","1"
"Mailbox Backup Appliance","c3d2e1f0-a9b8-4c7d-8e6f-5a4b3c2d1e0f","FolderBind","user657@crowleydev.onmicrosoft.com","1"
"Mailbox Backup Appliance","c3d2e1f0-a9b8-4c7d-8e6f-5a4b3c2d1e0f","FolderBind","user658@crowleydev.onmicrosoft.com","1"
"Mailbox Backup Appliance","c3d2e1f0-a9b8-4c7d-8e6f-5a4b3c2d1e0f","FolderBind","user659@crowleydev.onmicrosoft.com","1"
"Mailbox Backup Appliance","c3d2e1f0-a9b8-4c7d-8e6f-5a4b3c2d1e0f","FolderBind","user66@crowleydev.onmicrosoft.com","1"
"Mailbox Backup Appliance","c3d2e1f0-a9b8-4c7d-8e6f-5a4b3c2d1e0f","FolderBind","user660@crowleydev.onmicrosoft.com","1"
"Mailbox Backup Appliance","c3d2e1f0-a9b8-4c7d-8e6f-5a4b3c2d1e0f","FolderBind","user661@crowleydev.onmicrosoft.com","1"
"Mailbox Backup Appliance","c3d2e1f0-a9b8-4c7d-8e6f-5a4b3c2d1e0f","FolderBind","user662@crowleydev.onmicrosoft.com","1"
"Mailbox Backup Appliance","c3d2e1f0-a9b8-4c7d-8e6f-5a4b3c2d1e0f","FolderBind","user663@crowleydev.onmicrosoft.com","1"
"Mailbox Backup Appliance","c3d2e1f0-a9b8-4c7d-8e6f-5a4b3c2d1e0f","FolderBind","user664@crowleydev.onmicrosoft.com","1"
"Mailbox Backup Appliance","c3d2e1f0-a9b8-4c7d-8e6f-5a4b3c2d1e0f","FolderBind","user665@crowleydev.onmicrosoft.com","1"
"Mailbox Backup Appliance","c3d2e1f0-a9b8-4c7d-8e6f-5a4b3c2d1e0f","FolderBind","user666@crowleydev.onmicrosoft.com","1"
"Mailbox Backup Appliance","c3d2e1f0-a9b8-4c7d-8e6f-5a4b3c2d1e0f","FolderBind","user667@crowleydev.onmicrosoft.com","1"
"Mailbox Backup Appliance","c3d2e1f0-a9b8-4c7d-8e6f-5a4b3c2d1e0f","FolderBind","user668@crowleydev.onmicrosoft.com","1"
"Mailbox Backup Appliance","c3d2e1f0-a9b8-4c7d-8e6f-5a4b3c2d1e0f","FolderBind","user669@crowleydev.onmicrosoft.com","1"
"Mailbox Backup Appliance","c3d2e1f0-a9b8-4c7d-8e6f-5a4b3c2d1e0f","FolderBind","user67@crowleydev.onmicrosoft.com","1"
"Mailbox Backup Appliance","c3d2e1f0-a9b8-4c7d-8e6f-5a4b3c2d1e0f","FolderBind","user670@crowleydev.onmicrosoft.com","1"
"Mailbox Backup Appliance","c3d2e1f0-a9b8-4c7d-8e6f-5a4b3c2d1e0f","FolderBind","user671@crowleydev.onmicrosoft.com","1"
"Mailbox Backup Appliance","c3d2e1f0-a9b8-4c7d-8e6f-5a4b3c2d1e0f","FolderBind","user672@crowleydev.onmicrosoft.com","1"
"Mailbox Backup Appliance","c3d2e1f0-a9b8-4c7d-8e6f-5a4b3c2d1e0f","FolderBind","user673@crowleydev.onmicrosoft.com","1"
"Mailbox Backup Appliance","c3d2e1f0-a9b8-4c7d-8e6f-5a4b3c2d1e0f","FolderBind","user674@crowleydev.onmicrosoft.com","1"
"Mailbox Backup Appliance","c3d2e1f0-a9b8-4c7d-8e6f-5a4b3c2d1e0f","FolderBind","user675@crowleydev.onmicrosoft.com","1"
"Mailbox Backup Appliance","c3d2e1f0-a9b8-4c7d-8e6f-5a4b3c2d1e0f","FolderBind","user676@crowleydev.onmicrosoft.com","1"
"Mailbox Backup Appliance","c3d2e1f0-a9b8-4c7d-8e6f-5a4b3c2d1e0f","FolderBind","user677@crowleydev.onmicrosoft.com","1"
"Mailbox Backup Appliance","c3d2e1f0-a9b8-4c7d-8e6f-5a4b3c2d1e0f","FolderBind","user678@crowleydev.onmicrosoft.com","1"
"Mailbox Backup Appliance","c3d2e1f0-a9b8-4c7d-8e6f-5a4b3c2d1e0f","FolderBind","user679@crowleydev.onmicrosoft.com","1"
"Mailbox Backup Appliance","c3d2e1f0-a9b8-4c7d-8e6f-5a4b3c2d1e0f","FolderBind","user68@crowleydev.onmicrosoft.com","1"
"Mailbox Backup Appliance","c3d2e1f0-a9b8-4c7d-8e6f-5a4b3c2d1e0f","FolderBind","user680@crowleydev.onmicrosoft.com","1"
"Mailbox Backup Appliance","c3d2e1f0-a9b8-4c7d-8e6f-5a4b3c2d1e0f","FolderBind","user681@crowleydev.onmicrosoft.com","1"
"Mailbox Backup Appliance","c3d2e1f0-a9b8-4c7d-8e6f-5a4b3c2d1e0f","FolderBind","user682@crowleydev.onmicrosoft.com","1"
"Mailbox Backup Appliance","c3d2e1f0-a9b8-4c7d-8e6f-5a4b3c2d1e0f","FolderBind","user683@crowleydev.onmicrosoft.com","1"
"Mailbox Backup Appliance","c3d2e1f0-a9b8-4c7d-8e6f-5a4b3c2d1e0f","FolderBind","user684@crowleydev.onmicrosoft.com","1"
"Mailbox Backup Appliance","c3d2e1f0-a9b8-4c7d-8e6f-5a4b3c2d1e0f","FolderBind","user685@crowleydev.onmicrosoft.com","1"
"Mailbox Backup Appliance","c3d2e1f0-a9b8-4c7d-8e6f-5a4b3c2d1e0f","FolderBind","user686@crowleydev.onmicrosoft.com","1"
"Mailbox Backup Appliance","c3d2e1f0-a9b8-4c7d-8e6f-5a4b3c2d1e0f","FolderBind","user687@crowleydev.onmicrosoft.com","1"
"Mailbox Backup Appliance","c3d2e1f0-a9b8-4c7d-8e6f-5a4b3c2d1e0f","FolderBind","user688@crowleydev.onmicrosoft.com","1"
"Mailbox Backup Appliance","c3d2e1f0-a9b8-4c7d-8e6f-5a4b3c2d1e0f","FolderBind","user689@crowleydev.onmicrosoft.com","1"
"Mailbox Backup Appliance","c3d2e1f0-a9b8-4c7d-8e6f-5a4b3c2d1e0f","FolderBind","user69@crowleydev.onmicrosoft.com","1"
"Mailbox Backup Appliance","c3d2e1f0-a9b8-4c7d-8e6f-5a4b3c2d1e0f","FolderBind","user690@crowleydev.onmicrosoft.com","1"
"Mailbox Backup Appliance","c3d2e1f0-a9b8-4c7d-8e6f-5a4b3c2d1e0f","FolderBind","user691@crowleydev.onmicrosoft.com","1"
"Mailbox Backup Appliance","c3d2e1f0-a9b8-4c7d-8e6f-5a4b3c2d1e0f","FolderBind","user692@crowleydev.onmicrosoft.com","1"
"Mailbox Backup Appliance","c3d2e1f0-a9b8-4c7d-8e6f-5a4b3c2d1e0f","FolderBind","user693@crowleydev.onmicrosoft.com","1"
"Mailbox Backup Appliance","c3d2e1f0-a9b8-4c7d-8e6f-5a4b3c2d1e0f","FolderBind","user694@crowleydev.onmicrosoft.com","1"
"Mailbox Backup Appliance","c3d2e1f0-a9b8-4c7d-8e6f-5a4b3c2d1e0f","FolderBind","user695@crowleydev.onmicrosoft.com","1"
"Mailbox Backup Appliance","c3d2e1f0-a9b8-4c7d-8e6f-5a4b3c2d1e0f","FolderBind","user696@crowleydev.onmicrosoft.com","1"
"Mailbox Backup Appliance","c3d2e1f0-a9b8-4c7d-8e6f-5a4b3c2d1e0f","FolderBind","user697@crowleydev.onmicrosoft.com","1"
"Mailbox Backup Appliance","c3d2e1f0-a9b8-4c7d-8e6f-5a4b3c2d1e0f","FolderBind","user698@crowleydev.onmicrosoft.com","1"
"Mailbox Backup Appliance","c3d2e1f0-a9b8-4c7d-8e6f-5a4b3c2d1e0f","FolderBind","user699@crowleydev.onmicrosoft.com","1"
"Mailbox Backup Appliance","c3d2e1f0-a9b8-4c7d-8e6f-5a4b3c2d1e0f","FolderBind","user7@crowleydev.onmicrosoft.com","1"
"Mailbox Backup Appliance","c3d2e1f0-a9b8-4c7d-8e6f-5a4b3c2d1e0f","FolderBind","user70@crowleydev.onmicrosoft.com","1"
"Mailbox Backup Appliance","c3d2e1f0-a9b8-4c7d-8e6f-5a4b3c2d1e0f","FolderBind","user700@crowleydev.onmicrosoft.com","1"
"Mailbox Backup Appliance","c3d2e1f0-a9b8-4c7d-8e6f-5a4b3c2d1e0f","FolderBind","user701@crowleydev.onmicrosoft.com","1"
"Mailbox Backup Appliance","c3d2e1f0-a9b8-4c7d-8e6f-5a4b3c2d1e0f","FolderBind","user702@crowleydev.onmicrosoft.com","1"
"Mailbox Backup Appliance","c3d2e1f0-a9b8-4c7d-8e6f-5a4b3c2d1e0f","FolderBind","user703@crowleydev.onmicrosoft.com","1"
"Mailbox Backup Appliance","c3d2e1f0-a9b8-4c7d-8e6f-5a4b3c2d1e0f","FolderBind","user704@crowleydev.onmicrosoft.com","1"
"Mailbox Backup Appliance","c3d2e1f0-a9b8-4c7d-8e6f-5a4b3c2d1e0f","FolderBind","user705@crowleydev.onmicrosoft.com","1"
"Mailbox Backup Appliance","c3d2e1f0-a9b8-4c7d-8e6f-5a4b3c2d1e0f","FolderBind","user706@crowleydev.onmicrosoft.com","1"
"Mailbox Backup Appliance","c3d2e1f0-a9b8-4c7d-8e6f-5a4b3c2d1e0f","FolderBind","user707@crowleydev.onmicrosoft.com","1"
"Mailbox Backup Appliance","c3d2e1f0-a9b8-4c7d-8e6f-5a4b3c2d1e0f","FolderBind","user708@crowleydev.onmicrosoft.com","1"
"Mailbox Backup Appliance","c3d2e1f0-a9b8-4c7d-8e6f-5a4b3c2d1e0f","FolderBind","user709@crowleydev.onmicrosoft.com","1"
"Mailbox Backup Appliance","c3d2e1f0-a9b8-4c7d-8e6f-5a4b3c2d1e0f","FolderBind","user71@crowleydev.onmicrosoft.com","1"
"Mailbox Backup Appliance","c3d2e1f0-a9b8-4c7d-8e6f-5a4b3c2d1e0f","FolderBind","user710@crowleydev.onmicrosoft.com","1"
"Mailbox Backup Appliance","c3d2e1f0-a9b8-4c7d-8e6f-5a4b3c2d1e0f","FolderBind","user711@crowleydev.onmicrosoft.com","1"
"Mailbox Backup Appliance","c3d2e1f0-a9b8-4c7d-8e6f-5a4b3c2d1e0f","FolderBind","user712@crowleydev.onmicrosoft.com","1"
"Mailbox Backup Appliance","c3d2e1f0-a9b8-4c7d-8e6f-5a4b3c2d1e0f","FolderBind","user713@crowleydev.onmicrosoft.com","1"
"Mailbox Backup Appliance","c3d2e1f0-a9b8-4c7d-8e6f-5a4b3c2d1e0f","FolderBind","user714@crowleydev.onmicrosoft.com","1"
"Mailbox Backup Appliance","c3d2e1f0-a9b8-4c7d-8e6f-5a4b3c2d1e0f","FolderBind","user715@crowleydev.onmicrosoft.com","1"
"Mailbox Backup Appliance","c3d2e1f0-a9b8-4c7d-8e6f-5a4b3c2d1e0f","FolderBind","user716@crowleydev.onmicrosoft.com","1"
"Mailbox Backup Appliance","c3d2e1f0-a9b8-4c7d-8e6f-5a4b3c2d1e0f","FolderBind","user717@crowleydev.onmicrosoft.com","1"
"Mailbox Backup Appliance","c3d2e1f0-a9b8-4c7d-8e6f-5a4b3c2d1e0f","FolderBind","user718@crowleydev.onmicrosoft.com","1"
"Mailbox Backup Appliance","c3d2e1f0-a9b8-4c7d-8e6f-5a4b3c2d1e0f","FolderBind","user719@crowleydev.onmicrosoft.com","1"
"Mailbox Backup Appliance","c3d2e1f0-a9b8-4c7d-8e6f-5a4b3c2d1e0f","FolderBind","user72@crowleydev.onmicrosoft.com","1"
"Mailbox Backup Appliance","c3d2e1f0-a9b8-4c7d-8e6f-5a4b3c2d1e0f","FolderBind","user720@crowleydev.onmicrosoft.com","1"
"Mailbox Backup Appliance","c3d2e1f0-a9b8-4c7d-8e6f-5a4b3c2d1e0f","FolderBind","user721@crowleydev.onmicrosoft.com","1"
"Mailbox Backup Appliance","c3d2e1f0-a9b8-4c7d-8e6f-5a4b3c2d1e0f","FolderBind","user722@crowleydev.onmicrosoft.com","1"
"Mailbox Backup Appliance","c3d2e1f0-a9b8-4c7d-8e6f-5a4b3c2d1e0f","FolderBind","user723@crowleydev.onmicrosoft.com","1"
"Mailbox Backup Appliance","c3d2e1f0-a9b8-4c7d-8e6f-5a4b3c2d1e0f","FolderBind","user724@crowleydev.onmicrosoft.com","1"
"Mailbox Backup Appliance","c3d2e1f0-a9b8-4c7d-8e6f-5a4b3c2d1e0f","FolderBind","user725@crowleydev.onmicrosoft.com","1"
"Mailbox Backup Appliance","c3d2e1f0-a9b8-4c7d-8e6f-5a4b3c2d1e0f","FolderBind","user726@crowleydev.onmicrosoft.com","1"
"Mailbox Backup Appliance","c3d2e1f0-a9b8-4c7d-8e6f-5a4b3c2d1e0f","FolderBind","user727@crowleydev.onmicrosoft.com","1"
"Mailbox Backup Appliance","c3d2e1f0-a9b8-4c7d-8e6f-5a4b3c2d1e0f","FolderBind","user728@crowleydev.onmicrosoft.com","1"
"Mailbox Backup Appliance","c3d2e1f0-a9b8-4c7d-8e6f-5a4b3c2d1e0f","FolderBind","user729@crowleydev.onmicrosoft.com","1"
"Mailbox Backup Appliance","c3d2e1f0-a9b8-4c7d-8e6f-5a4b3c2d1e0f","FolderBind","user73@crowleydev.onmicrosoft.com","1"
"Mailbox Backup Appliance","c3d2e1f0-a9b8-4c7d-8e6f-5a4b3c2d1e0f","FolderBind","user730@crowleydev.onmicrosoft.com","1"
"Mailbox Backup Appliance","c3d2e1f0-a9b8-4c7d-8e6f-5a4b3c2d1e0f","FolderBind","user731@crowleydev.onmicrosoft.com","1"
"Mailbox Backup Appliance","c3d2e1f0-a9b8-4c7d-8e6f-5a4b3c2d1e0f","FolderBind","user732@crowleydev.onmicrosoft.com","1"
"Mailbox Backup Appliance","c3d2e1f0-a9b8-4c7d-8e6f-5a4b3c2d1e0f","FolderBind","user733@crowleydev.onmicrosoft.com","1"
"Mailbox Backup Appliance","c3d2e1f0-a9b8-4c7d-8e6f-5a4b3c2d1e0f","FolderBind","user734@crowleydev.onmicrosoft.com","1"
"Mailbox Backup Appliance","c3d2e1f0-a9b8-4c7d-8e6f-5a4b3c2d1e0f","FolderBind","user735@crowleydev.onmicrosoft.com","1"
"Mailbox Backup Appliance","c3d2e1f0-a9b8-4c7d-8e6f-5a4b3c2d1e0f","FolderBind","user736@crowleydev.onmicrosoft.com","1"
"Mailbox Backup Appliance","c3d2e1f0-a9b8-4c7d-8e6f-5a4b3c2d1e0f","FolderBind","user737@crowleydev.onmicrosoft.com","1"
"Mailbox Backup Appliance","c3d2e1f0-a9b8-4c7d-8e6f-5a4b3c2d1e0f","FolderBind","user738@crowleydev.onmicrosoft.com","1"
"Mailbox Backup Appliance","c3d2e1f0-a9b8-4c7d-8e6f-5a4b3c2d1e0f","FolderBind","user739@crowleydev.onmicrosoft.com","1"
"Mailbox Backup Appliance","c3d2e1f0-a9b8-4c7d-8e6f-5a4b3c2d1e0f","FolderBind","user74@crowleydev.onmicrosoft.com","1"
"Mailbox Backup Appliance","c3d2e1f0-a9b8-4c7d-8e6f-5a4b3c2d1e0f","FolderBind","user740@crowleydev.onmicrosoft.com","1"
"Mailbox Backup Appliance","c3d2e1f0-a9b8-4c7d-8e6f-5a4b3c2d1e0f","FolderBind","user741@crowleydev.onmicrosoft.com","1"
"Mailbox Backup Appliance","c3d2e1f0-a9b8-4c7d-8e6f-5a4b3c2d1e0f","FolderBind","user742@crowleydev.onmicrosoft.com","1"
"Mailbox Backup Appliance","c3d2e1f0-a9b8-4c7d-8e6f-5a4b3c2d1e0f","FolderBind","user743@crowleydev.onmicrosoft.com","1"
"Mailbox Backup Appliance","c3d2e1f0-a9b8-4c7d-8e6f-5a4b3c2d1e0f","FolderBind","user744@crowleydev.onmicrosoft.com","1"
"Mailbox Backup Appliance","c3d2e1f0-a9b8-4c7d-8e6f-5a4b3c2d1e0f","FolderBind","user745@crowleydev.onmicrosoft.com","1"
"Mailbox Backup Appliance","c3d2e1f0-a9b8-4c7d-8e6f-5a4b3c2d1e0f","FolderBind","user746@crowleydev.onmicrosoft.com","1"
"Mailbox Backup Appliance","c3d2e1f0-a9b8-4c7d-8e6f-5a4b3c2d1e0f","FolderBind","user747@crowleydev.onmicrosoft.com","1"
"Mailbox Backup Appliance","c3d2e1f0-a9b8-4c7d-8e6f-5a4b3c2d1e0f","FolderBind","user748@crowleydev.onmicrosoft.com","1"
"Mailbox Backup Appliance","c3d2e1f0-a9b8-4c7d-8e6f-5a4b3c2d1e0f","FolderBind","user749@crowleydev.onmicrosoft.com","1"
"Mailbox Backup Appliance","c3d2e1f0-a9b8-4c7d-8e6f-5a4b3c2d1e0f","FolderBind","user75@crowleydev.onmicrosoft.com","1"
"Mailbox Backup Appliance","c3d2e1f0-a9b8-4c7d-8e6f-5a4b3c2d1e0f","FolderBind","user750@crowleydev.onmicrosoft.com","1"
"Mailbox Backup Appliance","c3d2e1f0-a9b8-4c7d-8e6f-5a4b3c2d1e0f","FolderBind","user751@crowleydev.onmicrosoft.com","1"
"Mailbox Backup Appliance","c3d2e1f0-a9b8-4c7d-8e6f-5a4b3c2d1e0f","FolderBind","user752@crowleydev.onmicrosoft.com","1"
"Mailbox Backup Appliance","c3d2e1f0-a9b8-4c7d-8e6f-5a4b3c2d1e0f","FolderBind","user753@crowleydev.onmicrosoft.com","1"
"Mailbox Backup Appliance","c3d2e1f0-a9b8-4c7d-8e6f-5a4b3c2d1e0f","FolderBind","user754@crowleydev.onmicrosoft.com","1"
"Mailbox Backup Appliance","c3d2e1f0-a9b8-4c7d-8e6f-5a4b3c2d1e0f","FolderBind","user755@crowleydev.onmicrosoft.com","1"
"Mailbox Backup Appliance","c3d2e1f0-a9b8-4c7d-8e6f-5a4b3c2d1e0f","FolderBind","user756@crowleydev.onmicrosoft.com","1"
"Mailbox Backup Appliance","c3d2e1f0-a9b8-4c7d-8e6f-5a4b3c2d1e0f","FolderBind","user757@crowleydev.onmicrosoft.com","1"
"Mailbox Backup Appliance","c3d2e1f0-a9b8-4c7d-8e6f-5a4b3c2d1e0f","FolderBind","user758@crowleydev.onmicrosoft.com","1"
"Mailbox Backup Appliance","c3d2e1f0-a9b8-4c7d-8e6f-5a4b3c2d1e0f","FolderBind","user759@crowleydev.onmicrosoft.com","1"
"Mailbox Backup Appliance","c3d2e1f0-a9b8-4c7d-8e6f-5a4b3c2d1e0f","FolderBind","user76@crowleydev.onmicrosoft.com","1"
"Mailbox Backup Appliance","c3d2e1f0-a9b8-4c7d-8e6f-5a4b3c2d1e0f","FolderBind","user760@crowleydev.onmicrosoft.com","1"
"Mailbox Backup Appliance","c3d2e1f0-a9b8-4c7d-8e6f-5a4b3c2d1e0f","FolderBind","user761@crowleydev.onmicrosoft.com","1"
"Mailbox Backup Appliance","c3d2e1f0-a9b8-4c7d-8e6f-5a4b3c2d1e0f","FolderBind","user762@crowleydev.onmicrosoft.com","1"
"Mailbox Backup Appliance","c3d2e1f0-a9b8-4c7d-8e6f-5a4b3c2d1e0f","FolderBind","user763@crowleydev.onmicrosoft.com","1"
"Mailbox Backup Appliance","c3d2e1f0-a9b8-4c7d-8e6f-5a4b3c2d1e0f","FolderBind","user764@crowleydev.onmicrosoft.com","1"
"Mailbox Backup Appliance","c3d2e1f0-a9b8-4c7d-8e6f-5a4b3c2d1e0f","FolderBind","user765@crowleydev.onmicrosoft.com","1"
"Mailbox Backup Appliance","c3d2e1f0-a9b8-4c7d-8e6f-5a4b3c2d1e0f","FolderBind","user766@crowleydev.onmicrosoft.com","1"
"Mailbox Backup Appliance","c3d2e1f0-a9b8-4c7d-8e6f-5a4b3c2d1e0f","FolderBind","user767@crowleydev.onmicrosoft.com","1"
"Mailbox Backup Appliance","c3d2e1f0-a9b8-4c7d-8e6f-5a4b3c2d1e0f","FolderBind","user768@crowleydev.onmicrosoft.com","1"
"Mailbox Backup Appliance","c3d2e1f0-a9b8-4c7d-8e6f-5a4b3c2d1e0f","FolderBind","user769@crowleydev.onmicrosoft.com","1"
"Mailbox Backup Appliance","c3d2e1f0-a9b8-4c7d-8e6f-5a4b3c2d1e0f","FolderBind","user77@crowleydev.onmicrosoft.com","1"
"Mailbox Backup Appliance","c3d2e1f0-a9b8-4c7d-8e6f-5a4b3c2d1e0f","FolderBind","user770@crowleydev.onmicrosoft.com","1"
"Mailbox Backup Appliance","c3d2e1f0-a9b8-4c7d-8e6f-5a4b3c2d1e0f","FolderBind","user771@crowleydev.onmicrosoft.com","1"
"Mailbox Backup Appliance","c3d2e1f0-a9b8-4c7d-8e6f-5a4b3c2d1e0f","FolderBind","user772@crowleydev.onmicrosoft.com","1"
"Mailbox Backup Appliance","c3d2e1f0-a9b8-4c7d-8e6f-5a4b3c2d1e0f","FolderBind","user773@crowleydev.onmicrosoft.com","1"
"Mailbox Backup Appliance","c3d2e1f0-a9b8-4c7d-8e6f-5a4b3c2d1e0f","FolderBind","user774@crowleydev.onmicrosoft.com","1"
"Mailbox Backup Appliance","c3d2e1f0-a9b8-4c7d-8e6f-5a4b3c2d1e0f","FolderBind","user775@crowleydev.onmicrosoft.com","1"
"Mailbox Backup Appliance","c3d2e1f0-a9b8-4c7d-8e6f-5a4b3c2d1e0f","FolderBind","user776@crowleydev.onmicrosoft.com","1"
"Mailbox Backup Appliance","c3d2e1f0-a9b8-4c7d-8e6f-5a4b3c2d1e0f","FolderBind","user777@crowleydev.onmicrosoft.com","1"
"Mailbox Backup Appliance","c3d2e1f0-a9b8-4c7d-8e6f-5a4b3c2d1e0f","FolderBind","user778@crowleydev.onmicrosoft.com","1"
"Mailbox Backup Appliance","c3d2e1f0-a9b8-4c7d-8e6f-5a4b3c2d1e0f","FolderBind","user779@crowleydev.onmicrosoft.com","1"
"Mailbox Backup Appliance","c3d2e1f0-a9b8-4c7d-8e6f-5a4b3c2d1e0f","FolderBind","user78@crowleydev.onmicrosoft.com","1"
"Mailbox Backup Appliance","c3d2e1f0-a9b8-4c7d-8e6f-5a4b3c2d1e0f","FolderBind","user780@crowleydev.onmicrosoft.com","1"
"Mailbox Backup Appliance","c3d2e1f0-a9b8-4c7d-8e6f-5a4b3c2d1e0f","FolderBind","user781@crowleydev.onmicrosoft.com","1"
"Mailbox Backup Appliance","c3d2e1f0-a9b8-4c7d-8e6f-5a4b3c2d1e0f","FolderBind","user782@crowleydev.onmicrosoft.com","1"
"Mailbox Backup Appliance","c3d2e1f0-a9b8-4c7d-8e6f-5a4b3c2d1e0f","FolderBind","user783@crowleydev.onmicrosoft.com","1"
"Mailbox Backup Appliance","c3d2e1f0-a9b8-4c7d-8e6f-5a4b3c2d1e0f","FolderBind","user784@crowleydev.onmicrosoft.com","1"
"Mailbox Backup Appliance","c3d2e1f0-a9b8-4c7d-8e6f-5a4b3c2d1e0f","FolderBind","user785@crowleydev.onmicrosoft.com","1"
"Mailbox Backup Appliance","c3d2e1f0-a9b8-4c7d-8e6f-5a4b3c2d1e0f","FolderBind","user786@crowleydev.onmicrosoft.com","1"
"Mailbox Backup Appliance","c3d2e1f0-a9b8-4c7d-8e6f-5a4b3c2d1e0f","FolderBind","user787@crowleydev.onmicrosoft.com","1"
"Mailbox Backup Appliance","c3d2e1f0-a9b8-4c7d-8e6f-5a4b3c2d1e0f","FolderBind","user788@crowleydev.onmicrosoft.com","1"
"Mailbox Backup Appliance","c3d2e1f0-a9b8-4c7d-8e6f-5a4b3c2d1e0f","FolderBind","user789@crowleydev.onmicrosoft.com","1"
"Mailbox Backup Appliance","c3d2e1f0-a9b8-4c7d-8e6f-5a4b3c2d1e0f","FolderBind","user79@crowleydev.onmicrosoft.com","1"
"Mailbox Backup Appliance","c3d2e1f0-a9b8-4c7d-8e6f-5a4b3c2d1e0f","FolderBind","user790@crowleydev.onmicrosoft.com","1"
"Mailbox Backup Appliance","c3d2e1f0-a9b8-4c7d-8e6f-5a4b3c2d1e0f","FolderBind","user791@crowleydev.onmicrosoft.com","1"
"Mailbox Backup Appliance","c3d2e1f0-a9b8-4c7d-8e6f-5a4b3c2d1e0f","FolderBind","user792@crowleydev.onmicrosoft.com","1"
"Mailbox Backup Appliance","c3d2e1f0-a9b8-4c7d-8e6f-5a4b3c2d1e0f","FolderBind","user793@crowleydev.onmicrosoft.com","1"
"Mailbox Backup Appliance","c3d2e1f0-a9b8-4c7d-8e6f-5a4b3c2d1e0f","FolderBind","user794@crowleydev.onmicrosoft.com","1"
"Mailbox Backup Appliance","c3d2e1f0-a9b8-4c7d-8e6f-5a4b3c2d1e0f","FolderBind","user795@crowleydev.onmicrosoft.com","1"
"Mailbox Backup Appliance","c3d2e1f0-a9b8-4c7d-8e6f-5a4b3c2d1e0f","FolderBind","user796@crowleydev.onmicrosoft.com","1"
"Mailbox Backup Appliance","c3d2e1f0-a9b8-4c7d-8e6f-5a4b3c2d1e0f","FolderBind","user797@crowleydev.onmicrosoft.com","1"
"Mailbox Backup Appliance","c3d2e1f0-a9b8-4c7d-8e6f-5a4b3c2d1e0f","FolderBind","user798@crowleydev.onmicrosoft.com","1"
"Mailbox Backup Appliance","c3d2e1f0-a9b8-4c7d-8e6f-5a4b3c2d1e0f","FolderBind","user799@crowleydev.onmicrosoft.com","1"
"Mailbox Backup Appliance","c3d2e1f0-a9b8-4c7d-8e6f-5a4b3c2d1e0f","FolderBind","user8@crowleydev.onmicrosoft.com","1"
"Mailbox Backup Appliance","c3d2e1f0-a9b8-4c7d-8e6f-5a4b3c2d1e0f","FolderBind","user80@crowleydev.onmicrosoft.com","1"
"Mailbox Backup Appliance","c3d2e1f0-a9b8-4c7d-8e6f-5a4b3c2d1e0f","FolderBind","user800@crowleydev.onmicrosoft.com","1"
"Mailbox Backup Appliance","c3d2e1f0-a9b8-4c7d-8e6f-5a4b3c2d1e0f","FolderBind","user801@crowleydev.onmicrosoft.com","1"
"Mailbox Backup Appliance","c3d2e1f0-a9b8-4c7d-8e6f-5a4b3c2d1e0f","FolderBind","user802@crowleydev.onmicrosoft.com","1"
"Mailbox Backup Appliance","c3d2e1f0-a9b8-4c7d-8e6f-5a4b3c2d1e0f","FolderBind","user803@crowleydev.onmicrosoft.com","1"
"Mailbox Backup Appliance","c3d2e1f0-a9b8-4c7d-8e6f-5a4b3c2d1e0f","FolderBind","user804@crowleydev.onmicrosoft.com","1"
"Mailbox Backup Appliance","c3d2e1f0-a9b8-4c7d-8e6f-5a4b3c2d1e0f","FolderBind","user805@crowleydev.onmicrosoft.com","1"
"Mailbox Backup Appliance","c3d2e1f0-a9b8-4c7d-8e6f-5a4b3c2d1e0f","FolderBind","user806@crowleydev.onmicrosoft.com","1"
"Mailbox Backup Appliance","c3d2e1f0-a9b8-4c7d-8e6f-5a4b3c2d1e0f","FolderBind","user807@crowleydev.onmicrosoft.com","1"
"Mailbox Backup Appliance","c3d2e1f0-a9b8-4c7d-8e6f-5a4b3c2d1e0f","FolderBind","user808@crowleydev.onmicrosoft.com","1"
"Mailbox Backup Appliance","c3d2e1f0-a9b8-4c7d-8e6f-5a4b3c2d1e0f","FolderBind","user809@crowleydev.onmicrosoft.com","1"
"Mailbox Backup Appliance","c3d2e1f0-a9b8-4c7d-8e6f-5a4b3c2d1e0f","FolderBind","user81@crowleydev.onmicrosoft.com","1"
"Mailbox Backup Appliance","c3d2e1f0-a9b8-4c7d-8e6f-5a4b3c2d1e0f","FolderBind","user810@crowleydev.onmicrosoft.com","1"
"Mailbox Backup Appliance","c3d2e1f0-a9b8-4c7d-8e6f-5a4b3c2d1e0f","FolderBind","user811@crowleydev.onmicrosoft.com","1"
"Mailbox Backup Appliance","c3d2e1f0-a9b8-4c7d-8e6f-5a4b3c2d1e0f","FolderBind","user812@crowleydev.onmicrosoft.com","1"
"Mailbox Backup Appliance","c3d2e1f0-a9b8-4c7d-8e6f-5a4b3c2d1e0f","FolderBind","user813@crowleydev.onmicrosoft.com","1"
"Mailbox Backup Appliance","c3d2e1f0-a9b8-4c7d-8e6f-5a4b3c2d1e0f","FolderBind","user814@crowleydev.onmicrosoft.com","1"
"Mailbox Backup Appliance","c3d2e1f0-a9b8-4c7d-8e6f-5a4b3c2d1e0f","FolderBind","user815@crowleydev.onmicrosoft.com","1"
"Mailbox Backup Appliance","c3d2e1f0-a9b8-4c7d-8e6f-5a4b3c2d1e0f","FolderBind","user816@crowleydev.onmicrosoft.com","1"
"Mailbox Backup Appliance","c3d2e1f0-a9b8-4c7d-8e6f-5a4b3c2d1e0f","FolderBind","user817@crowleydev.onmicrosoft.com","1"
"Mailbox Backup Appliance","c3d2e1f0-a9b8-4c7d-8e6f-5a4b3c2d1e0f","FolderBind","user818@crowleydev.onmicrosoft.com","1"
"Mailbox Backup Appliance","c3d2e1f0-a9b8-4c7d-8e6f-5a4b3c2d1e0f","FolderBind","user819@crowleydev.onmicrosoft.com","1"
"Mailbox Backup Appliance","c3d2e1f0-a9b8-4c7d-8e6f-5a4b3c2d1e0f","FolderBind","user82@crowleydev.onmicrosoft.com","1"
"Mailbox Backup Appliance","c3d2e1f0-a9b8-4c7d-8e6f-5a4b3c2d1e0f","FolderBind","user820@crowleydev.onmicrosoft.com","1"
"Mailbox Backup Appliance","c3d2e1f0-a9b8-4c7d-8e6f-5a4b3c2d1e0f","FolderBind","user821@crowleydev.onmicrosoft.com","1"
"Mailbox Backup Appliance","c3d2e1f0-a9b8-4c7d-8e6f-5a4b3c2d1e0f","FolderBind","user822@crowleydev.onmicrosoft.com","1"
"Mailbox Backup Appliance","c3d2e1f0-a9b8-4c7d-8e6f-5a4b3c2d1e0f","FolderBind","user823@crowleydev.onmicrosoft.com","1"
"Mailbox Backup Appliance","c3d2e1f0-a9b8-4c7d-8e6f-5a4b3c2d1e0f","FolderBind","user824@crowleydev.onmicrosoft.com","1"
"Mailbox Backup Appliance","c3d2e1f0-a9b8-4c7d-8e6f-5a4b3c2d1e0f","FolderBind","user825@crowleydev.onmicrosoft.com","1"
"Mailbox Backup Appliance","c3d2e1f0-a9b8-4c7d-8e6f-5a4b3c2d1e0f","FolderBind","user826@crowleydev.onmicrosoft.com","1"
"Mailbox Backup Appliance","c3d2e1f0-a9b8-4c7d-8e6f-5a4b3c2d1e0f","FolderBind","user827@crowleydev.onmicrosoft.com","1"
"Mailbox Backup Appliance","c3d2e1f0-a9b8-4c7d-8e6f-5a4b3c2d1e0f","FolderBind","user828@crowleydev.onmicrosoft.com","1"
"Mailbox Backup Appliance","c3d2e1f0-a9b8-4c7d-8e6f-5a4b3c2d1e0f","FolderBind","user829@crowleydev.onmicrosoft.com","1"
"Mailbox Backup Appliance","c3d2e1f0-a9b8-4c7d-8e6f-5a4b3c2d1e0f","FolderBind","user83@crowleydev.onmicrosoft.com","1"
"Mailbox Backup Appliance","c3d2e1f0-a9b8-4c7d-8e6f-5a4b3c2d1e0f","FolderBind","user830@crowleydev.onmicrosoft.com","1"
"Mailbox Backup Appliance","c3d2e1f0-a9b8-4c7d-8e6f-5a4b3c2d1e0f","FolderBind","user831@crowleydev.onmicrosoft.com","1"
"Mailbox Backup Appliance","c3d2e1f0-a9b8-4c7d-8e6f-5a4b3c2d1e0f","FolderBind","user832@crowleydev.onmicrosoft.com","1"
"Mailbox Backup Appliance","c3d2e1f0-a9b8-4c7d-8e6f-5a4b3c2d1e0f","FolderBind","user833@crowleydev.onmicrosoft.com","1"
"Mailbox Backup Appliance","c3d2e1f0-a9b8-4c7d-8e6f-5a4b3c2d1e0f","FolderBind","user834@crowleydev.onmicrosoft.com","1"
"Mailbox Backup Appliance","c3d2e1f0-a9b8-4c7d-8e6f-5a4b3c2d1e0f","FolderBind","user835@crowleydev.onmicrosoft.com","1"
"Mailbox Backup Appliance","c3d2e1f0-a9b8-4c7d-8e6f-5a4b3c2d1e0f","FolderBind","user836@crowleydev.onmicrosoft.com","1"
"Mailbox Backup Appliance","c3d2e1f0-a9b8-4c7d-8e6f-5a4b3c2d1e0f","FolderBind","user837@crowleydev.onmicrosoft.com","1"
"Mailbox Backup Appliance","c3d2e1f0-a9b8-4c7d-8e6f-5a4b3c2d1e0f","FolderBind","user838@crowleydev.onmicrosoft.com","1"
"Mailbox Backup Appliance","c3d2e1f0-a9b8-4c7d-8e6f-5a4b3c2d1e0f","FolderBind","user839@crowleydev.onmicrosoft.com","1"
"Mailbox Backup Appliance","c3d2e1f0-a9b8-4c7d-8e6f-5a4b3c2d1e0f","FolderBind","user84@crowleydev.onmicrosoft.com","1"
"Mailbox Backup Appliance","c3d2e1f0-a9b8-4c7d-8e6f-5a4b3c2d1e0f","FolderBind","user840@crowleydev.onmicrosoft.com","1"
"Mailbox Backup Appliance","c3d2e1f0-a9b8-4c7d-8e6f-5a4b3c2d1e0f","FolderBind","user841@crowleydev.onmicrosoft.com","1"
"Mailbox Backup Appliance","c3d2e1f0-a9b8-4c7d-8e6f-5a4b3c2d1e0f","FolderBind","user842@crowleydev.onmicrosoft.com","1"
"Mailbox Backup Appliance","c3d2e1f0-a9b8-4c7d-8e6f-5a4b3c2d1e0f","FolderBind","user843@crowleydev.onmicrosoft.com","1"
"Mailbox Backup Appliance","c3d2e1f0-a9b8-4c7d-8e6f-5a4b3c2d1e0f","FolderBind","user844@crowleydev.onmicrosoft.com","1"
"Mailbox Backup Appliance","c3d2e1f0-a9b8-4c7d-8e6f-5a4b3c2d1e0f","FolderBind","user845@crowleydev.onmicrosoft.com","1"
"Mailbox Backup Appliance","c3d2e1f0-a9b8-4c7d-8e6f-5a4b3c2d1e0f","FolderBind","user846@crowleydev.onmicrosoft.com","1"
"Mailbox Backup Appliance","c3d2e1f0-a9b8-4c7d-8e6f-5a4b3c2d1e0f","FolderBind","user847@crowleydev.onmicrosoft.com","1"
"Mailbox Backup Appliance","c3d2e1f0-a9b8-4c7d-8e6f-5a4b3c2d1e0f","FolderBind","user848@crowleydev.onmicrosoft.com","1"
"Mailbox Backup Appliance","c3d2e1f0-a9b8-4c7d-8e6f-5a4b3c2d1e0f","FolderBind","user849@crowleydev.onmicrosoft.com","1"
"Mailbox Backup Appliance","c3d2e1f0-a9b8-4c7d-8e6f-5a4b3c2d1e0f","FolderBind","user85@crowleydev.onmicrosoft.com","1"
"Mailbox Backup Appliance","c3d2e1f0-a9b8-4c7d-8e6f-5a4b3c2d1e0f","FolderBind","user850@crowleydev.onmicrosoft.com","1"
"Mailbox Backup Appliance","c3d2e1f0-a9b8-4c7d-8e6f-5a4b3c2d1e0f","FolderBind","user851@crowleydev.onmicrosoft.com","1"
"Mailbox Backup Appliance","c3d2e1f0-a9b8-4c7d-8e6f-5a4b3c2d1e0f","FolderBind","user852@crowleydev.onmicrosoft.com","1"
"Mailbox Backup Appliance","c3d2e1f0-a9b8-4c7d-8e6f-5a4b3c2d1e0f","FolderBind","user853@crowleydev.onmicrosoft.com","1"
"Mailbox Backup Appliance","c3d2e1f0-a9b8-4c7d-8e6f-5a4b3c2d1e0f","FolderBind","user854@crowleydev.onmicrosoft.com","1"
"Mailbox Backup Appliance","c3d2e1f0-a9b8-4c7d-8e6f-5a4b3c2d1e0f","FolderBind","user855@crowleydev.onmicrosoft.com","1"
"Mailbox Backup Appliance","c3d2e1f0-a9b8-4c7d-8e6f-5a4b3c2d1e0f","FolderBind","user856@crowleydev.onmicrosoft.com","1"
"Mailbox Backup Appliance","c3d2e1f0-a9b8-4c7d-8e6f-5a4b3c2d1e0f","FolderBind","user857@crowleydev.onmicrosoft.com","1"
"Mailbox Backup Appliance","c3d2e1f0-a9b8-4c7d-8e6f-5a4b3c2d1e0f","FolderBind","user858@crowleydev.onmicrosoft.com","1"
"Mailbox Backup Appliance","c3d2e1f0-a9b8-4c7d-8e6f-5a4b3c2d1e0f","FolderBind","user859@crowleydev.onmicrosoft.com","1"
"Mailbox Backup Appliance","c3d2e1f0-a9b8-4c7d-8e6f-5a4b3c2d1e0f","FolderBind","user86@crowleydev.onmicrosoft.com","1"
"Mailbox Backup Appliance","c3d2e1f0-a9b8-4c7d-8e6f-5a4b3c2d1e0f","FolderBind","user860@crowleydev.onmicrosoft.com","1"
"Mailbox Backup Appliance","c3d2e1f0-a9b8-4c7d-8e6f-5a4b3c2d1e0f","FolderBind","user861@crowleydev.onmicrosoft.com","1"
"Mailbox Backup Appliance","c3d2e1f0-a9b8-4c7d-8e6f-5a4b3c2d1e0f","FolderBind","user862@crowleydev.onmicrosoft.com","1"
"Mailbox Backup Appliance","c3d2e1f0-a9b8-4c7d-8e6f-5a4b3c2d1e0f","FolderBind","user863@crowleydev.onmicrosoft.com","1"
"Mailbox Backup Appliance","c3d2e1f0-a9b8-4c7d-8e6f-5a4b3c2d1e0f","FolderBind","user864@crowleydev.onmicrosoft.com","1"
"Mailbox Backup Appliance","c3d2e1f0-a9b8-4c7d-8e6f-5a4b3c2d1e0f","FolderBind","user865@crowleydev.onmicrosoft.com","1"
"Mailbox Backup Appliance","c3d2e1f0-a9b8-4c7d-8e6f-5a4b3c2d1e0f","FolderBind","user866@crowleydev.onmicrosoft.com","1"
"Mailbox Backup Appliance","c3d2e1f0-a9b8-4c7d-8e6f-5a4b3c2d1e0f","FolderBind","user867@crowleydev.onmicrosoft.com","1"
"Mailbox Backup Appliance","c3d2e1f0-a9b8-4c7d-8e6f-5a4b3c2d1e0f","FolderBind","user868@crowleydev.onmicrosoft.com","1"
"Mailbox Backup Appliance","c3d2e1f0-a9b8-4c7d-8e6f-5a4b3c2d1e0f","FolderBind","user869@crowleydev.onmicrosoft.com","1"
"Mailbox Backup Appliance","c3d2e1f0-a9b8-4c7d-8e6f-5a4b3c2d1e0f","FolderBind","user87@crowleydev.onmicrosoft.com","1"
"Mailbox Backup Appliance","c3d2e1f0-a9b8-4c7d-8e6f-5a4b3c2d1e0f","FolderBind","user870@crowleydev.onmicrosoft.com","1"
"Mailbox Backup Appliance","c3d2e1f0-a9b8-4c7d-8e6f-5a4b3c2d1e0f","FolderBind","user871@crowleydev.onmicrosoft.com","1"
"Mailbox Backup Appliance","c3d2e1f0-a9b8-4c7d-8e6f-5a4b3c2d1e0f","FolderBind","user872@crowleydev.onmicrosoft.com","1"
"Mailbox Backup Appliance","c3d2e1f0-a9b8-4c7d-8e6f-5a4b3c2d1e0f","FolderBind","user873@crowleydev.onmicrosoft.com","1"
"Mailbox Backup Appliance","c3d2e1f0-a9b8-4c7d-8e6f-5a4b3c2d1e0f","FolderBind","user874@crowleydev.onmicrosoft.com","1"
"Mailbox Backup Appliance","c3d2e1f0-a9b8-4c7d-8e6f-5a4b3c2d1e0f","FolderBind","user875@crowleydev.onmicrosoft.com","1"
"Mailbox Backup Appliance","c3d2e1f0-a9b8-4c7d-8e6f-5a4b3c2d1e0f","FolderBind","user876@crowleydev.onmicrosoft.com","1"
"Mailbox Backup Appliance","c3d2e1f0-a9b8-4c7d-8e6f-5a4b3c2d1e0f","FolderBind","user877@crowleydev.onmicrosoft.com","1"
"Mailbox Backup Appliance","c3d2e1f0-a9b8-4c7d-8e6f-5a4b3c2d1e0f","FolderBind","user878@crowleydev.onmicrosoft.com","1"
"Mailbox Backup Appliance","c3d2e1f0-a9b8-4c7d-8e6f-5a4b3c2d1e0f","FolderBind","user879@crowleydev.onmicrosoft.com","1"
"Mailbox Backup Appliance","c3d2e1f0-a9b8-4c7d-8e6f-5a4b3c2d1e0f","FolderBind","user88@crowleydev.onmicrosoft.com","1"
"Mailbox Backup Appliance","c3d2e1f0-a9b8-4c7d-8e6f-5a4b3c2d1e0f","FolderBind","user880@crowleydev.onmicrosoft.com","1"
"Mailbox Backup Appliance","c3d2e1f0-a9b8-4c7d-8e6f-5a4b3c2d1e0f","FolderBind","user881@crowleydev.onmicrosoft.com","1"
"Mailbox Backup Appliance","c3d2e1f0-a9b8-4c7d-8e6f-5a4b3c2d1e0f","FolderBind","user882@crowleydev.onmicrosoft.com","1"
"Mailbox Backup Appliance","c3d2e1f0-a9b8-4c7d-8e6f-5a4b3c2d1e0f","FolderBind","user883@crowleydev.onmicrosoft.com","1"
"Mailbox Backup Appliance","c3d2e1f0-a9b8-4c7d-8e6f-5a4b3c2d1e0f","FolderBind","user884@crowleydev.onmicrosoft.com","1"
"Mailbox Backup Appliance","c3d2e1f0-a9b8-4c7d-8e6f-5a4b3c2d1e0f","FolderBind","user885@crowleydev.onmicrosoft.com","1"
"Mailbox Backup Appliance","c3d2e1f0-a9b8-4c7d-8e6f-5a4b3c2d1e0f","FolderBind","user886@crowleydev.onmicrosoft.com","1"
"Mailbox Backup Appliance","c3d2e1f0-a9b8-4c7d-8e6f-5a4b3c2d1e0f","FolderBind","user887@crowleydev.onmicrosoft.com","1"
"Mailbox Backup Appliance","c3d2e1f0-a9b8-4c7d-8e6f-5a4b3c2d1e0f","FolderBind","user888@crowleydev.onmicrosoft.com","1"
"Mailbox Backup Appliance","c3d2e1f0-a9b8-4c7d-8e6f-5a4b3c2d1e0f","FolderBind","user889@crowleydev.onmicrosoft.com","1"
"Mailbox Backup Appliance","c3d2e1f0-a9b8-4c7d-8e6f-5a4b3c2d1e0f","FolderBind","user89@crowleydev.onmicrosoft.com","1"
"Mailbox Backup Appliance","c3d2e1f0-a9b8-4c7d-8e6f-5a4b3c2d1e0f","FolderBind","user890@crowleydev.onmicrosoft.com","1"
"Mailbox Backup Appliance","c3d2e1f0-a9b8-4c7d-8e6f-5a4b3c2d1e0f","FolderBind","user891@crowleydev.onmicrosoft.com","1"
"Mailbox Backup Appliance","c3d2e1f0-a9b8-4c7d-8e6f-5a4b3c2d1e0f","FolderBind","user892@crowleydev.onmicrosoft.com","1"
"Mailbox Backup Appliance","c3d2e1f0-a9b8-4c7d-8e6f-5a4b3c2d1e0f","FolderBind","user893@crowleydev.onmicrosoft.com","1"
"Mailbox Backup Appliance","c3d2e1f0-a9b8-4c7d-8e6f-5a4b3c2d1e0f","FolderBind","user894@crowleydev.onmicrosoft.com","1"
"Mailbox Backup Appliance","c3d2e1f0-a9b8-4c7d-8e6f-5a4b3c2d1e0f","FolderBind","user895@crowleydev.onmicrosoft.com","1"
"Mailbox Backup Appliance","c3d2e1f0-a9b8-4c7d-8e6f-5a4b3c2d1e0f","FolderBind","user896@crowleydev.onmicrosoft.com","1"
"Mailbox Backup Appliance","c3d2e1f0-a9b8-4c7d-8e6f-5a4b3c2d1e0f","FolderBind","user897@crowleydev.onmicrosoft.com","1"
"Mailbox Backup Appliance","c3d2e1f0-a9b8-4c7d-8e6f-5a4b3c2d1e0f","FolderBind","user898@crowleydev.onmicrosoft.com","1"
"Mailbox Backup Appliance","c3d2e1f0-a9b8-4c7d-8e6f-5a4b3c2d1e0f","FolderBind","user899@crowleydev.onmicrosoft.com","1"
"Mailbox Backup Appliance","c3d2e1f0-a9b8-4c7d-8e6f-5a4b3c2d1e0f","FolderBind","user9@crowleydev.onmicrosoft.com","1"
"Mailbox Backup Appliance","c3d2e1f0-a9b8-4c7d-8e6f-5a4b3c2d1e0f","FolderBind","user90@crowleydev.onmicrosoft.com","1"
"Mailbox Backup Appliance","c3d2e1f0-a9b8-4c7d-8e6f-5a4b3c2d1e0f","FolderBind","user900@crowleydev.onmicrosoft.com","1"
"Mailbox Backup Appliance","c3d2e1f0-a9b8-4c7d-8e6f-5a4b3c2d1e0f","FolderBind","user901@crowleydev.onmicrosoft.com","1"
"Mailbox Backup Appliance","c3d2e1f0-a9b8-4c7d-8e6f-5a4b3c2d1e0f","FolderBind","user902@crowleydev.onmicrosoft.com","1"
"Mailbox Backup Appliance","c3d2e1f0-a9b8-4c7d-8e6f-5a4b3c2d1e0f","FolderBind","user903@crowleydev.onmicrosoft.com","1"
"Mailbox Backup Appliance","c3d2e1f0-a9b8-4c7d-8e6f-5a4b3c2d1e0f","FolderBind","user904@crowleydev.onmicrosoft.com","1"
"Mailbox Backup Appliance","c3d2e1f0-a9b8-4c7d-8e6f-5a4b3c2d1e0f","FolderBind","user905@crowleydev.onmicrosoft.com","1"
"Mailbox Backup Appliance","c3d2e1f0-a9b8-4c7d-8e6f-5a4b3c2d1e0f","FolderBind","user906@crowleydev.onmicrosoft.com","1"
"Mailbox Backup Appliance","c3d2e1f0-a9b8-4c7d-8e6f-5a4b3c2d1e0f","FolderBind","user907@crowleydev.onmicrosoft.com","1"
"Mailbox Backup Appliance","c3d2e1f0-a9b8-4c7d-8e6f-5a4b3c2d1e0f","FolderBind","user908@crowleydev.onmicrosoft.com","1"
"Mailbox Backup Appliance","c3d2e1f0-a9b8-4c7d-8e6f-5a4b3c2d1e0f","FolderBind","user909@crowleydev.onmicrosoft.com","1"
"Mailbox Backup Appliance","c3d2e1f0-a9b8-4c7d-8e6f-5a4b3c2d1e0f","FolderBind","user91@crowleydev.onmicrosoft.com","1"
"Mailbox Backup Appliance","c3d2e1f0-a9b8-4c7d-8e6f-5a4b3c2d1e0f","FolderBind","user910@crowleydev.onmicrosoft.com","1"
"Mailbox Backup Appliance","c3d2e1f0-a9b8-4c7d-8e6f-5a4b3c2d1e0f","FolderBind","user911@crowleydev.onmicrosoft.com","1"
"Mailbox Backup Appliance","c3d2e1f0-a9b8-4c7d-8e6f-5a4b3c2d1e0f","FolderBind","user912@crowleydev.onmicrosoft.com","1"
"Mailbox Backup Appliance","c3d2e1f0-a9b8-4c7d-8e6f-5a4b3c2d1e0f","FolderBind","user913@crowleydev.onmicrosoft.com","1"
"Mailbox Backup Appliance","c3d2e1f0-a9b8-4c7d-8e6f-5a4b3c2d1e0f","FolderBind","user914@crowleydev.onmicrosoft.com","1"
"Mailbox Backup Appliance","c3d2e1f0-a9b8-4c7d-8e6f-5a4b3c2d1e0f","FolderBind","user915@crowleydev.onmicrosoft.com","1"
"Mailbox Backup Appliance","c3d2e1f0-a9b8-4c7d-8e6f-5a4b3c2d1e0f","FolderBind","user916@crowleydev.onmicrosoft.com","1"
"Mailbox Backup Appliance","c3d2e1f0-a9b8-4c7d-8e6f-5a4b3c2d1e0f","FolderBind","user917@crowleydev.onmicrosoft.com","1"
"Mailbox Backup Appliance","c3d2e1f0-a9b8-4c7d-8e6f-5a4b3c2d1e0f","FolderBind","user918@crowleydev.onmicrosoft.com","1"
"Mailbox Backup Appliance","c3d2e1f0-a9b8-4c7d-8e6f-5a4b3c2d1e0f","FolderBind","user919@crowleydev.onmicrosoft.com","1"
"Mailbox Backup Appliance","c3d2e1f0-a9b8-4c7d-8e6f-5a4b3c2d1e0f","FolderBind","user92@crowleydev.onmicrosoft.com","1"
"Mailbox Backup Appliance","c3d2e1f0-a9b8-4c7d-8e6f-5a4b3c2d1e0f","FolderBind","user920@crowleydev.onmicrosoft.com","1"
"Mailbox Backup Appliance","c3d2e1f0-a9b8-4c7d-8e6f-5a4b3c2d1e0f","FolderBind","user921@crowleydev.onmicrosoft.com","1"
"Mailbox Backup Appliance","c3d2e1f0-a9b8-4c7d-8e6f-5a4b3c2d1e0f","FolderBind","user922@crowleydev.onmicrosoft.com","1"
"Mailbox Backup Appliance","c3d2e1f0-a9b8-4c7d-8e6f-5a4b3c2d1e0f","FolderBind","user923@crowleydev.onmicrosoft.com","1"
"Mailbox Backup Appliance","c3d2e1f0-a9b8-4c7d-8e6f-5a4b3c2d1e0f","FolderBind","user924@crowleydev.onmicrosoft.com","1"
"Mailbox Backup Appliance","c3d2e1f0-a9b8-4c7d-8e6f-5a4b3c2d1e0f","FolderBind","user925@crowleydev.onmicrosoft.com","1"
"Mailbox Backup Appliance","c3d2e1f0-a9b8-4c7d-8e6f-5a4b3c2d1e0f","FolderBind","user926@crowleydev.onmicrosoft.com","1"
"Mailbox Backup Appliance","c3d2e1f0-a9b8-4c7d-8e6f-5a4b3c2d1e0f","FolderBind","user927@crowleydev.onmicrosoft.com","1"
"Mailbox Backup Appliance","c3d2e1f0-a9b8-4c7d-8e6f-5a4b3c2d1e0f","FolderBind","user928@crowleydev.onmicrosoft.com","1"
"Mailbox Backup Appliance","c3d2e1f0-a9b8-4c7d-8e6f-5a4b3c2d1e0f","FolderBind","user929@crowleydev.onmicrosoft.com","1"
"Mailbox Backup Appliance","c3d2e1f0-a9b8-4c7d-8e6f-5a4b3c2d1e0f","FolderBind","user93@crowleydev.onmicrosoft.com","1"
"Mailbox Backup Appliance","c3d2e1f0-a9b8-4c7d-8e6f-5a4b3c2d1e0f","FolderBind","user930@crowleydev.onmicrosoft.com","1"
"Mailbox Backup Appliance","c3d2e1f0-a9b8-4c7d-8e6f-5a4b3c2d1e0f","FolderBind","user931@crowleydev.onmicrosoft.com","1"
"Mailbox Backup Appliance","c3d2e1f0-a9b8-4c7d-8e6f-5a4b3c2d1e0f","FolderBind","user932@crowleydev.onmicrosoft.com","1"
"Mailbox Backup Appliance","c3d2e1f0-a9b8-4c7d-8e6f-5a4b3c2d1e0f","FolderBind","user933@crowleydev.onmicrosoft.com","1"
"Mailbox Backup Appliance","c3d2e1f0-a9b8-4c7d-8e6f-5a4b3c2d1e0f","FolderBind","user934@crowleydev.onmicrosoft.com","1"
"Mailbox Backup Appliance","c3d2e1f0-a9b8-4c7d-8e6f-5a4b3c2d1e0f","FolderBind","user935@crowleydev.onmicrosoft.com","1"
"Mailbox Backup Appliance","c3d2e1f0-a9b8-4c7d-8e6f-5a4b3c2d1e0f","FolderBind","user936@crowleydev.onmicrosoft.com","1"
"Mailbox Backup Appliance","c3d2e1f0-a9b8-4c7d-8e6f-5a4b3c2d1e0f","FolderBind","user937@crowleydev.onmicrosoft.com","1"
"Mailbox Backup Appliance","c3d2e1f0-a9b8-4c7d-8e6f-5a4b3c2d1e0f","FolderBind","user938@crowleydev.onmicrosoft.com","1"
"Mailbox Backup Appliance","c3d2e1f0-a9b8-4c7d-8e6f-5a4b3c2d1e0f","FolderBind","user939@crowleydev.onmicrosoft.com","1"
"Mailbox Backup Appliance","c3d2e1f0-a9b8-4c7d-8e6f-5a4b3c2d1e0f","FolderBind","user94@crowleydev.onmicrosoft.com","1"
"Mailbox Backup Appliance","c3d2e1f0-a9b8-4c7d-8e6f-5a4b3c2d1e0f","FolderBind","user940@crowleydev.onmicrosoft.com","1"
"Mailbox Backup Appliance","c3d2e1f0-a9b8-4c7d-8e6f-5a4b3c2d1e0f","FolderBind","user941@crowleydev.onmicrosoft.com","1"
"Mailbox Backup Appliance","c3d2e1f0-a9b8-4c7d-8e6f-5a4b3c2d1e0f","FolderBind","user942@crowleydev.onmicrosoft.com","1"
"Mailbox Backup Appliance","c3d2e1f0-a9b8-4c7d-8e6f-5a4b3c2d1e0f","FolderBind","user943@crowleydev.onmicrosoft.com","1"
"Mailbox Backup Appliance","c3d2e1f0-a9b8-4c7d-8e6f-5a4b3c2d1e0f","FolderBind","user944@crowleydev.onmicrosoft.com","1"
"Mailbox Backup Appliance","c3d2e1f0-a9b8-4c7d-8e6f-5a4b3c2d1e0f","FolderBind","user945@crowleydev.onmicrosoft.com","1"
"Mailbox Backup Appliance","c3d2e1f0-a9b8-4c7d-8e6f-5a4b3c2d1e0f","FolderBind","user946@crowleydev.onmicrosoft.com","1"
"Mailbox Backup Appliance","c3d2e1f0-a9b8-4c7d-8e6f-5a4b3c2d1e0f","FolderBind","user947@crowleydev.onmicrosoft.com","1"
"Mailbox Backup Appliance","c3d2e1f0-a9b8-4c7d-8e6f-5a4b3c2d1e0f","FolderBind","user948@crowleydev.onmicrosoft.com","1"
"Mailbox Backup Appliance","c3d2e1f0-a9b8-4c7d-8e6f-5a4b3c2d1e0f","FolderBind","user949@crowleydev.onmicrosoft.com","1"
"Mailbox Backup Appliance","c3d2e1f0-a9b8-4c7d-8e6f-5a4b3c2d1e0f","FolderBind","user95@crowleydev.onmicrosoft.com","1"
"Mailbox Backup Appliance","c3d2e1f0-a9b8-4c7d-8e6f-5a4b3c2d1e0f","FolderBind","user950@crowleydev.onmicrosoft.com","1"
"Mailbox Backup Appliance","c3d2e1f0-a9b8-4c7d-8e6f-5a4b3c2d1e0f","FolderBind","user951@crowleydev.onmicrosoft.com","1"
"Mailbox Backup Appliance","c3d2e1f0-a9b8-4c7d-8e6f-5a4b3c2d1e0f","FolderBind","user952@crowleydev.onmicrosoft.com","1"
"Mailbox Backup Appliance","c3d2e1f0-a9b8-4c7d-8e6f-5a4b3c2d1e0f","FolderBind","user953@crowleydev.onmicrosoft.com","1"
"Mailbox Backup Appliance","c3d2e1f0-a9b8-4c7d-8e6f-5a4b3c2d1e0f","FolderBind","user954@crowleydev.onmicrosoft.com","1"
"Mailbox Backup Appliance","c3d2e1f0-a9b8-4c7d-8e6f-5a4b3c2d1e0f","FolderBind","user955@crowleydev.onmicrosoft.com","1"
"Mailbox Backup Appliance","c3d2e1f0-a9b8-4c7d-8e6f-5a4b3c2d1e0f","FolderBind","user956@crowleydev.onmicrosoft.com","1"
"Mailbox Backup Appliance","c3d2e1f0-a9b8-4c7d-8e6f-5a4b3c2d1e0f","FolderBind","user957@crowleydev.onmicrosoft.com","1"
"Mailbox Backup Appliance","c3d2e1f0-a9b8-4c7d-8e6f-5a4b3c2d1e0f","FolderBind","user958@crowleydev.onmicrosoft.com","1"
"Mailbox Backup Appliance","c3d2e1f0-a9b8-4c7d-8e6f-5a4b3c2d1e0f","FolderBind","user959@crowleydev.onmicrosoft.com","1"
"Mailbox Backup Appliance","c3d2e1f0-a9b8-4c7d-8e6f-5a4b3c2d1e0f","FolderBind","user96@crowleydev.onmicrosoft.com","1"
"Mailbox Backup Appliance","c3d2e1f0-a9b8-4c7d-8e6f-5a4b3c2d1e0f","FolderBind","user960@crowleydev.onmicrosoft.com","1"
"Mailbox Backup Appliance","c3d2e1f0-a9b8-4c7d-8e6f-5a4b3c2d1e0f","FolderBind","user961@crowleydev.onmicrosoft.com","1"
"Mailbox Backup Appliance","c3d2e1f0-a9b8-4c7d-8e6f-5a4b3c2d1e0f","FolderBind","user962@crowleydev.onmicrosoft.com","1"
"Mailbox Backup Appliance","c3d2e1f0-a9b8-4c7d-8e6f-5a4b3c2d1e0f","FolderBind","user963@crowleydev.onmicrosoft.com","1"
"Mailbox Backup Appliance","c3d2e1f0-a9b8-4c7d-8e6f-5a4b3c2d1e0f","FolderBind","user964@crowleydev.onmicrosoft.com","1"
"Mailbox Backup Appliance","c3d2e1f0-a9b8-4c7d-8e6f-5a4b3c2d1e0f","FolderBind","user965@crowleydev.onmicrosoft.com","1"
"Mailbox Backup Appliance","c3d2e1f0-a9b8-4c7d-8e6f-5a4b3c2d1e0f","FolderBind","user966@crowleydev.onmicrosoft.com","1"
"Mailbox Backup Appliance","c3d2e1f0-a9b8-4c7d-8e6f-5a4b3c2d1e0f","FolderBind","user967@crowleydev.onmicrosoft.com","1"
"Mailbox Backup Appliance","c3d2e1f0-a9b8-4c7d-8e6f-5a4b3c2d1e0f","FolderBind","user968@crowleydev.onmicrosoft.com","1"
"Mailbox Backup Appliance","c3d2e1f0-a9b8-4c7d-8e6f-5a4b3c2d1e0f","FolderBind","user969@crowleydev.onmicrosoft.com","1"
"Mailbox Backup Appliance","c3d2e1f0-a9b8-4c7d-8e6f-5a4b3c2d1e0f","FolderBind","user97@crowleydev.onmicrosoft.com","1"
"Mailbox Backup Appliance","c3d2e1f0-a9b8-4c7d-8e6f-5a4b3c2d1e0f","FolderBind","user970@crowleydev.onmicrosoft.com","1"
"Mailbox Backup Appliance","c3d2e1f0-a9b8-4c7d-8e6f-5a4b3c2d1e0f","FolderBind","user971@crowleydev.onmicrosoft.com","1"
"Mailbox Backup Appliance","c3d2e1f0-a9b8-4c7d-8e6f-5a4b3c2d1e0f","FolderBind","user972@crowleydev.onmicrosoft.com","1"
"Mailbox Backup Appliance","c3d2e1f0-a9b8-4c7d-8e6f-5a4b3c2d1e0f","FolderBind","user973@crowleydev.onmicrosoft.com","1"
"Mailbox Backup Appliance","c3d2e1f0-a9b8-4c7d-8e6f-5a4b3c2d1e0f","FolderBind","user974@crowleydev.onmicrosoft.com","1"
"Mailbox Backup Appliance","c3d2e1f0-a9b8-4c7d-8e6f-5a4b3c2d1e0f","FolderBind","user975@crowleydev.onmicrosoft.com","1"
"Mailbox Backup Appliance","c3d2e1f0-a9b8-4c7d-8e6f-5a4b3c2d1e0f","FolderBind","user976@crowleydev.onmicrosoft.com","1"
"Mailbox Backup Appliance","c3d2e1f0-a9b8-4c7d-8e6f-5a4b3c2d1e0f","FolderBind","user977@crowleydev.onmicrosoft.com","1"
"Mailbox Backup Appliance","c3d2e1f0-a9b8-4c7d-8e6f-5a4b3c2d1e0f","FolderBind","user978@crowleydev.onmicrosoft.com","1"
"Mailbox Backup Appliance","c3d2e1f0-a9b8-4c7d-8e6f-5a4b3c2d1e0f","FolderBind","user979@crowleydev.onmicrosoft.com","1"
"Mailbox Backup Appliance","c3d2e1f0-a9b8-4c7d-8e6f-5a4b3c2d1e0f","FolderBind","user98@crowleydev.onmicrosoft.com","1"
"Mailbox Backup Appliance","c3d2e1f0-a9b8-4c7d-8e6f-5a4b3c2d1e0f","FolderBind","user980@crowleydev.onmicrosoft.com","1"
"Mailbox Backup Appliance","c3d2e1f0-a9b8-4c7d-8e6f-5a4b3c2d1e0f","FolderBind","user981@crowleydev.onmicrosoft.com","1"
"Mailbox Backup Appliance","c3d2e1f0-a9b8-4c7d-8e6f-5a4b3c2d1e0f","FolderBind","user982@crowleydev.onmicrosoft.com","1"
"Mailbox Backup Appliance","c3d2e1f0-a9b8-4c7d-8e6f-5a4b3c2d1e0f","FolderBind","user983@crowleydev.onmicrosoft.com","1"
"Mailbox Backup Appliance","c3d2e1f0-a9b8-4c7d-8e6f-5a4b3c2d1e0f","FolderBind","user984@crowleydev.onmicrosoft.com","1"
"Mailbox Backup Appliance","c3d2e1f0-a9b8-4c7d-8e6f-5a4b3c2d1e0f","FolderBind","user985@crowleydev.onmicrosoft.com","1"
"Mailbox Backup Appliance","c3d2e1f0-a9b8-4c7d-8e6f-5a4b3c2d1e0f","FolderBind","user986@crowleydev.onmicrosoft.com","1"
"Mailbox Backup Appliance","c3d2e1f0-a9b8-4c7d-8e6f-5a4b3c2d1e0f","FolderBind","user987@crowleydev.onmicrosoft.com","1"
"Mailbox Backup Appliance","c3d2e1f0-a9b8-4c7d-8e6f-5a4b3c2d1e0f","FolderBind","user988@crowleydev.onmicrosoft.com","1"
"Mailbox Backup Appliance","c3d2e1f0-a9b8-4c7d-8e6f-5a4b3c2d1e0f","FolderBind","user989@crowleydev.onmicrosoft.com","1"
"Mailbox Backup Appliance","c3d2e1f0-a9b8-4c7d-8e6f-5a4b3c2d1e0f","FolderBind","user99@crowleydev.onmicrosoft.com","1"
"Mailbox Backup Appliance","c3d2e1f0-a9b8-4c7d-8e6f-5a4b3c2d1e0f","FolderBind","user990@crowleydev.onmicrosoft.com","1"
"Mailbox Backup Appliance","c3d2e1f0-a9b8-4c7d-8e6f-5a4b3c2d1e0f","FolderBind","user991@crowleydev.onmicrosoft.com","1"
"Mailbox Backup Appliance","c3d2e1f0-a9b8-4c7d-8e6f-5a4b3c2d1e0f","FolderBind","user992@crowleydev.onmicrosoft.com","1"
"Mailbox Backup Appliance","c3d2e1f0-a9b8-4c7d-8e6f-5a4b3c2d1e0f","FolderBind","user993@crowleydev.onmicrosoft.com","1"
"Mailbox Backup Appliance","c3d2e1f0-a9b8-4c7d-8e6f-5a4b3c2d1e0f","FolderBind","user994@crowleydev.onmicrosoft.com","1"
"Mailbox Backup Appliance","c3d2e1f0-a9b8-4c7d-8e6f-5a4b3c2d1e0f","FolderBind","user995@crowleydev.onmicrosoft.com","1"
"Mailbox Backup Appliance","c3d2e1f0-a9b8-4c7d-8e6f-5a4b3c2d1e0f","FolderBind","user996@crowleydev.onmicrosoft.com","1"
"Mailbox Backup Appliance","c3d2e1f0-a9b8-4c7d-8e6f-5a4b3c2d1e0f","FolderBind","user997@crowleydev.onmicrosoft.com","1"
"Mailbox Backup Appliance","c3d2e1f0-a9b8-4c7d-8e6f-5a4b3c2d1e0f","FolderBind","user998@crowleydev.onmicrosoft.com","1"
"Mailbox Backup Appliance","c3d2e1f0-a9b8-4c7d-8e6f-5a4b3c2d1e0f","FolderBind","user999@crowleydev.onmicrosoft.com","1"
"Mailbox Backup Appliance","c3d2e1f0-a9b8-4c7d-8e6f-5a4b3c2d1e0f","MailItemsAccessed","user1@crowleydev.onmicrosoft.com","1"
"Mailbox Backup Appliance","c3d2e1f0-a9b8-4c7d-8e6f-5a4b3c2d1e0f","MailItemsAccessed","user10@crowleydev.onmicrosoft.com","1"
"Mailbox Backup Appliance","c3d2e1f0-a9b8-4c7d-8e6f-5a4b3c2d1e0f","MailItemsAccessed","user100@crowleydev.onmicrosoft.com","1"
"Mailbox Backup Appliance","c3d2e1f0-a9b8-4c7d-8e6f-5a4b3c2d1e0f","MailItemsAccessed","user1000@crowleydev.onmicrosoft.com","1"
"Mailbox Backup Appliance","c3d2e1f0-a9b8-4c7d-8e6f-5a4b3c2d1e0f","MailItemsAccessed","user1001@crowleydev.onmicrosoft.com","1"
"Mailbox Backup Appliance","c3d2e1f0-a9b8-4c7d-8e6f-5a4b3c2d1e0f","MailItemsAccessed","user1002@crowleydev.onmicrosoft.com","1"
"Mailbox Backup Appliance","c3d2e1f0-a9b8-4c7d-8e6f-5a4b3c2d1e0f","MailItemsAccessed","user1003@crowleydev.onmicrosoft.com","1"
"Mailbox Backup Appliance","c3d2e1f0-a9b8-4c7d-8e6f-5a4b3c2d1e0f","MailItemsAccessed","user1004@crowleydev.onmicrosoft.com","1"
"Mailbox Backup Appliance","c3d2e1f0-a9b8-4c7d-8e6f-5a4b3c2d1e0f","MailItemsAccessed","user1005@crowleydev.onmicrosoft.com","1"
"Mailbox Backup Appliance","c3d2e1f0-a9b8-4c7d-8e6f-5a4b3c2d1e0f","MailItemsAccessed","user1006@crowleydev.onmicrosoft.com","1"
"Mailbox Backup Appliance","c3d2e1f0-a9b8-4c7d-8e6f-5a4b3c2d1e0f","MailItemsAccessed","user1007@crowleydev.onmicrosoft.com","1"
"Mailbox Backup Appliance","c3d2e1f0-a9b8-4c7d-8e6f-5a4b3c2d1e0f","MailItemsAccessed","user1008@crowleydev.onmicrosoft.com","1"
"Mailbox Backup Appliance","c3d2e1f0-a9b8-4c7d-8e6f-5a4b3c2d1e0f","MailItemsAccessed","user1009@crowleydev.onmicrosoft.com","1"
"Mailbox Backup Appliance","c3d2e1f0-a9b8-4c7d-8e6f-5a4b3c2d1e0f","MailItemsAccessed","user101@crowleydev.onmicrosoft.com","1"
"Mailbox Backup Appliance","c3d2e1f0-a9b8-4c7d-8e6f-5a4b3c2d1e0f","MailItemsAccessed","user1010@crowleydev.onmicrosoft.com","1"
"Mailbox Backup Appliance","c3d2e1f0-a9b8-4c7d-8e6f-5a4b3c2d1e0f","MailItemsAccessed","user1011@crowleydev.onmicrosoft.com","1"
"Mailbox Backup Appliance","c3d2e1f0-a9b8-4c7d-8e6f-5a4b3c2d1e0f","MailItemsAccessed","user1012@crowleydev.onmicrosoft.com","1"
"Mailbox Backup Appliance","c3d2e1f0-a9b8-4c7d-8e6f-5a4b3c2d1e0f","MailItemsAccessed","user1013@crowleydev.onmicrosoft.com","1"
"Mailbox Backup Appliance","c3d2e1f0-a9b8-4c7d-8e6f-5a4b3c2d1e0f","MailItemsAccessed","user1014@crowleydev.onmicrosoft.com","1"
"Mailbox Backup Appliance","c3d2e1f0-a9b8-4c7d-8e6f-5a4b3c2d1e0f","MailItemsAccessed","user1015@crowleydev.onmicrosoft.com","1"
"Mailbox Backup Appliance","c3d2e1f0-a9b8-4c7d-8e6f-5a4b3c2d1e0f","MailItemsAccessed","user1016@crowleydev.onmicrosoft.com","1"
"Mailbox Backup Appliance","c3d2e1f0-a9b8-4c7d-8e6f-5a4b3c2d1e0f","MailItemsAccessed","user1017@crowleydev.onmicrosoft.com","1"
"Mailbox Backup Appliance","c3d2e1f0-a9b8-4c7d-8e6f-5a4b3c2d1e0f","MailItemsAccessed","user1018@crowleydev.onmicrosoft.com","1"
"Mailbox Backup Appliance","c3d2e1f0-a9b8-4c7d-8e6f-5a4b3c2d1e0f","MailItemsAccessed","user1019@crowleydev.onmicrosoft.com","1"
"Mailbox Backup Appliance","c3d2e1f0-a9b8-4c7d-8e6f-5a4b3c2d1e0f","MailItemsAccessed","user102@crowleydev.onmicrosoft.com","1"
"Mailbox Backup Appliance","c3d2e1f0-a9b8-4c7d-8e6f-5a4b3c2d1e0f","MailItemsAccessed","user1020@crowleydev.onmicrosoft.com","1"
"Mailbox Backup Appliance","c3d2e1f0-a9b8-4c7d-8e6f-5a4b3c2d1e0f","MailItemsAccessed","user1021@crowleydev.onmicrosoft.com","1"
"Mailbox Backup Appliance","c3d2e1f0-a9b8-4c7d-8e6f-5a4b3c2d1e0f","MailItemsAccessed","user1022@crowleydev.onmicrosoft.com","1"
"Mailbox Backup Appliance","c3d2e1f0-a9b8-4c7d-8e6f-5a4b3c2d1e0f","MailItemsAccessed","user1023@crowleydev.onmicrosoft.com","1"
"Mailbox Backup Appliance","c3d2e1f0-a9b8-4c7d-8e6f-5a4b3c2d1e0f","MailItemsAccessed","user1024@crowleydev.onmicrosoft.com","1"
"Mailbox Backup Appliance","c3d2e1f0-a9b8-4c7d-8e6f-5a4b3c2d1e0f","MailItemsAccessed","user1025@crowleydev.onmicrosoft.com","1"
"Mailbox Backup Appliance","c3d2e1f0-a9b8-4c7d-8e6f-5a4b3c2d1e0f","MailItemsAccessed","user1026@crowleydev.onmicrosoft.com","1"
"Mailbox Backup Appliance","c3d2e1f0-a9b8-4c7d-8e6f-5a4b3c2d1e0f","MailItemsAccessed","user1027@crowleydev.onmicrosoft.com","1"
"Mailbox Backup Appliance","c3d2e1f0-a9b8-4c7d-8e6f-5a4b3c2d1e0f","MailItemsAccessed","user1028@crowleydev.onmicrosoft.com","1"
"Mailbox Backup Appliance","c3d2e1f0-a9b8-4c7d-8e6f-5a4b3c2d1e0f","MailItemsAccessed","user1029@crowleydev.onmicrosoft.com","1"
"Mailbox Backup Appliance","c3d2e1f0-a9b8-4c7d-8e6f-5a4b3c2d1e0f","MailItemsAccessed","user103@crowleydev.onmicrosoft.com","1"
"Mailbox Backup Appliance","c3d2e1f0-a9b8-4c7d-8e6f-5a4b3c2d1e0f","MailItemsAccessed","user1030@crowleydev.onmicrosoft.com","1"
"Mailbox Backup Appliance","c3d2e1f0-a9b8-4c7d-8e6f-5a4b3c2d1e0f","MailItemsAccessed","user1031@crowleydev.onmicrosoft.com","1"
"Mailbox Backup Appliance","c3d2e1f0-a9b8-4c7d-8e6f-5a4b3c2d1e0f","MailItemsAccessed","user1032@crowleydev.onmicrosoft.com","1"
"Mailbox Backup Appliance","c3d2e1f0-a9b8-4c7d-8e6f-5a4b3c2d1e0f","MailItemsAccessed","user1033@crowleydev.onmicrosoft.com","1"
"Mailbox Backup Appliance","c3d2e1f0-a9b8-4c7d-8e6f-5a4b3c2d1e0f","MailItemsAccessed","user1034@crowleydev.onmicrosoft.com","1"
"Mailbox Backup Appliance","c3d2e1f0-a9b8-4c7d-8e6f-5a4b3c2d1e0f","MailItemsAccessed","user1035@crowleydev.onmicrosoft.com","1"
"Mailbox Backup Appliance","c3d2e1f0-a9b8-4c7d-8e6f-5a4b3c2d1e0f","MailItemsAccessed","user1036@crowleydev.onmicrosoft.com","1"
"Mailbox Backup Appliance","c3d2e1f0-a9b8-4c7d-8e6f-5a4b3c2d1e0f","MailItemsAccessed","user1037@crowleydev.onmicrosoft.com","1"
"Mailbox Backup Appliance","c3d2e1f0-a9b8-4c7d-8e6f-5a4b3c2d1e0f","MailItemsAccessed","user1038@crowleydev.onmicrosoft.com","1"
"Mailbox Backup Appliance","c3d2e1f0-a9b8-4c7d-8e6f-5a4b3c2d1e0f","MailItemsAccessed","user1039@crowleydev.onmicrosoft.com","1"
"Mailbox Backup Appliance","c3d2e1f0-a9b8-4c7d-8e6f-5a4b3c2d1e0f","MailItemsAccessed","user104@crowleydev.onmicrosoft.com","1"
"Mailbox Backup Appliance","c3d2e1f0-a9b8-4c7d-8e6f-5a4b3c2d1e0f","MailItemsAccessed","user1040@crowleydev.onmicrosoft.com","1"
"Mailbox Backup Appliance","c3d2e1f0-a9b8-4c7d-8e6f-5a4b3c2d1e0f","MailItemsAccessed","user1041@crowleydev.onmicrosoft.com","1"
"Mailbox Backup Appliance","c3d2e1f0-a9b8-4c7d-8e6f-5a4b3c2d1e0f","MailItemsAccessed","user1042@crowleydev.onmicrosoft.com","1"
"Mailbox Backup Appliance","c3d2e1f0-a9b8-4c7d-8e6f-5a4b3c2d1e0f","MailItemsAccessed","user1043@crowleydev.onmicrosoft.com","1"
"Mailbox Backup Appliance","c3d2e1f0-a9b8-4c7d-8e6f-5a4b3c2d1e0f","MailItemsAccessed","user1044@crowleydev.onmicrosoft.com","1"
"Mailbox Backup Appliance","c3d2e1f0-a9b8-4c7d-8e6f-5a4b3c2d1e0f","MailItemsAccessed","user1045@crowleydev.onmicrosoft.com","1"
"Mailbox Backup Appliance","c3d2e1f0-a9b8-4c7d-8e6f-5a4b3c2d1e0f","MailItemsAccessed","user1046@crowleydev.onmicrosoft.com","1"
"Mailbox Backup Appliance","c3d2e1f0-a9b8-4c7d-8e6f-5a4b3c2d1e0f","MailItemsAccessed","user1047@crowleydev.onmicrosoft.com","1"
"Mailbox Backup Appliance","c3d2e1f0-a9b8-4c7d-8e6f-5a4b3c2d1e0f","MailItemsAccessed","user1048@crowleydev.onmicrosoft.com","1"
"Mailbox Backup Appliance","c3d2e1f0-a9b8-4c7d-8e6f-5a4b3c2d1e0f","MailItemsAccessed","user1049@crowleydev.onmicrosoft.com","1"
"Mailbox Backup Appliance","c3d2e1f0-a9b8-4c7d-8e6f-5a4b3c2d1e0f","MailItemsAccessed","user105@crowleydev.onmicrosoft.com","1"
"Mailbox Backup Appliance","c3d2e1f0-a9b8-4c7d-8e6f-5a4b3c2d1e0f","MailItemsAccessed","user1050@crowleydev.onmicrosoft.com","1"
"Mailbox Backup Appliance","c3d2e1f0-a9b8-4c7d-8e6f-5a4b3c2d1e0f","MailItemsAccessed","user1051@crowleydev.onmicrosoft.com","1"
"Mailbox Backup Appliance","c3d2e1f0-a9b8-4c7d-8e6f-5a4b3c2d1e0f","MailItemsAccessed","user1052@crowleydev.onmicrosoft.com","1"
"Mailbox Backup Appliance","c3d2e1f0-a9b8-4c7d-8e6f-5a4b3c2d1e0f","MailItemsAccessed","user1053@crowleydev.onmicrosoft.com","1"
"Mailbox Backup Appliance","c3d2e1f0-a9b8-4c7d-8e6f-5a4b3c2d1e0f","MailItemsAccessed","user1054@crowleydev.onmicrosoft.com","1"
"Mailbox Backup Appliance","c3d2e1f0-a9b8-4c7d-8e6f-5a4b3c2d1e0f","MailItemsAccessed","user1055@crowleydev.onmicrosoft.com","1"
"Mailbox Backup Appliance","c3d2e1f0-a9b8-4c7d-8e6f-5a4b3c2d1e0f","MailItemsAccessed","user1056@crowleydev.onmicrosoft.com","1"
"Mailbox Backup Appliance","c3d2e1f0-a9b8-4c7d-8e6f-5a4b3c2d1e0f","MailItemsAccessed","user1057@crowleydev.onmicrosoft.com","1"
"Mailbox Backup Appliance","c3d2e1f0-a9b8-4c7d-8e6f-5a4b3c2d1e0f","MailItemsAccessed","user1058@crowleydev.onmicrosoft.com","1"
"Mailbox Backup Appliance","c3d2e1f0-a9b8-4c7d-8e6f-5a4b3c2d1e0f","MailItemsAccessed","user1059@crowleydev.onmicrosoft.com","1"
"Mailbox Backup Appliance","c3d2e1f0-a9b8-4c7d-8e6f-5a4b3c2d1e0f","MailItemsAccessed","user106@crowleydev.onmicrosoft.com","1"
"Mailbox Backup Appliance","c3d2e1f0-a9b8-4c7d-8e6f-5a4b3c2d1e0f","MailItemsAccessed","user1060@crowleydev.onmicrosoft.com","1"
"Mailbox Backup Appliance","c3d2e1f0-a9b8-4c7d-8e6f-5a4b3c2d1e0f","MailItemsAccessed","user1061@crowleydev.onmicrosoft.com","1"
"Mailbox Backup Appliance","c3d2e1f0-a9b8-4c7d-8e6f-5a4b3c2d1e0f","MailItemsAccessed","user1062@crowleydev.onmicrosoft.com","1"
"Mailbox Backup Appliance","c3d2e1f0-a9b8-4c7d-8e6f-5a4b3c2d1e0f","MailItemsAccessed","user1063@crowleydev.onmicrosoft.com","1"
"Mailbox Backup Appliance","c3d2e1f0-a9b8-4c7d-8e6f-5a4b3c2d1e0f","MailItemsAccessed","user1064@crowleydev.onmicrosoft.com","1"
"Mailbox Backup Appliance","c3d2e1f0-a9b8-4c7d-8e6f-5a4b3c2d1e0f","MailItemsAccessed","user1065@crowleydev.onmicrosoft.com","1"
"Mailbox Backup Appliance","c3d2e1f0-a9b8-4c7d-8e6f-5a4b3c2d1e0f","MailItemsAccessed","user1066@crowleydev.onmicrosoft.com","1"
"Mailbox Backup Appliance","c3d2e1f0-a9b8-4c7d-8e6f-5a4b3c2d1e0f","MailItemsAccessed","user1067@crowleydev.onmicrosoft.com","1"
"Mailbox Backup Appliance","c3d2e1f0-a9b8-4c7d-8e6f-5a4b3c2d1e0f","MailItemsAccessed","user1068@crowleydev.onmicrosoft.com","1"
"Mailbox Backup Appliance","c3d2e1f0-a9b8-4c7d-8e6f-5a4b3c2d1e0f","MailItemsAccessed","user1069@crowleydev.onmicrosoft.com","1"
"Mailbox Backup Appliance","c3d2e1f0-a9b8-4c7d-8e6f-5a4b3c2d1e0f","MailItemsAccessed","user107@crowleydev.onmicrosoft.com","1"
"Mailbox Backup Appliance","c3d2e1f0-a9b8-4c7d-8e6f-5a4b3c2d1e0f","MailItemsAccessed","user1070@crowleydev.onmicrosoft.com","1"
"Mailbox Backup Appliance","c3d2e1f0-a9b8-4c7d-8e6f-5a4b3c2d1e0f","MailItemsAccessed","user1071@crowleydev.onmicrosoft.com","1"
"Mailbox Backup Appliance","c3d2e1f0-a9b8-4c7d-8e6f-5a4b3c2d1e0f","MailItemsAccessed","user1072@crowleydev.onmicrosoft.com","1"
"Mailbox Backup Appliance","c3d2e1f0-a9b8-4c7d-8e6f-5a4b3c2d1e0f","MailItemsAccessed","user1073@crowleydev.onmicrosoft.com","1"
"Mailbox Backup Appliance","c3d2e1f0-a9b8-4c7d-8e6f-5a4b3c2d1e0f","MailItemsAccessed","user1074@crowleydev.onmicrosoft.com","1"
"Mailbox Backup Appliance","c3d2e1f0-a9b8-4c7d-8e6f-5a4b3c2d1e0f","MailItemsAccessed","user1075@crowleydev.onmicrosoft.com","1"
"Mailbox Backup Appliance","c3d2e1f0-a9b8-4c7d-8e6f-5a4b3c2d1e0f","MailItemsAccessed","user1076@crowleydev.onmicrosoft.com","1"
"Mailbox Backup Appliance","c3d2e1f0-a9b8-4c7d-8e6f-5a4b3c2d1e0f","MailItemsAccessed","user1077@crowleydev.onmicrosoft.com","1"
"Mailbox Backup Appliance","c3d2e1f0-a9b8-4c7d-8e6f-5a4b3c2d1e0f","MailItemsAccessed","user1078@crowleydev.onmicrosoft.com","1"
"Mailbox Backup Appliance","c3d2e1f0-a9b8-4c7d-8e6f-5a4b3c2d1e0f","MailItemsAccessed","user1079@crowleydev.onmicrosoft.com","1"
"Mailbox Backup Appliance","c3d2e1f0-a9b8-4c7d-8e6f-5a4b3c2d1e0f","MailItemsAccessed","user108@crowleydev.onmicrosoft.com","1"
"Mailbox Backup Appliance","c3d2e1f0-a9b8-4c7d-8e6f-5a4b3c2d1e0f","MailItemsAccessed","user1080@crowleydev.onmicrosoft.com","1"
"Mailbox Backup Appliance","c3d2e1f0-a9b8-4c7d-8e6f-5a4b3c2d1e0f","MailItemsAccessed","user1081@crowleydev.onmicrosoft.com","1"
"Mailbox Backup Appliance","c3d2e1f0-a9b8-4c7d-8e6f-5a4b3c2d1e0f","MailItemsAccessed","user1082@crowleydev.onmicrosoft.com","1"
"Mailbox Backup Appliance","c3d2e1f0-a9b8-4c7d-8e6f-5a4b3c2d1e0f","MailItemsAccessed","user1083@crowleydev.onmicrosoft.com","1"
"Mailbox Backup Appliance","c3d2e1f0-a9b8-4c7d-8e6f-5a4b3c2d1e0f","MailItemsAccessed","user1084@crowleydev.onmicrosoft.com","1"
"Mailbox Backup Appliance","c3d2e1f0-a9b8-4c7d-8e6f-5a4b3c2d1e0f","MailItemsAccessed","user1085@crowleydev.onmicrosoft.com","1"
"Mailbox Backup Appliance","c3d2e1f0-a9b8-4c7d-8e6f-5a4b3c2d1e0f","MailItemsAccessed","user1086@crowleydev.onmicrosoft.com","1"
"Mailbox Backup Appliance","c3d2e1f0-a9b8-4c7d-8e6f-5a4b3c2d1e0f","MailItemsAccessed","user1087@crowleydev.onmicrosoft.com","1"
"Mailbox Backup Appliance","c3d2e1f0-a9b8-4c7d-8e6f-5a4b3c2d1e0f","MailItemsAccessed","user1088@crowleydev.onmicrosoft.com","1"
"Mailbox Backup Appliance","c3d2e1f0-a9b8-4c7d-8e6f-5a4b3c2d1e0f","MailItemsAccessed","user1089@crowleydev.onmicrosoft.com","1"
"Mailbox Backup Appliance","c3d2e1f0-a9b8-4c7d-8e6f-5a4b3c2d1e0f","MailItemsAccessed","user109@crowleydev.onmicrosoft.com","1"
"Mailbox Backup Appliance","c3d2e1f0-a9b8-4c7d-8e6f-5a4b3c2d1e0f","MailItemsAccessed","user1090@crowleydev.onmicrosoft.com","1"
"Mailbox Backup Appliance","c3d2e1f0-a9b8-4c7d-8e6f-5a4b3c2d1e0f","MailItemsAccessed","user1091@crowleydev.onmicrosoft.com","1"
"Mailbox Backup Appliance","c3d2e1f0-a9b8-4c7d-8e6f-5a4b3c2d1e0f","MailItemsAccessed","user1092@crowleydev.onmicrosoft.com","1"
"Mailbox Backup Appliance","c3d2e1f0-a9b8-4c7d-8e6f-5a4b3c2d1e0f","MailItemsAccessed","user1093@crowleydev.onmicrosoft.com","1"
"Mailbox Backup Appliance","c3d2e1f0-a9b8-4c7d-8e6f-5a4b3c2d1e0f","MailItemsAccessed","user1094@crowleydev.onmicrosoft.com","1"
"Mailbox Backup Appliance","c3d2e1f0-a9b8-4c7d-8e6f-5a4b3c2d1e0f","MailItemsAccessed","user1095@crowleydev.onmicrosoft.com","1"
"Mailbox Backup Appliance","c3d2e1f0-a9b8-4c7d-8e6f-5a4b3c2d1e0f","MailItemsAccessed","user1096@crowleydev.onmicrosoft.com","1"
"Mailbox Backup Appliance","c3d2e1f0-a9b8-4c7d-8e6f-5a4b3c2d1e0f","MailItemsAccessed","user1097@crowleydev.onmicrosoft.com","1"
"Mailbox Backup Appliance","c3d2e1f0-a9b8-4c7d-8e6f-5a4b3c2d1e0f","MailItemsAccessed","user1098@crowleydev.onmicrosoft.com","1"
"Mailbox Backup Appliance","c3d2e1f0-a9b8-4c7d-8e6f-5a4b3c2d1e0f","MailItemsAccessed","user1099@crowleydev.onmicrosoft.com","1"
"Mailbox Backup Appliance","c3d2e1f0-a9b8-4c7d-8e6f-5a4b3c2d1e0f","MailItemsAccessed","user11@crowleydev.onmicrosoft.com","1"
"Mailbox Backup Appliance","c3d2e1f0-a9b8-4c7d-8e6f-5a4b3c2d1e0f","MailItemsAccessed","user110@crowleydev.onmicrosoft.com","1"
"Mailbox Backup Appliance","c3d2e1f0-a9b8-4c7d-8e6f-5a4b3c2d1e0f","MailItemsAccessed","user1100@crowleydev.onmicrosoft.com","1"
"Mailbox Backup Appliance","c3d2e1f0-a9b8-4c7d-8e6f-5a4b3c2d1e0f","MailItemsAccessed","user1101@crowleydev.onmicrosoft.com","1"
"Mailbox Backup Appliance","c3d2e1f0-a9b8-4c7d-8e6f-5a4b3c2d1e0f","MailItemsAccessed","user1102@crowleydev.onmicrosoft.com","1"
"Mailbox Backup Appliance","c3d2e1f0-a9b8-4c7d-8e6f-5a4b3c2d1e0f","MailItemsAccessed","user1103@crowleydev.onmicrosoft.com","1"
"Mailbox Backup Appliance","c3d2e1f0-a9b8-4c7d-8e6f-5a4b3c2d1e0f","MailItemsAccessed","user1104@crowleydev.onmicrosoft.com","1"
"Mailbox Backup Appliance","c3d2e1f0-a9b8-4c7d-8e6f-5a4b3c2d1e0f","MailItemsAccessed","user1105@crowleydev.onmicrosoft.com","1"
"Mailbox Backup Appliance","c3d2e1f0-a9b8-4c7d-8e6f-5a4b3c2d1e0f","MailItemsAccessed","user1106@crowleydev.onmicrosoft.com","1"
"Mailbox Backup Appliance","c3d2e1f0-a9b8-4c7d-8e6f-5a4b3c2d1e0f","MailItemsAccessed","user1107@crowleydev.onmicrosoft.com","1"
"Mailbox Backup Appliance","c3d2e1f0-a9b8-4c7d-8e6f-5a4b3c2d1e0f","MailItemsAccessed","user1108@crowleydev.onmicrosoft.com","1"
"Mailbox Backup Appliance","c3d2e1f0-a9b8-4c7d-8e6f-5a4b3c2d1e0f","MailItemsAccessed","user1109@crowleydev.onmicrosoft.com","1"
"Mailbox Backup Appliance","c3d2e1f0-a9b8-4c7d-8e6f-5a4b3c2d1e0f","MailItemsAccessed","user111@crowleydev.onmicrosoft.com","1"
"Mailbox Backup Appliance","c3d2e1f0-a9b8-4c7d-8e6f-5a4b3c2d1e0f","MailItemsAccessed","user1110@crowleydev.onmicrosoft.com","1"
"Mailbox Backup Appliance","c3d2e1f0-a9b8-4c7d-8e6f-5a4b3c2d1e0f","MailItemsAccessed","user1111@crowleydev.onmicrosoft.com","1"
"Mailbox Backup Appliance","c3d2e1f0-a9b8-4c7d-8e6f-5a4b3c2d1e0f","MailItemsAccessed","user1112@crowleydev.onmicrosoft.com","1"
"Mailbox Backup Appliance","c3d2e1f0-a9b8-4c7d-8e6f-5a4b3c2d1e0f","MailItemsAccessed","user1113@crowleydev.onmicrosoft.com","1"
"Mailbox Backup Appliance","c3d2e1f0-a9b8-4c7d-8e6f-5a4b3c2d1e0f","MailItemsAccessed","user1114@crowleydev.onmicrosoft.com","1"
"Mailbox Backup Appliance","c3d2e1f0-a9b8-4c7d-8e6f-5a4b3c2d1e0f","MailItemsAccessed","user1115@crowleydev.onmicrosoft.com","1"
"Mailbox Backup Appliance","c3d2e1f0-a9b8-4c7d-8e6f-5a4b3c2d1e0f","MailItemsAccessed","user1116@crowleydev.onmicrosoft.com","1"
"Mailbox Backup Appliance","c3d2e1f0-a9b8-4c7d-8e6f-5a4b3c2d1e0f","MailItemsAccessed","user1117@crowleydev.onmicrosoft.com","1"
"Mailbox Backup Appliance","c3d2e1f0-a9b8-4c7d-8e6f-5a4b3c2d1e0f","MailItemsAccessed","user1118@crowleydev.onmicrosoft.com","1"
"Mailbox Backup Appliance","c3d2e1f0-a9b8-4c7d-8e6f-5a4b3c2d1e0f","MailItemsAccessed","user1119@crowleydev.onmicrosoft.com","1"
"Mailbox Backup Appliance","c3d2e1f0-a9b8-4c7d-8e6f-5a4b3c2d1e0f","MailItemsAccessed","user112@crowleydev.onmicrosoft.com","1"
"Mailbox Backup Appliance","c3d2e1f0-a9b8-4c7d-8e6f-5a4b3c2d1e0f","MailItemsAccessed","user1120@crowleydev.onmicrosoft.com","1"
"Mailbox Backup Appliance","c3d2e1f0-a9b8-4c7d-8e6f-5a4b3c2d1e0f","MailItemsAccessed","user1121@crowleydev.onmicrosoft.com","1"
"Mailbox Backup Appliance","c3d2e1f0-a9b8-4c7d-8e6f-5a4b3c2d1e0f","MailItemsAccessed","user1122@crowleydev.onmicrosoft.com","1"
"Mailbox Backup Appliance","c3d2e1f0-a9b8-4c7d-8e6f-5a4b3c2d1e0f","MailItemsAccessed","user1123@crowleydev.onmicrosoft.com","1"
"Mailbox Backup Appliance","c3d2e1f0-a9b8-4c7d-8e6f-5a4b3c2d1e0f","MailItemsAccessed","user1124@crowleydev.onmicrosoft.com","1"
"Mailbox Backup Appliance","c3d2e1f0-a9b8-4c7d-8e6f-5a4b3c2d1e0f","MailItemsAccessed","user1125@crowleydev.onmicrosoft.com","1"
"Mailbox Backup Appliance","c3d2e1f0-a9b8-4c7d-8e6f-5a4b3c2d1e0f","MailItemsAccessed","user1126@crowleydev.onmicrosoft.com","1"
"Mailbox Backup Appliance","c3d2e1f0-a9b8-4c7d-8e6f-5a4b3c2d1e0f","MailItemsAccessed","user1127@crowleydev.onmicrosoft.com","1"
"Mailbox Backup Appliance","c3d2e1f0-a9b8-4c7d-8e6f-5a4b3c2d1e0f","MailItemsAccessed","user1128@crowleydev.onmicrosoft.com","1"
"Mailbox Backup Appliance","c3d2e1f0-a9b8-4c7d-8e6f-5a4b3c2d1e0f","MailItemsAccessed","user1129@crowleydev.onmicrosoft.com","1"
"Mailbox Backup Appliance","c3d2e1f0-a9b8-4c7d-8e6f-5a4b3c2d1e0f","MailItemsAccessed","user113@crowleydev.onmicrosoft.com","1"
"Mailbox Backup Appliance","c3d2e1f0-a9b8-4c7d-8e6f-5a4b3c2d1e0f","MailItemsAccessed","user1130@crowleydev.onmicrosoft.com","1"
"Mailbox Backup Appliance","c3d2e1f0-a9b8-4c7d-8e6f-5a4b3c2d1e0f","MailItemsAccessed","user1131@crowleydev.onmicrosoft.com","1"
"Mailbox Backup Appliance","c3d2e1f0-a9b8-4c7d-8e6f-5a4b3c2d1e0f","MailItemsAccessed","user1132@crowleydev.onmicrosoft.com","1"
"Mailbox Backup Appliance","c3d2e1f0-a9b8-4c7d-8e6f-5a4b3c2d1e0f","MailItemsAccessed","user1133@crowleydev.onmicrosoft.com","1"
"Mailbox Backup Appliance","c3d2e1f0-a9b8-4c7d-8e6f-5a4b3c2d1e0f","MailItemsAccessed","user1134@crowleydev.onmicrosoft.com","1"
"Mailbox Backup Appliance","c3d2e1f0-a9b8-4c7d-8e6f-5a4b3c2d1e0f","MailItemsAccessed","user1135@crowleydev.onmicrosoft.com","1"
"Mailbox Backup Appliance","c3d2e1f0-a9b8-4c7d-8e6f-5a4b3c2d1e0f","MailItemsAccessed","user1136@crowleydev.onmicrosoft.com","1"
"Mailbox Backup Appliance","c3d2e1f0-a9b8-4c7d-8e6f-5a4b3c2d1e0f","MailItemsAccessed","user1137@crowleydev.onmicrosoft.com","1"
"Mailbox Backup Appliance","c3d2e1f0-a9b8-4c7d-8e6f-5a4b3c2d1e0f","MailItemsAccessed","user1138@crowleydev.onmicrosoft.com","1"
"Mailbox Backup Appliance","c3d2e1f0-a9b8-4c7d-8e6f-5a4b3c2d1e0f","MailItemsAccessed","user1139@crowleydev.onmicrosoft.com","1"
"Mailbox Backup Appliance","c3d2e1f0-a9b8-4c7d-8e6f-5a4b3c2d1e0f","MailItemsAccessed","user114@crowleydev.onmicrosoft.com","1"
"Mailbox Backup Appliance","c3d2e1f0-a9b8-4c7d-8e6f-5a4b3c2d1e0f","MailItemsAccessed","user1140@crowleydev.onmicrosoft.com","1"
"Mailbox Backup Appliance","c3d2e1f0-a9b8-4c7d-8e6f-5a4b3c2d1e0f","MailItemsAccessed","user1141@crowleydev.onmicrosoft.com","1"
"Mailbox Backup Appliance","c3d2e1f0-a9b8-4c7d-8e6f-5a4b3c2d1e0f","MailItemsAccessed","user1142@crowleydev.onmicrosoft.com","1"
"Mailbox Backup Appliance","c3d2e1f0-a9b8-4c7d-8e6f-5a4b3c2d1e0f","MailItemsAccessed","user1143@crowleydev.onmicrosoft.com","1"
"Mailbox Backup Appliance","c3d2e1f0-a9b8-4c7d-8e6f-5a4b3c2d1e0f","MailItemsAccessed","user1144@crowleydev.onmicrosoft.com","1"
"Mailbox Backup Appliance","c3d2e1f0-a9b8-4c7d-8e6f-5a4b3c2d1e0f","MailItemsAccessed","user1145@crowleydev.onmicrosoft.com","1"
"Mailbox Backup Appliance","c3d2e1f0-a9b8-4c7d-8e6f-5a4b3c2d1e0f","MailItemsAccessed","user1146@crowleydev.onmicrosoft.com","1"
"Mailbox Backup Appliance","c3d2e1f0-a9b8-4c7d-8e6f-5a4b3c2d1e0f","MailItemsAccessed","user1147@crowleydev.onmicrosoft.com","1"
"Mailbox Backup Appliance","c3d2e1f0-a9b8-4c7d-8e6f-5a4b3c2d1e0f","MailItemsAccessed","user1148@crowleydev.onmicrosoft.com","1"
"Mailbox Backup Appliance","c3d2e1f0-a9b8-4c7d-8e6f-5a4b3c2d1e0f","MailItemsAccessed","user1149@crowleydev.onmicrosoft.com","1"
"Mailbox Backup Appliance","c3d2e1f0-a9b8-4c7d-8e6f-5a4b3c2d1e0f","MailItemsAccessed","user115@crowleydev.onmicrosoft.com","1"
"Mailbox Backup Appliance","c3d2e1f0-a9b8-4c7d-8e6f-5a4b3c2d1e0f","MailItemsAccessed","user1150@crowleydev.onmicrosoft.com","1"
"Mailbox Backup Appliance","c3d2e1f0-a9b8-4c7d-8e6f-5a4b3c2d1e0f","MailItemsAccessed","user1151@crowleydev.onmicrosoft.com","1"
"Mailbox Backup Appliance","c3d2e1f0-a9b8-4c7d-8e6f-5a4b3c2d1e0f","MailItemsAccessed","user1152@crowleydev.onmicrosoft.com","1"
"Mailbox Backup Appliance","c3d2e1f0-a9b8-4c7d-8e6f-5a4b3c2d1e0f","MailItemsAccessed","user1153@crowleydev.onmicrosoft.com","1"
"Mailbox Backup Appliance","c3d2e1f0-a9b8-4c7d-8e6f-5a4b3c2d1e0f","MailItemsAccessed","user1154@crowleydev.onmicrosoft.com","1"
"Mailbox Backup Appliance","c3d2e1f0-a9b8-4c7d-8e6f-5a4b3c2d1e0f","MailItemsAccessed","user1155@crowleydev.onmicrosoft.com","1"
"Mailbox Backup Appliance","c3d2e1f0-a9b8-4c7d-8e6f-5a4b3c2d1e0f","MailItemsAccessed","user1156@crowleydev.onmicrosoft.com","1"
"Mailbox Backup Appliance","c3d2e1f0-a9b8-4c7d-8e6f-5a4b3c2d1e0f","MailItemsAccessed","user1157@crowleydev.onmicrosoft.com","1"
"Mailbox Backup Appliance","c3d2e1f0-a9b8-4c7d-8e6f-5a4b3c2d1e0f","MailItemsAccessed","user1158@crowleydev.onmicrosoft.com","1"
"Mailbox Backup Appliance","c3d2e1f0-a9b8-4c7d-8e6f-5a4b3c2d1e0f","MailItemsAccessed","user1159@crowleydev.onmicrosoft.com","1"
"Mailbox Backup Appliance","c3d2e1f0-a9b8-4c7d-8e6f-5a4b3c2d1e0f","MailItemsAccessed","user116@crowleydev.onmicrosoft.com","1"
"Mailbox Backup Appliance","c3d2e1f0-a9b8-4c7d-8e6f-5a4b3c2d1e0f","MailItemsAccessed","user1160@crowleydev.onmicrosoft.com","1"
"Mailbox Backup Appliance","c3d2e1f0-a9b8-4c7d-8e6f-5a4b3c2d1e0f","MailItemsAccessed","user1161@crowleydev.onmicrosoft.com","1"
"Mailbox Backup Appliance","c3d2e1f0-a9b8-4c7d-8e6f-5a4b3c2d1e0f","MailItemsAccessed","user1162@crowleydev.onmicrosoft.com","1"
"Mailbox Backup Appliance","c3d2e1f0-a9b8-4c7d-8e6f-5a4b3c2d1e0f","MailItemsAccessed","user1163@crowleydev.onmicrosoft.com","1"
"Mailbox Backup Appliance","c3d2e1f0-a9b8-4c7d-8e6f-5a4b3c2d1e0f","MailItemsAccessed","user1164@crowleydev.onmicrosoft.com","1"
"Mailbox Backup Appliance","c3d2e1f0-a9b8-4c7d-8e6f-5a4b3c2d1e0f","MailItemsAccessed","user1165@crowleydev.onmicrosoft.com","1"
"Mailbox Backup Appliance","c3d2e1f0-a9b8-4c7d-8e6f-5a4b3c2d1e0f","MailItemsAccessed","user1166@crowleydev.onmicrosoft.com","1"
"Mailbox Backup Appliance","c3d2e1f0-a9b8-4c7d-8e6f-5a4b3c2d1e0f","MailItemsAccessed","user1167@crowleydev.onmicrosoft.com","1"
"Mailbox Backup Appliance","c3d2e1f0-a9b8-4c7d-8e6f-5a4b3c2d1e0f","MailItemsAccessed","user1168@crowleydev.onmicrosoft.com","1"
"Mailbox Backup Appliance","c3d2e1f0-a9b8-4c7d-8e6f-5a4b3c2d1e0f","MailItemsAccessed","user1169@crowleydev.onmicrosoft.com","1"
"Mailbox Backup Appliance","c3d2e1f0-a9b8-4c7d-8e6f-5a4b3c2d1e0f","MailItemsAccessed","user117@crowleydev.onmicrosoft.com","1"
"Mailbox Backup Appliance","c3d2e1f0-a9b8-4c7d-8e6f-5a4b3c2d1e0f","MailItemsAccessed","user1170@crowleydev.onmicrosoft.com","1"
"Mailbox Backup Appliance","c3d2e1f0-a9b8-4c7d-8e6f-5a4b3c2d1e0f","MailItemsAccessed","user1171@crowleydev.onmicrosoft.com","1"
"Mailbox Backup Appliance","c3d2e1f0-a9b8-4c7d-8e6f-5a4b3c2d1e0f","MailItemsAccessed","user1172@crowleydev.onmicrosoft.com","1"
"Mailbox Backup Appliance","c3d2e1f0-a9b8-4c7d-8e6f-5a4b3c2d1e0f","MailItemsAccessed","user1173@crowleydev.onmicrosoft.com","1"
"Mailbox Backup Appliance","c3d2e1f0-a9b8-4c7d-8e6f-5a4b3c2d1e0f","MailItemsAccessed","user1174@crowleydev.onmicrosoft.com","1"
"Mailbox Backup Appliance","c3d2e1f0-a9b8-4c7d-8e6f-5a4b3c2d1e0f","MailItemsAccessed","user1175@crowleydev.onmicrosoft.com","1"
"Mailbox Backup Appliance","c3d2e1f0-a9b8-4c7d-8e6f-5a4b3c2d1e0f","MailItemsAccessed","user1176@crowleydev.onmicrosoft.com","1"
"Mailbox Backup Appliance","c3d2e1f0-a9b8-4c7d-8e6f-5a4b3c2d1e0f","MailItemsAccessed","user1177@crowleydev.onmicrosoft.com","1"
"Mailbox Backup Appliance","c3d2e1f0-a9b8-4c7d-8e6f-5a4b3c2d1e0f","MailItemsAccessed","user1178@crowleydev.onmicrosoft.com","1"
"Mailbox Backup Appliance","c3d2e1f0-a9b8-4c7d-8e6f-5a4b3c2d1e0f","MailItemsAccessed","user1179@crowleydev.onmicrosoft.com","1"
"Mailbox Backup Appliance","c3d2e1f0-a9b8-4c7d-8e6f-5a4b3c2d1e0f","MailItemsAccessed","user118@crowleydev.onmicrosoft.com","1"
"Mailbox Backup Appliance","c3d2e1f0-a9b8-4c7d-8e6f-5a4b3c2d1e0f","MailItemsAccessed","user1180@crowleydev.onmicrosoft.com","1"
"Mailbox Backup Appliance","c3d2e1f0-a9b8-4c7d-8e6f-5a4b3c2d1e0f","MailItemsAccessed","user1181@crowleydev.onmicrosoft.com","1"
"Mailbox Backup Appliance","c3d2e1f0-a9b8-4c7d-8e6f-5a4b3c2d1e0f","MailItemsAccessed","user1182@crowleydev.onmicrosoft.com","1"
"Mailbox Backup Appliance","c3d2e1f0-a9b8-4c7d-8e6f-5a4b3c2d1e0f","MailItemsAccessed","user1183@crowleydev.onmicrosoft.com","1"
"Mailbox Backup Appliance","c3d2e1f0-a9b8-4c7d-8e6f-5a4b3c2d1e0f","MailItemsAccessed","user1184@crowleydev.onmicrosoft.com","1"
"Mailbox Backup Appliance","c3d2e1f0-a9b8-4c7d-8e6f-5a4b3c2d1e0f","MailItemsAccessed","user1185@crowleydev.onmicrosoft.com","1"
"Mailbox Backup Appliance","c3d2e1f0-a9b8-4c7d-8e6f-5a4b3c2d1e0f","MailItemsAccessed","user1186@crowleydev.onmicrosoft.com","1"
"Mailbox Backup Appliance","c3d2e1f0-a9b8-4c7d-8e6f-5a4b3c2d1e0f","MailItemsAccessed","user1187@crowleydev.onmicrosoft.com","1"
"Mailbox Backup Appliance","c3d2e1f0-a9b8-4c7d-8e6f-5a4b3c2d1e0f","MailItemsAccessed","user1188@crowleydev.onmicrosoft.com","1"
"Mailbox Backup Appliance","c3d2e1f0-a9b8-4c7d-8e6f-5a4b3c2d1e0f","MailItemsAccessed","user1189@crowleydev.onmicrosoft.com","1"
"Mailbox Backup Appliance","c3d2e1f0-a9b8-4c7d-8e6f-5a4b3c2d1e0f","MailItemsAccessed","user119@crowleydev.onmicrosoft.com","1"
"Mailbox Backup Appliance","c3d2e1f0-a9b8-4c7d-8e6f-5a4b3c2d1e0f","MailItemsAccessed","user1190@crowleydev.onmicrosoft.com","1"
"Mailbox Backup Appliance","c3d2e1f0-a9b8-4c7d-8e6f-5a4b3c2d1e0f","MailItemsAccessed","user1191@crowleydev.onmicrosoft.com","1"
"Mailbox Backup Appliance","c3d2e1f0-a9b8-4c7d-8e6f-5a4b3c2d1e0f","MailItemsAccessed","user1192@crowleydev.onmicrosoft.com","1"
"Mailbox Backup Appliance","c3d2e1f0-a9b8-4c7d-8e6f-5a4b3c2d1e0f","MailItemsAccessed","user1193@crowleydev.onmicrosoft.com","1"
"Mailbox Backup Appliance","c3d2e1f0-a9b8-4c7d-8e6f-5a4b3c2d1e0f","MailItemsAccessed","user1194@crowleydev.onmicrosoft.com","1"
"Mailbox Backup Appliance","c3d2e1f0-a9b8-4c7d-8e6f-5a4b3c2d1e0f","MailItemsAccessed","user1195@crowleydev.onmicrosoft.com","1"
"Mailbox Backup Appliance","c3d2e1f0-a9b8-4c7d-8e6f-5a4b3c2d1e0f","MailItemsAccessed","user1196@crowleydev.onmicrosoft.com","1"
"Mailbox Backup Appliance","c3d2e1f0-a9b8-4c7d-8e6f-5a4b3c2d1e0f","MailItemsAccessed","user1197@crowleydev.onmicrosoft.com","1"
"Mailbox Backup Appliance","c3d2e1f0-a9b8-4c7d-8e6f-5a4b3c2d1e0f","MailItemsAccessed","user1198@crowleydev.onmicrosoft.com","1"
"Mailbox Backup Appliance","c3d2e1f0-a9b8-4c7d-8e6f-5a4b3c2d1e0f","MailItemsAccessed","user1199@crowleydev.onmicrosoft.com","1"
"Mailbox Backup Appliance","c3d2e1f0-a9b8-4c7d-8e6f-5a4b3c2d1e0f","MailItemsAccessed","user12@crowleydev.onmicrosoft.com","1"
"Mailbox Backup Appliance","c3d2e1f0-a9b8-4c7d-8e6f-5a4b3c2d1e0f","MailItemsAccessed","user120@crowleydev.onmicrosoft.com","1"
"Mailbox Backup Appliance","c3d2e1f0-a9b8-4c7d-8e6f-5a4b3c2d1e0f","MailItemsAccessed","user1200@crowleydev.onmicrosoft.com","1"
"Mailbox Backup Appliance","c3d2e1f0-a9b8-4c7d-8e6f-5a4b3c2d1e0f","MailItemsAccessed","user1201@crowleydev.onmicrosoft.com","1"
"Mailbox Backup Appliance","c3d2e1f0-a9b8-4c7d-8e6f-5a4b3c2d1e0f","MailItemsAccessed","user1202@crowleydev.onmicrosoft.com","1"
"Mailbox Backup Appliance","c3d2e1f0-a9b8-4c7d-8e6f-5a4b3c2d1e0f","MailItemsAccessed","user1203@crowleydev.onmicrosoft.com","1"
"Mailbox Backup Appliance","c3d2e1f0-a9b8-4c7d-8e6f-5a4b3c2d1e0f","MailItemsAccessed","user1204@crowleydev.onmicrosoft.com","1"
"Mailbox Backup Appliance","c3d2e1f0-a9b8-4c7d-8e6f-5a4b3c2d1e0f","MailItemsAccessed","user1205@crowleydev.onmicrosoft.com","1"
"Mailbox Backup Appliance","c3d2e1f0-a9b8-4c7d-8e6f-5a4b3c2d1e0f","MailItemsAccessed","user1206@crowleydev.onmicrosoft.com","1"
"Mailbox Backup Appliance","c3d2e1f0-a9b8-4c7d-8e6f-5a4b3c2d1e0f","MailItemsAccessed","user1207@crowleydev.onmicrosoft.com","1"
"Mailbox Backup Appliance","c3d2e1f0-a9b8-4c7d-8e6f-5a4b3c2d1e0f","MailItemsAccessed","user1208@crowleydev.onmicrosoft.com","1"
"Mailbox Backup Appliance","c3d2e1f0-a9b8-4c7d-8e6f-5a4b3c2d1e0f","MailItemsAccessed","user1209@crowleydev.onmicrosoft.com","1"
"Mailbox Backup Appliance","c3d2e1f0-a9b8-4c7d-8e6f-5a4b3c2d1e0f","MailItemsAccessed","user121@crowleydev.onmicrosoft.com","1"
"Mailbox Backup Appliance","c3d2e1f0-a9b8-4c7d-8e6f-5a4b3c2d1e0f","MailItemsAccessed","user1210@crowleydev.onmicrosoft.com","1"
"Mailbox Backup Appliance","c3d2e1f0-a9b8-4c7d-8e6f-5a4b3c2d1e0f","MailItemsAccessed","user1211@crowleydev.onmicrosoft.com","1"
"Mailbox Backup Appliance","c3d2e1f0-a9b8-4c7d-8e6f-5a4b3c2d1e0f","MailItemsAccessed","user1212@crowleydev.onmicrosoft.com","1"
"Mailbox Backup Appliance","c3d2e1f0-a9b8-4c7d-8e6f-5a4b3c2d1e0f","MailItemsAccessed","user1213@crowleydev.onmicrosoft.com","1"
"Mailbox Backup Appliance","c3d2e1f0-a9b8-4c7d-8e6f-5a4b3c2d1e0f","MailItemsAccessed","user1214@crowleydev.onmicrosoft.com","1"
"Mailbox Backup Appliance","c3d2e1f0-a9b8-4c7d-8e6f-5a4b3c2d1e0f","MailItemsAccessed","user1215@crowleydev.onmicrosoft.com","1"
"Mailbox Backup Appliance","c3d2e1f0-a9b8-4c7d-8e6f-5a4b3c2d1e0f","MailItemsAccessed","user1216@crowleydev.onmicrosoft.com","1"
"Mailbox Backup Appliance","c3d2e1f0-a9b8-4c7d-8e6f-5a4b3c2d1e0f","MailItemsAccessed","user1217@crowleydev.onmicrosoft.com","1"
"Mailbox Backup Appliance","c3d2e1f0-a9b8-4c7d-8e6f-5a4b3c2d1e0f","MailItemsAccessed","user1218@crowleydev.onmicrosoft.com","1"
"Mailbox Backup Appliance","c3d2e1f0-a9b8-4c7d-8e6f-5a4b3c2d1e0f","MailItemsAccessed","user1219@crowleydev.onmicrosoft.com","1"
"Mailbox Backup Appliance","c3d2e1f0-a9b8-4c7d-8e6f-5a4b3c2d1e0f","MailItemsAccessed","user122@crowleydev.onmicrosoft.com","1"
"Mailbox Backup Appliance","c3d2e1f0-a9b8-4c7d-8e6f-5a4b3c2d1e0f","MailItemsAccessed","user1220@crowleydev.onmicrosoft.com","1"
"Mailbox Backup Appliance","c3d2e1f0-a9b8-4c7d-8e6f-5a4b3c2d1e0f","MailItemsAccessed","user1221@crowleydev.onmicrosoft.com","1"
"Mailbox Backup Appliance","c3d2e1f0-a9b8-4c7d-8e6f-5a4b3c2d1e0f","MailItemsAccessed","user1222@crowleydev.onmicrosoft.com","1"
"Mailbox Backup Appliance","c3d2e1f0-a9b8-4c7d-8e6f-5a4b3c2d1e0f","MailItemsAccessed","user1223@crowleydev.onmicrosoft.com","1"
"Mailbox Backup Appliance","c3d2e1f0-a9b8-4c7d-8e6f-5a4b3c2d1e0f","MailItemsAccessed","user1224@crowleydev.onmicrosoft.com","1"
"Mailbox Backup Appliance","c3d2e1f0-a9b8-4c7d-8e6f-5a4b3c2d1e0f","MailItemsAccessed","user1225@crowleydev.onmicrosoft.com","1"
"Mailbox Backup Appliance","c3d2e1f0-a9b8-4c7d-8e6f-5a4b3c2d1e0f","MailItemsAccessed","user1226@crowleydev.onmicrosoft.com","1"
"Mailbox Backup Appliance","c3d2e1f0-a9b8-4c7d-8e6f-5a4b3c2d1e0f","MailItemsAccessed","user1227@crowleydev.onmicrosoft.com","1"
"Mailbox Backup Appliance","c3d2e1f0-a9b8-4c7d-8e6f-5a4b3c2d1e0f","MailItemsAccessed","user1228@crowleydev.onmicrosoft.com","1"
"Mailbox Backup Appliance","c3d2e1f0-a9b8-4c7d-8e6f-5a4b3c2d1e0f","MailItemsAccessed","user1229@crowleydev.onmicrosoft.com","1"
"Mailbox Backup Appliance","c3d2e1f0-a9b8-4c7d-8e6f-5a4b3c2d1e0f","MailItemsAccessed","user123@crowleydev.onmicrosoft.com","1"
"Mailbox Backup Appliance","c3d2e1f0-a9b8-4c7d-8e6f-5a4b3c2d1e0f","MailItemsAccessed","user1230@crowleydev.onmicrosoft.com","1"
"Mailbox Backup Appliance","c3d2e1f0-a9b8-4c7d-8e6f-5a4b3c2d1e0f","MailItemsAccessed","user1231@crowleydev.onmicrosoft.com","1"
"Mailbox Backup Appliance","c3d2e1f0-a9b8-4c7d-8e6f-5a4b3c2d1e0f","MailItemsAccessed","user1232@crowleydev.onmicrosoft.com","1"
"Mailbox Backup Appliance","c3d2e1f0-a9b8-4c7d-8e6f-5a4b3c2d1e0f","MailItemsAccessed","user1233@crowleydev.onmicrosoft.com","1"
"Mailbox Backup Appliance","c3d2e1f0-a9b8-4c7d-8e6f-5a4b3c2d1e0f","MailItemsAccessed","user1234@crowleydev.onmicrosoft.com","1"
"Mailbox Backup Appliance","c3d2e1f0-a9b8-4c7d-8e6f-5a4b3c2d1e0f","MailItemsAccessed","user1235@crowleydev.onmicrosoft.com","1"
"Mailbox Backup Appliance","c3d2e1f0-a9b8-4c7d-8e6f-5a4b3c2d1e0f","MailItemsAccessed","user1236@crowleydev.onmicrosoft.com","1"
"Mailbox Backup Appliance","c3d2e1f0-a9b8-4c7d-8e6f-5a4b3c2d1e0f","MailItemsAccessed","user1237@crowleydev.onmicrosoft.com","1"
"Mailbox Backup Appliance","c3d2e1f0-a9b8-4c7d-8e6f-5a4b3c2d1e0f","MailItemsAccessed","user1238@crowleydev.onmicrosoft.com","1"
"Mailbox Backup Appliance","c3d2e1f0-a9b8-4c7d-8e6f-5a4b3c2d1e0f","MailItemsAccessed","user1239@crowleydev.onmicrosoft.com","1"
"Mailbox Backup Appliance","c3d2e1f0-a9b8-4c7d-8e6f-5a4b3c2d1e0f","MailItemsAccessed","user124@crowleydev.onmicrosoft.com","1"
"Mailbox Backup Appliance","c3d2e1f0-a9b8-4c7d-8e6f-5a4b3c2d1e0f","MailItemsAccessed","user1240@crowleydev.onmicrosoft.com","1"
"Mailbox Backup Appliance","c3d2e1f0-a9b8-4c7d-8e6f-5a4b3c2d1e0f","MailItemsAccessed","user125@crowleydev.onmicrosoft.com","1"
"Mailbox Backup Appliance","c3d2e1f0-a9b8-4c7d-8e6f-5a4b3c2d1e0f","MailItemsAccessed","user126@crowleydev.onmicrosoft.com","1"
"Mailbox Backup Appliance","c3d2e1f0-a9b8-4c7d-8e6f-5a4b3c2d1e0f","MailItemsAccessed","user127@crowleydev.onmicrosoft.com","1"
"Mailbox Backup Appliance","c3d2e1f0-a9b8-4c7d-8e6f-5a4b3c2d1e0f","MailItemsAccessed","user128@crowleydev.onmicrosoft.com","1"
"Mailbox Backup Appliance","c3d2e1f0-a9b8-4c7d-8e6f-5a4b3c2d1e0f","MailItemsAccessed","user129@crowleydev.onmicrosoft.com","1"
"Mailbox Backup Appliance","c3d2e1f0-a9b8-4c7d-8e6f-5a4b3c2d1e0f","MailItemsAccessed","user13@crowleydev.onmicrosoft.com","1"
"Mailbox Backup Appliance","c3d2e1f0-a9b8-4c7d-8e6f-5a4b3c2d1e0f","MailItemsAccessed","user130@crowleydev.onmicrosoft.com","1"
"Mailbox Backup Appliance","c3d2e1f0-a9b8-4c7d-8e6f-5a4b3c2d1e0f","MailItemsAccessed","user131@crowleydev.onmicrosoft.com","1"
"Mailbox Backup Appliance","c3d2e1f0-a9b8-4c7d-8e6f-5a4b3c2d1e0f","MailItemsAccessed","user132@crowleydev.onmicrosoft.com","1"
"Mailbox Backup Appliance","c3d2e1f0-a9b8-4c7d-8e6f-5a4b3c2d1e0f","MailItemsAccessed","user133@crowleydev.onmicrosoft.com","1"
"Mailbox Backup Appliance","c3d2e1f0-a9b8-4c7d-8e6f-5a4b3c2d1e0f","MailItemsAccessed","user134@crowleydev.onmicrosoft.com","1"
"Mailbox Backup Appliance","c3d2e1f0-a9b8-4c7d-8e6f-5a4b3c2d1e0f","MailItemsAccessed","user135@crowleydev.onmicrosoft.com","1"
"Mailbox Backup Appliance","c3d2e1f0-a9b8-4c7d-8e6f-5a4b3c2d1e0f","MailItemsAccessed","user136@crowleydev.onmicrosoft.com","1"
"Mailbox Backup Appliance","c3d2e1f0-a9b8-4c7d-8e6f-5a4b3c2d1e0f","MailItemsAccessed","user137@crowleydev.onmicrosoft.com","1"
"Mailbox Backup Appliance","c3d2e1f0-a9b8-4c7d-8e6f-5a4b3c2d1e0f","MailItemsAccessed","user138@crowleydev.onmicrosoft.com","1"
"Mailbox Backup Appliance","c3d2e1f0-a9b8-4c7d-8e6f-5a4b3c2d1e0f","MailItemsAccessed","user139@crowleydev.onmicrosoft.com","1"
"Mailbox Backup Appliance","c3d2e1f0-a9b8-4c7d-8e6f-5a4b3c2d1e0f","MailItemsAccessed","user14@crowleydev.onmicrosoft.com","1"
"Mailbox Backup Appliance","c3d2e1f0-a9b8-4c7d-8e6f-5a4b3c2d1e0f","MailItemsAccessed","user140@crowleydev.onmicrosoft.com","1"
"Mailbox Backup Appliance","c3d2e1f0-a9b8-4c7d-8e6f-5a4b3c2d1e0f","MailItemsAccessed","user141@crowleydev.onmicrosoft.com","1"
"Mailbox Backup Appliance","c3d2e1f0-a9b8-4c7d-8e6f-5a4b3c2d1e0f","MailItemsAccessed","user142@crowleydev.onmicrosoft.com","1"
"Mailbox Backup Appliance","c3d2e1f0-a9b8-4c7d-8e6f-5a4b3c2d1e0f","MailItemsAccessed","user143@crowleydev.onmicrosoft.com","1"
"Mailbox Backup Appliance","c3d2e1f0-a9b8-4c7d-8e6f-5a4b3c2d1e0f","MailItemsAccessed","user144@crowleydev.onmicrosoft.com","1"
"Mailbox Backup Appliance","c3d2e1f0-a9b8-4c7d-8e6f-5a4b3c2d1e0f","MailItemsAccessed","user145@crowleydev.onmicrosoft.com","1"
"Mailbox Backup Appliance","c3d2e1f0-a9b8-4c7d-8e6f-5a4b3c2d1e0f","MailItemsAccessed","user146@crowleydev.onmicrosoft.com","1"
"Mailbox Backup Appliance","c3d2e1f0-a9b8-4c7d-8e6f-5a4b3c2d1e0f","MailItemsAccessed","user147@crowleydev.onmicrosoft.com","1"
"Mailbox Backup Appliance","c3d2e1f0-a9b8-4c7d-8e6f-5a4b3c2d1e0f","MailItemsAccessed","user148@crowleydev.onmicrosoft.com","1"
"Mailbox Backup Appliance","c3d2e1f0-a9b8-4c7d-8e6f-5a4b3c2d1e0f","MailItemsAccessed","user149@crowleydev.onmicrosoft.com","1"
"Mailbox Backup Appliance","c3d2e1f0-a9b8-4c7d-8e6f-5a4b3c2d1e0f","MailItemsAccessed","user15@crowleydev.onmicrosoft.com","1"
"Mailbox Backup Appliance","c3d2e1f0-a9b8-4c7d-8e6f-5a4b3c2d1e0f","MailItemsAccessed","user150@crowleydev.onmicrosoft.com","1"
"Mailbox Backup Appliance","c3d2e1f0-a9b8-4c7d-8e6f-5a4b3c2d1e0f","MailItemsAccessed","user151@crowleydev.onmicrosoft.com","1"
"Mailbox Backup Appliance","c3d2e1f0-a9b8-4c7d-8e6f-5a4b3c2d1e0f","MailItemsAccessed","user152@crowleydev.onmicrosoft.com","1"
"Mailbox Backup Appliance","c3d2e1f0-a9b8-4c7d-8e6f-5a4b3c2d1e0f","MailItemsAccessed","user153@crowleydev.onmicrosoft.com","1"
"Mailbox Backup Appliance","c3d2e1f0-a9b8-4c7d-8e6f-5a4b3c2d1e0f","MailItemsAccessed","user154@crowleydev.onmicrosoft.com","1"
"Mailbox Backup Appliance","c3d2e1f0-a9b8-4c7d-8e6f-5a4b3c2d1e0f","MailItemsAccessed","user155@crowleydev.onmicrosoft.com","1"
"Mailbox Backup Appliance","c3d2e1f0-a9b8-4c7d-8e6f-5a4b3c2d1e0f","MailItemsAccessed","user156@crowleydev.onmicrosoft.com","1"
"Mailbox Backup Appliance","c3d2e1f0-a9b8-4c7d-8e6f-5a4b3c2d1e0f","MailItemsAccessed","user157@crowleydev.onmicrosoft.com","1"
"Mailbox Backup Appliance","c3d2e1f0-a9b8-4c7d-8e6f-5a4b3c2d1e0f","MailItemsAccessed","user158@crowleydev.onmicrosoft.com","1"
"Mailbox Backup Appliance","c3d2e1f0-a9b8-4c7d-8e6f-5a4b3c2d1e0f","MailItemsAccessed","user159@crowleydev.onmicrosoft.com","1"
"Mailbox Backup Appliance","c3d2e1f0-a9b8-4c7d-8e6f-5a4b3c2d1e0f","MailItemsAccessed","user16@crowleydev.onmicrosoft.com","1"
"Mailbox Backup Appliance","c3d2e1f0-a9b8-4c7d-8e6f-5a4b3c2d1e0f","MailItemsAccessed","user160@crowleydev.onmicrosoft.com","1"
"Mailbox Backup Appliance","c3d2e1f0-a9b8-4c7d-8e6f-5a4b3c2d1e0f","MailItemsAccessed","user161@crowleydev.onmicrosoft.com","1"
"Mailbox Backup Appliance","c3d2e1f0-a9b8-4c7d-8e6f-5a4b3c2d1e0f","MailItemsAccessed","user162@crowleydev.onmicrosoft.com","1"
"Mailbox Backup Appliance","c3d2e1f0-a9b8-4c7d-8e6f-5a4b3c2d1e0f","MailItemsAccessed","user163@crowleydev.onmicrosoft.com","1"
"Mailbox Backup Appliance","c3d2e1f0-a9b8-4c7d-8e6f-5a4b3c2d1e0f","MailItemsAccessed","user164@crowleydev.onmicrosoft.com","1"
"Mailbox Backup Appliance","c3d2e1f0-a9b8-4c7d-8e6f-5a4b3c2d1e0f","MailItemsAccessed","user165@crowleydev.onmicrosoft.com","1"
"Mailbox Backup Appliance","c3d2e1f0-a9b8-4c7d-8e6f-5a4b3c2d1e0f","MailItemsAccessed","user166@crowleydev.onmicrosoft.com","1"
"Mailbox Backup Appliance","c3d2e1f0-a9b8-4c7d-8e6f-5a4b3c2d1e0f","MailItemsAccessed","user167@crowleydev.onmicrosoft.com","1"
"Mailbox Backup Appliance","c3d2e1f0-a9b8-4c7d-8e6f-5a4b3c2d1e0f","MailItemsAccessed","user168@crowleydev.onmicrosoft.com","1"
"Mailbox Backup Appliance","c3d2e1f0-a9b8-4c7d-8e6f-5a4b3c2d1e0f","MailItemsAccessed","user169@crowleydev.onmicrosoft.com","1"
"Mailbox Backup Appliance","c3d2e1f0-a9b8-4c7d-8e6f-5a4b3c2d1e0f","MailItemsAccessed","user17@crowleydev.onmicrosoft.com","1"
"Mailbox Backup Appliance","c3d2e1f0-a9b8-4c7d-8e6f-5a4b3c2d1e0f","MailItemsAccessed","user170@crowleydev.onmicrosoft.com","1"
"Mailbox Backup Appliance","c3d2e1f0-a9b8-4c7d-8e6f-5a4b3c2d1e0f","MailItemsAccessed","user171@crowleydev.onmicrosoft.com","1"
"Mailbox Backup Appliance","c3d2e1f0-a9b8-4c7d-8e6f-5a4b3c2d1e0f","MailItemsAccessed","user172@crowleydev.onmicrosoft.com","1"
"Mailbox Backup Appliance","c3d2e1f0-a9b8-4c7d-8e6f-5a4b3c2d1e0f","MailItemsAccessed","user173@crowleydev.onmicrosoft.com","1"
"Mailbox Backup Appliance","c3d2e1f0-a9b8-4c7d-8e6f-5a4b3c2d1e0f","MailItemsAccessed","user174@crowleydev.onmicrosoft.com","1"
"Mailbox Backup Appliance","c3d2e1f0-a9b8-4c7d-8e6f-5a4b3c2d1e0f","MailItemsAccessed","user175@crowleydev.onmicrosoft.com","1"
"Mailbox Backup Appliance","c3d2e1f0-a9b8-4c7d-8e6f-5a4b3c2d1e0f","MailItemsAccessed","user176@crowleydev.onmicrosoft.com","1"
"Mailbox Backup Appliance","c3d2e1f0-a9b8-4c7d-8e6f-5a4b3c2d1e0f","MailItemsAccessed","user177@crowleydev.onmicrosoft.com","1"
"Mailbox Backup Appliance","c3d2e1f0-a9b8-4c7d-8e6f-5a4b3c2d1e0f","MailItemsAccessed","user178@crowleydev.onmicrosoft.com","1"
"Mailbox Backup Appliance","c3d2e1f0-a9b8-4c7d-8e6f-5a4b3c2d1e0f","MailItemsAccessed","user179@crowleydev.onmicrosoft.com","1"
"Mailbox Backup Appliance","c3d2e1f0-a9b8-4c7d-8e6f-5a4b3c2d1e0f","MailItemsAccessed","user18@crowleydev.onmicrosoft.com","1"
"Mailbox Backup Appliance","c3d2e1f0-a9b8-4c7d-8e6f-5a4b3c2d1e0f","MailItemsAccessed","user180@crowleydev.onmicrosoft.com","1"
"Mailbox Backup Appliance","c3d2e1f0-a9b8-4c7d-8e6f-5a4b3c2d1e0f","MailItemsAccessed","user181@crowleydev.onmicrosoft.com","1"
"Mailbox Backup Appliance","c3d2e1f0-a9b8-4c7d-8e6f-5a4b3c2d1e0f","MailItemsAccessed","user182@crowleydev.onmicrosoft.com","1"
"Mailbox Backup Appliance","c3d2e1f0-a9b8-4c7d-8e6f-5a4b3c2d1e0f","MailItemsAccessed","user183@crowleydev.onmicrosoft.com","1"
"Mailbox Backup Appliance","c3d2e1f0-a9b8-4c7d-8e6f-5a4b3c2d1e0f","MailItemsAccessed","user184@crowleydev.onmicrosoft.com","1"
"Mailbox Backup Appliance","c3d2e1f0-a9b8-4c7d-8e6f-5a4b3c2d1e0f","MailItemsAccessed","user185@crowleydev.onmicrosoft.com","1"
"Mailbox Backup Appliance","c3d2e1f0-a9b8-4c7d-8e6f-5a4b3c2d1e0f","MailItemsAccessed","user186@crowleydev.onmicrosoft.com","1"
"Mailbox Backup Appliance","c3d2e1f0-a9b8-4c7d-8e6f-5a4b3c2d1e0f","MailItemsAccessed","user187@crowleydev.onmicrosoft.com","1"
"Mailbox Backup Appliance","c3d2e1f0-a9b8-4c7d-8e6f-5a4b3c2d1e0f","MailItemsAccessed","user188@crowleydev.onmicrosoft.com","1"
"Mailbox Backup Appliance","c3d2e1f0-a9b8-4c7d-8e6f-5a4b3c2d1e0f","MailItemsAccessed","user189@crowleydev.onmicrosoft.com","1"
"Mailbox Backup Appliance","c3d2e1f0-a9b8-4c7d-8e6f-5a4b3c2d1e0f","MailItemsAccessed","user19@crowleydev.onmicrosoft.com","1"
"Mailbox Backup Appliance","c3d2e1f0-a9b8-4c7d-8e6f-5a4b3c2d1e0f","MailItemsAccessed","user190@crowleydev.onmicrosoft.com","1"
"Mailbox Backup Appliance","c3d2e1f0-a9b8-4c7d-8e6f-5a4b3c2d1e0f","MailItemsAccessed","user191@crowleydev.onmicrosoft.com","1"
"Mailbox Backup Appliance","c3d2e1f0-a9b8-4c7d-8e6f-5a4b3c2d1e0f","MailItemsAccessed","user192@crowleydev.onmicrosoft.com","1"
"Mailbox Backup Appliance","c3d2e1f0-a9b8-4c7d-8e6f-5a4b3c2d1e0f","MailItemsAccessed","user193@crowleydev.onmicrosoft.com","1"
"Mailbox Backup Appliance","c3d2e1f0-a9b8-4c7d-8e6f-5a4b3c2d1e0f","MailItemsAccessed","user194@crowleydev.onmicrosoft.com","1"
"Mailbox Backup Appliance","c3d2e1f0-a9b8-4c7d-8e6f-5a4b3c2d1e0f","MailItemsAccessed","user195@crowleydev.onmicrosoft.com","1"
"Mailbox Backup Appliance","c3d2e1f0-a9b8-4c7d-8e6f-5a4b3c2d1e0f","MailItemsAccessed","user196@crowleydev.onmicrosoft.com","1"
"Mailbox Backup Appliance","c3d2e1f0-a9b8-4c7d-8e6f-5a4b3c2d1e0f","MailItemsAccessed","user197@crowleydev.onmicrosoft.com","1"
"Mailbox Backup Appliance","c3d2e1f0-a9b8-4c7d-8e6f-5a4b3c2d1e0f","MailItemsAccessed","user198@crowleydev.onmicrosoft.com","1"
"Mailbox Backup Appliance","c3d2e1f0-a9b8-4c7d-8e6f-5a4b3c2d1e0f","MailItemsAccessed","user199@crowleydev.onmicrosoft.com","1"
"Mailbox Backup Appliance","c3d2e1f0-a9b8-4c7d-8e6f-5a4b3c2d1e0f","MailItemsAccessed","user2@crowleydev.onmicrosoft.com","1"
"Mailbox Backup Appliance","c3d2e1f0-a9b8-4c7d-8e6f-5a4b3c2d1e0f","MailItemsAccessed","user20@crowleydev.onmicrosoft.com","1"
"Mailbox Backup Appliance","c3d2e1f0-a9b8-4c7d-8e6f-5a4b3c2d1e0f","MailItemsAccessed","user200@crowleydev.onmicrosoft.com","1"
"Mailbox Backup Appliance","c3d2e1f0-a9b8-4c7d-8e6f-5a4b3c2d1e0f","MailItemsAccessed","user201@crowleydev.onmicrosoft.com","1"
"Mailbox Backup Appliance","c3d2e1f0-a9b8-4c7d-8e6f-5a4b3c2d1e0f","MailItemsAccessed","user202@crowleydev.onmicrosoft.com","1"
"Mailbox Backup Appliance","c3d2e1f0-a9b8-4c7d-8e6f-5a4b3c2d1e0f","MailItemsAccessed","user203@crowleydev.onmicrosoft.com","1"
"Mailbox Backup Appliance","c3d2e1f0-a9b8-4c7d-8e6f-5a4b3c2d1e0f","MailItemsAccessed","user204@crowleydev.onmicrosoft.com","1"
"Mailbox Backup Appliance","c3d2e1f0-a9b8-4c7d-8e6f-5a4b3c2d1e0f","MailItemsAccessed","user205@crowleydev.onmicrosoft.com","1"
"Mailbox Backup Appliance","c3d2e1f0-a9b8-4c7d-8e6f-5a4b3c2d1e0f","MailItemsAccessed","user206@crowleydev.onmicrosoft.com","1"
"Mailbox Backup Appliance","c3d2e1f0-a9b8-4c7d-8e6f-5a4b3c2d1e0f","MailItemsAccessed","user207@crowleydev.onmicrosoft.com","1"
"Mailbox Backup Appliance","c3d2e1f0-a9b8-4c7d-8e6f-5a4b3c2d1e0f","MailItemsAccessed","user208@crowleydev.onmicrosoft.com","1"
"Mailbox Backup Appliance","c3d2e1f0-a9b8-4c7d-8e6f-5a4b3c2d1e0f","MailItemsAccessed","user209@crowleydev.onmicrosoft.com","1"
"Mailbox Backup Appliance","c3d2e1f0-a9b8-4c7d-8e6f-5a4b3c2d1e0f","MailItemsAccessed","user21@crowleydev.onmicrosoft.com","1"
"Mailbox Backup Appliance","c3d2e1f0-a9b8-4c7d-8e6f-5a4b3c2d1e0f","MailItemsAccessed","user210@crowleydev.onmicrosoft.com","1"
"Mailbox Backup Appliance","c3d2e1f0-a9b8-4c7d-8e6f-5a4b3c2d1e0f","MailItemsAccessed","user211@crowleydev.onmicrosoft.com","1"
"Mailbox Backup Appliance","c3d2e1f0-a9b8-4c7d-8e6f-5a4b3c2d1e0f","MailItemsAccessed","user212@crowleydev.onmicrosoft.com","1"
"Mailbox Backup Appliance","c3d2e1f0-a9b8-4c7d-8e6f-5a4b3c2d1e0f","MailItemsAccessed","user213@crowleydev.onmicrosoft.com","1"
"Mailbox Backup Appliance","c3d2e1f0-a9b8-4c7d-8e6f-5a4b3c2d1e0f","MailItemsAccessed","user214@crowleydev.onmicrosoft.com","1"
"Mailbox Backup Appliance","c3d2e1f0-a9b8-4c7d-8e6f-5a4b3c2d1e0f","MailItemsAccessed","user215@crowleydev.onmicrosoft.com","1"
"Mailbox Backup Appliance","c3d2e1f0-a9b8-4c7d-8e6f-5a4b3c2d1e0f","MailItemsAccessed","user216@crowleydev.onmicrosoft.com","1"
"Mailbox Backup Appliance","c3d2e1f0-a9b8-4c7d-8e6f-5a4b3c2d1e0f","MailItemsAccessed","user217@crowleydev.onmicrosoft.com","1"
"Mailbox Backup Appliance","c3d2e1f0-a9b8-4c7d-8e6f-5a4b3c2d1e0f","MailItemsAccessed","user218@crowleydev.onmicrosoft.com","1"
"Mailbox Backup Appliance","c3d2e1f0-a9b8-4c7d-8e6f-5a4b3c2d1e0f","MailItemsAccessed","user219@crowleydev.onmicrosoft.com","1"
"Mailbox Backup Appliance","c3d2e1f0-a9b8-4c7d-8e6f-5a4b3c2d1e0f","MailItemsAccessed","user22@crowleydev.onmicrosoft.com","1"
"Mailbox Backup Appliance","c3d2e1f0-a9b8-4c7d-8e6f-5a4b3c2d1e0f","MailItemsAccessed","user220@crowleydev.onmicrosoft.com","1"
"Mailbox Backup Appliance","c3d2e1f0-a9b8-4c7d-8e6f-5a4b3c2d1e0f","MailItemsAccessed","user221@crowleydev.onmicrosoft.com","1"
"Mailbox Backup Appliance","c3d2e1f0-a9b8-4c7d-8e6f-5a4b3c2d1e0f","MailItemsAccessed","user222@crowleydev.onmicrosoft.com","1"
"Mailbox Backup Appliance","c3d2e1f0-a9b8-4c7d-8e6f-5a4b3c2d1e0f","MailItemsAccessed","user223@crowleydev.onmicrosoft.com","1"
"Mailbox Backup Appliance","c3d2e1f0-a9b8-4c7d-8e6f-5a4b3c2d1e0f","MailItemsAccessed","user224@crowleydev.onmicrosoft.com","1"
"Mailbox Backup Appliance","c3d2e1f0-a9b8-4c7d-8e6f-5a4b3c2d1e0f","MailItemsAccessed","user225@crowleydev.onmicrosoft.com","1"
"Mailbox Backup Appliance","c3d2e1f0-a9b8-4c7d-8e6f-5a4b3c2d1e0f","MailItemsAccessed","user226@crowleydev.onmicrosoft.com","1"
"Mailbox Backup Appliance","c3d2e1f0-a9b8-4c7d-8e6f-5a4b3c2d1e0f","MailItemsAccessed","user227@crowleydev.onmicrosoft.com","1"
"Mailbox Backup Appliance","c3d2e1f0-a9b8-4c7d-8e6f-5a4b3c2d1e0f","MailItemsAccessed","user228@crowleydev.onmicrosoft.com","1"
"Mailbox Backup Appliance","c3d2e1f0-a9b8-4c7d-8e6f-5a4b3c2d1e0f","MailItemsAccessed","user229@crowleydev.onmicrosoft.com","1"
"Mailbox Backup Appliance","c3d2e1f0-a9b8-4c7d-8e6f-5a4b3c2d1e0f","MailItemsAccessed","user23@crowleydev.onmicrosoft.com","1"
"Mailbox Backup Appliance","c3d2e1f0-a9b8-4c7d-8e6f-5a4b3c2d1e0f","MailItemsAccessed","user230@crowleydev.onmicrosoft.com","1"
"Mailbox Backup Appliance","c3d2e1f0-a9b8-4c7d-8e6f-5a4b3c2d1e0f","MailItemsAccessed","user231@crowleydev.onmicrosoft.com","1"
"Mailbox Backup Appliance","c3d2e1f0-a9b8-4c7d-8e6f-5a4b3c2d1e0f","MailItemsAccessed","user232@crowleydev.onmicrosoft.com","1"
"Mailbox Backup Appliance","c3d2e1f0-a9b8-4c7d-8e6f-5a4b3c2d1e0f","MailItemsAccessed","user233@crowleydev.onmicrosoft.com","1"
"Mailbox Backup Appliance","c3d2e1f0-a9b8-4c7d-8e6f-5a4b3c2d1e0f","MailItemsAccessed","user234@crowleydev.onmicrosoft.com","1"
"Mailbox Backup Appliance","c3d2e1f0-a9b8-4c7d-8e6f-5a4b3c2d1e0f","MailItemsAccessed","user235@crowleydev.onmicrosoft.com","1"
"Mailbox Backup Appliance","c3d2e1f0-a9b8-4c7d-8e6f-5a4b3c2d1e0f","MailItemsAccessed","user236@crowleydev.onmicrosoft.com","1"
"Mailbox Backup Appliance","c3d2e1f0-a9b8-4c7d-8e6f-5a4b3c2d1e0f","MailItemsAccessed","user237@crowleydev.onmicrosoft.com","1"
"Mailbox Backup Appliance","c3d2e1f0-a9b8-4c7d-8e6f-5a4b3c2d1e0f","MailItemsAccessed","user238@crowleydev.onmicrosoft.com","1"
"Mailbox Backup Appliance","c3d2e1f0-a9b8-4c7d-8e6f-5a4b3c2d1e0f","MailItemsAccessed","user239@crowleydev.onmicrosoft.com","1"
"Mailbox Backup Appliance","c3d2e1f0-a9b8-4c7d-8e6f-5a4b3c2d1e0f","MailItemsAccessed","user24@crowleydev.onmicrosoft.com","1"
"Mailbox Backup Appliance","c3d2e1f0-a9b8-4c7d-8e6f-5a4b3c2d1e0f","MailItemsAccessed","user240@crowleydev.onmicrosoft.com","1"
"Mailbox Backup Appliance","c3d2e1f0-a9b8-4c7d-8e6f-5a4b3c2d1e0f","MailItemsAccessed","user241@crowleydev.onmicrosoft.com","1"
"Mailbox Backup Appliance","c3d2e1f0-a9b8-4c7d-8e6f-5a4b3c2d1e0f","MailItemsAccessed","user242@crowleydev.onmicrosoft.com","1"
"Mailbox Backup Appliance","c3d2e1f0-a9b8-4c7d-8e6f-5a4b3c2d1e0f","MailItemsAccessed","user243@crowleydev.onmicrosoft.com","1"
"Mailbox Backup Appliance","c3d2e1f0-a9b8-4c7d-8e6f-5a4b3c2d1e0f","MailItemsAccessed","user244@crowleydev.onmicrosoft.com","1"
"Mailbox Backup Appliance","c3d2e1f0-a9b8-4c7d-8e6f-5a4b3c2d1e0f","MailItemsAccessed","user245@crowleydev.onmicrosoft.com","1"
"Mailbox Backup Appliance","c3d2e1f0-a9b8-4c7d-8e6f-5a4b3c2d1e0f","MailItemsAccessed","user246@crowleydev.onmicrosoft.com","1"
"Mailbox Backup Appliance","c3d2e1f0-a9b8-4c7d-8e6f-5a4b3c2d1e0f","MailItemsAccessed","user247@crowleydev.onmicrosoft.com","1"
"Mailbox Backup Appliance","c3d2e1f0-a9b8-4c7d-8e6f-5a4b3c2d1e0f","MailItemsAccessed","user248@crowleydev.onmicrosoft.com","1"
"Mailbox Backup Appliance","c3d2e1f0-a9b8-4c7d-8e6f-5a4b3c2d1e0f","MailItemsAccessed","user249@crowleydev.onmicrosoft.com","1"
"Mailbox Backup Appliance","c3d2e1f0-a9b8-4c7d-8e6f-5a4b3c2d1e0f","MailItemsAccessed","user25@crowleydev.onmicrosoft.com","1"
"Mailbox Backup Appliance","c3d2e1f0-a9b8-4c7d-8e6f-5a4b3c2d1e0f","MailItemsAccessed","user250@crowleydev.onmicrosoft.com","1"
"Mailbox Backup Appliance","c3d2e1f0-a9b8-4c7d-8e6f-5a4b3c2d1e0f","MailItemsAccessed","user251@crowleydev.onmicrosoft.com","1"
"Mailbox Backup Appliance","c3d2e1f0-a9b8-4c7d-8e6f-5a4b3c2d1e0f","MailItemsAccessed","user252@crowleydev.onmicrosoft.com","1"
"Mailbox Backup Appliance","c3d2e1f0-a9b8-4c7d-8e6f-5a4b3c2d1e0f","MailItemsAccessed","user253@crowleydev.onmicrosoft.com","1"
"Mailbox Backup Appliance","c3d2e1f0-a9b8-4c7d-8e6f-5a4b3c2d1e0f","MailItemsAccessed","user254@crowleydev.onmicrosoft.com","1"
"Mailbox Backup Appliance","c3d2e1f0-a9b8-4c7d-8e6f-5a4b3c2d1e0f","MailItemsAccessed","user255@crowleydev.onmicrosoft.com","1"
"Mailbox Backup Appliance","c3d2e1f0-a9b8-4c7d-8e6f-5a4b3c2d1e0f","MailItemsAccessed","user256@crowleydev.onmicrosoft.com","1"
"Mailbox Backup Appliance","c3d2e1f0-a9b8-4c7d-8e6f-5a4b3c2d1e0f","MailItemsAccessed","user257@crowleydev.onmicrosoft.com","1"
"Mailbox Backup Appliance","c3d2e1f0-a9b8-4c7d-8e6f-5a4b3c2d1e0f","MailItemsAccessed","user258@crowleydev.onmicrosoft.com","1"
"Mailbox Backup Appliance","c3d2e1f0-a9b8-4c7d-8e6f-5a4b3c2d1e0f","MailItemsAccessed","user259@crowleydev.onmicrosoft.com","1"
"Mailbox Backup Appliance","c3d2e1f0-a9b8-4c7d-8e6f-5a4b3c2d1e0f","MailItemsAccessed","user26@crowleydev.onmicrosoft.com","1"
"Mailbox Backup Appliance","c3d2e1f0-a9b8-4c7d-8e6f-5a4b3c2d1e0f","MailItemsAccessed","user260@crowleydev.onmicrosoft.com","1"
"Mailbox Backup Appliance","c3d2e1f0-a9b8-4c7d-8e6f-5a4b3c2d1e0f","MailItemsAccessed","user261@crowleydev.onmicrosoft.com","1"
"Mailbox Backup Appliance","c3d2e1f0-a9b8-4c7d-8e6f-5a4b3c2d1e0f","MailItemsAccessed","user262@crowleydev.onmicrosoft.com","1"
"Mailbox Backup Appliance","c3d2e1f0-a9b8-4c7d-8e6f-5a4b3c2d1e0f","MailItemsAccessed","user263@crowleydev.onmicrosoft.com","1"
"Mailbox Backup Appliance","c3d2e1f0-a9b8-4c7d-8e6f-5a4b3c2d1e0f","MailItemsAccessed","user264@crowleydev.onmicrosoft.com","1"
"Mailbox Backup Appliance","c3d2e1f0-a9b8-4c7d-8e6f-5a4b3c2d1e0f","MailItemsAccessed","user265@crowleydev.onmicrosoft.com","1"
"Mailbox Backup Appliance","c3d2e1f0-a9b8-4c7d-8e6f-5a4b3c2d1e0f","MailItemsAccessed","user266@crowleydev.onmicrosoft.com","1"
"Mailbox Backup Appliance","c3d2e1f0-a9b8-4c7d-8e6f-5a4b3c2d1e0f","MailItemsAccessed","user267@crowleydev.onmicrosoft.com","1"
"Mailbox Backup Appliance","c3d2e1f0-a9b8-4c7d-8e6f-5a4b3c2d1e0f","MailItemsAccessed","user268@crowleydev.onmicrosoft.com","1"
"Mailbox Backup Appliance","c3d2e1f0-a9b8-4c7d-8e6f-5a4b3c2d1e0f","MailItemsAccessed","user269@crowleydev.onmicrosoft.com","1"
"Mailbox Backup Appliance","c3d2e1f0-a9b8-4c7d-8e6f-5a4b3c2d1e0f","MailItemsAccessed","user27@crowleydev.onmicrosoft.com","1"
"Mailbox Backup Appliance","c3d2e1f0-a9b8-4c7d-8e6f-5a4b3c2d1e0f","MailItemsAccessed","user270@crowleydev.onmicrosoft.com","1"
"Mailbox Backup Appliance","c3d2e1f0-a9b8-4c7d-8e6f-5a4b3c2d1e0f","MailItemsAccessed","user271@crowleydev.onmicrosoft.com","1"
"Mailbox Backup Appliance","c3d2e1f0-a9b8-4c7d-8e6f-5a4b3c2d1e0f","MailItemsAccessed","user272@crowleydev.onmicrosoft.com","1"
"Mailbox Backup Appliance","c3d2e1f0-a9b8-4c7d-8e6f-5a4b3c2d1e0f","MailItemsAccessed","user273@crowleydev.onmicrosoft.com","1"
"Mailbox Backup Appliance","c3d2e1f0-a9b8-4c7d-8e6f-5a4b3c2d1e0f","MailItemsAccessed","user274@crowleydev.onmicrosoft.com","1"
"Mailbox Backup Appliance","c3d2e1f0-a9b8-4c7d-8e6f-5a4b3c2d1e0f","MailItemsAccessed","user275@crowleydev.onmicrosoft.com","1"
"Mailbox Backup Appliance","c3d2e1f0-a9b8-4c7d-8e6f-5a4b3c2d1e0f","MailItemsAccessed","user276@crowleydev.onmicrosoft.com","1"
"Mailbox Backup Appliance","c3d2e1f0-a9b8-4c7d-8e6f-5a4b3c2d1e0f","MailItemsAccessed","user277@crowleydev.onmicrosoft.com","1"
"Mailbox Backup Appliance","c3d2e1f0-a9b8-4c7d-8e6f-5a4b3c2d1e0f","MailItemsAccessed","user278@crowleydev.onmicrosoft.com","1"
"Mailbox Backup Appliance","c3d2e1f0-a9b8-4c7d-8e6f-5a4b3c2d1e0f","MailItemsAccessed","user279@crowleydev.onmicrosoft.com","1"
"Mailbox Backup Appliance","c3d2e1f0-a9b8-4c7d-8e6f-5a4b3c2d1e0f","MailItemsAccessed","user28@crowleydev.onmicrosoft.com","1"
"Mailbox Backup Appliance","c3d2e1f0-a9b8-4c7d-8e6f-5a4b3c2d1e0f","MailItemsAccessed","user280@crowleydev.onmicrosoft.com","1"
"Mailbox Backup Appliance","c3d2e1f0-a9b8-4c7d-8e6f-5a4b3c2d1e0f","MailItemsAccessed","user281@crowleydev.onmicrosoft.com","1"
"Mailbox Backup Appliance","c3d2e1f0-a9b8-4c7d-8e6f-5a4b3c2d1e0f","MailItemsAccessed","user282@crowleydev.onmicrosoft.com","1"
"Mailbox Backup Appliance","c3d2e1f0-a9b8-4c7d-8e6f-5a4b3c2d1e0f","MailItemsAccessed","user283@crowleydev.onmicrosoft.com","1"
"Mailbox Backup Appliance","c3d2e1f0-a9b8-4c7d-8e6f-5a4b3c2d1e0f","MailItemsAccessed","user284@crowleydev.onmicrosoft.com","1"
"Mailbox Backup Appliance","c3d2e1f0-a9b8-4c7d-8e6f-5a4b3c2d1e0f","MailItemsAccessed","user285@crowleydev.onmicrosoft.com","1"
"Mailbox Backup Appliance","c3d2e1f0-a9b8-4c7d-8e6f-5a4b3c2d1e0f","MailItemsAccessed","user286@crowleydev.onmicrosoft.com","1"
"Mailbox Backup Appliance","c3d2e1f0-a9b8-4c7d-8e6f-5a4b3c2d1e0f","MailItemsAccessed","user287@crowleydev.onmicrosoft.com","1"
"Mailbox Backup Appliance","c3d2e1f0-a9b8-4c7d-8e6f-5a4b3c2d1e0f","MailItemsAccessed","user288@crowleydev.onmicrosoft.com","1"
"Mailbox Backup Appliance","c3d2e1f0-a9b8-4c7d-8e6f-5a4b3c2d1e0f","MailItemsAccessed","user289@crowleydev.onmicrosoft.com","1"
"Mailbox Backup Appliance","c3d2e1f0-a9b8-4c7d-8e6f-5a4b3c2d1e0f","MailItemsAccessed","user29@crowleydev.onmicrosoft.com","1"
"Mailbox Backup Appliance","c3d2e1f0-a9b8-4c7d-8e6f-5a4b3c2d1e0f","MailItemsAccessed","user290@crowleydev.onmicrosoft.com","1"
"Mailbox Backup Appliance","c3d2e1f0-a9b8-4c7d-8e6f-5a4b3c2d1e0f","MailItemsAccessed","user291@crowleydev.onmicrosoft.com","1"
"Mailbox Backup Appliance","c3d2e1f0-a9b8-4c7d-8e6f-5a4b3c2d1e0f","MailItemsAccessed","user292@crowleydev.onmicrosoft.com","1"
"Mailbox Backup Appliance","c3d2e1f0-a9b8-4c7d-8e6f-5a4b3c2d1e0f","MailItemsAccessed","user293@crowleydev.onmicrosoft.com","1"
"Mailbox Backup Appliance","c3d2e1f0-a9b8-4c7d-8e6f-5a4b3c2d1e0f","MailItemsAccessed","user294@crowleydev.onmicrosoft.com","1"
"Mailbox Backup Appliance","c3d2e1f0-a9b8-4c7d-8e6f-5a4b3c2d1e0f","MailItemsAccessed","user295@crowleydev.onmicrosoft.com","1"
"Mailbox Backup Appliance","c3d2e1f0-a9b8-4c7d-8e6f-5a4b3c2d1e0f","MailItemsAccessed","user296@crowleydev.onmicrosoft.com","1"
"Mailbox Backup Appliance","c3d2e1f0-a9b8-4c7d-8e6f-5a4b3c2d1e0f","MailItemsAccessed","user297@crowleydev.onmicrosoft.com","1"
"Mailbox Backup Appliance","c3d2e1f0-a9b8-4c7d-8e6f-5a4b3c2d1e0f","MailItemsAccessed","user298@crowleydev.onmicrosoft.com","1"
"Mailbox Backup Appliance","c3d2e1f0-a9b8-4c7d-8e6f-5a4b3c2d1e0f","MailItemsAccessed","user299@crowleydev.onmicrosoft.com","1"
"Mailbox Backup Appliance","c3d2e1f0-a9b8-4c7d-8e6f-5a4b3c2d1e0f","MailItemsAccessed","user3@crowleydev.onmicrosoft.com","1"
"Mailbox Backup Appliance","c3d2e1f0-a9b8-4c7d-8e6f-5a4b3c2d1e0f","MailItemsAccessed","user30@crowleydev.onmicrosoft.com","1"
"Mailbox Backup Appliance","c3d2e1f0-a9b8-4c7d-8e6f-5a4b3c2d1e0f","MailItemsAccessed","user300@crowleydev.onmicrosoft.com","1"
"Mailbox Backup Appliance","c3d2e1f0-a9b8-4c7d-8e6f-5a4b3c2d1e0f","MailItemsAccessed","user301@crowleydev.onmicrosoft.com","1"
"Mailbox Backup Appliance","c3d2e1f0-a9b8-4c7d-8e6f-5a4b3c2d1e0f","MailItemsAccessed","user302@crowleydev.onmicrosoft.com","1"
"Mailbox Backup Appliance","c3d2e1f0-a9b8-4c7d-8e6f-5a4b3c2d1e0f","MailItemsAccessed","user303@crowleydev.onmicrosoft.com","1"
"Mailbox Backup Appliance","c3d2e1f0-a9b8-4c7d-8e6f-5a4b3c2d1e0f","MailItemsAccessed","user304@crowleydev.onmicrosoft.com","1"
"Mailbox Backup Appliance","c3d2e1f0-a9b8-4c7d-8e6f-5a4b3c2d1e0f","MailItemsAccessed","user305@crowleydev.onmicrosoft.com","1"
"Mailbox Backup Appliance","c3d2e1f0-a9b8-4c7d-8e6f-5a4b3c2d1e0f","MailItemsAccessed","user306@crowleydev.onmicrosoft.com","1"
"Mailbox Backup Appliance","c3d2e1f0-a9b8-4c7d-8e6f-5a4b3c2d1e0f","MailItemsAccessed","user307@crowleydev.onmicrosoft.com","1"
"Mailbox Backup Appliance","c3d2e1f0-a9b8-4c7d-8e6f-5a4b3c2d1e0f","MailItemsAccessed","user308@crowleydev.onmicrosoft.com","1"
"Mailbox Backup Appliance","c3d2e1f0-a9b8-4c7d-8e6f-5a4b3c2d1e0f","MailItemsAccessed","user309@crowleydev.onmicrosoft.com","1"
"Mailbox Backup Appliance","c3d2e1f0-a9b8-4c7d-8e6f-5a4b3c2d1e0f","MailItemsAccessed","user31@crowleydev.onmicrosoft.com","1"
"Mailbox Backup Appliance","c3d2e1f0-a9b8-4c7d-8e6f-5a4b3c2d1e0f","MailItemsAccessed","user310@crowleydev.onmicrosoft.com","1"
"Mailbox Backup Appliance","c3d2e1f0-a9b8-4c7d-8e6f-5a4b3c2d1e0f","MailItemsAccessed","user311@crowleydev.onmicrosoft.com","1"
"Mailbox Backup Appliance","c3d2e1f0-a9b8-4c7d-8e6f-5a4b3c2d1e0f","MailItemsAccessed","user312@crowleydev.onmicrosoft.com","1"
"Mailbox Backup Appliance","c3d2e1f0-a9b8-4c7d-8e6f-5a4b3c2d1e0f","MailItemsAccessed","user313@crowleydev.onmicrosoft.com","1"
"Mailbox Backup Appliance","c3d2e1f0-a9b8-4c7d-8e6f-5a4b3c2d1e0f","MailItemsAccessed","user314@crowleydev.onmicrosoft.com","1"
"Mailbox Backup Appliance","c3d2e1f0-a9b8-4c7d-8e6f-5a4b3c2d1e0f","MailItemsAccessed","user315@crowleydev.onmicrosoft.com","1"
"Mailbox Backup Appliance","c3d2e1f0-a9b8-4c7d-8e6f-5a4b3c2d1e0f","MailItemsAccessed","user316@crowleydev.onmicrosoft.com","1"
"Mailbox Backup Appliance","c3d2e1f0-a9b8-4c7d-8e6f-5a4b3c2d1e0f","MailItemsAccessed","user317@crowleydev.onmicrosoft.com","1"
"Mailbox Backup Appliance","c3d2e1f0-a9b8-4c7d-8e6f-5a4b3c2d1e0f","MailItemsAccessed","user318@crowleydev.onmicrosoft.com","1"
"Mailbox Backup Appliance","c3d2e1f0-a9b8-4c7d-8e6f-5a4b3c2d1e0f","MailItemsAccessed","user319@crowleydev.onmicrosoft.com","1"
"Mailbox Backup Appliance","c3d2e1f0-a9b8-4c7d-8e6f-5a4b3c2d1e0f","MailItemsAccessed","user32@crowleydev.onmicrosoft.com","1"
"Mailbox Backup Appliance","c3d2e1f0-a9b8-4c7d-8e6f-5a4b3c2d1e0f","MailItemsAccessed","user320@crowleydev.onmicrosoft.com","1"
"Mailbox Backup Appliance","c3d2e1f0-a9b8-4c7d-8e6f-5a4b3c2d1e0f","MailItemsAccessed","user321@crowleydev.onmicrosoft.com","1"
"Mailbox Backup Appliance","c3d2e1f0-a9b8-4c7d-8e6f-5a4b3c2d1e0f","MailItemsAccessed","user322@crowleydev.onmicrosoft.com","1"
"Mailbox Backup Appliance","c3d2e1f0-a9b8-4c7d-8e6f-5a4b3c2d1e0f","MailItemsAccessed","user323@crowleydev.onmicrosoft.com","1"
"Mailbox Backup Appliance","c3d2e1f0-a9b8-4c7d-8e6f-5a4b3c2d1e0f","MailItemsAccessed","user324@crowleydev.onmicrosoft.com","1"
"Mailbox Backup Appliance","c3d2e1f0-a9b8-4c7d-8e6f-5a4b3c2d1e0f","MailItemsAccessed","user325@crowleydev.onmicrosoft.com","1"
"Mailbox Backup Appliance","c3d2e1f0-a9b8-4c7d-8e6f-5a4b3c2d1e0f","MailItemsAccessed","user326@crowleydev.onmicrosoft.com","1"
"Mailbox Backup Appliance","c3d2e1f0-a9b8-4c7d-8e6f-5a4b3c2d1e0f","MailItemsAccessed","user327@crowleydev.onmicrosoft.com","1"
"Mailbox Backup Appliance","c3d2e1f0-a9b8-4c7d-8e6f-5a4b3c2d1e0f","MailItemsAccessed","user328@crowleydev.onmicrosoft.com","1"
"Mailbox Backup Appliance","c3d2e1f0-a9b8-4c7d-8e6f-5a4b3c2d1e0f","MailItemsAccessed","user329@crowleydev.onmicrosoft.com","1"
"Mailbox Backup Appliance","c3d2e1f0-a9b8-4c7d-8e6f-5a4b3c2d1e0f","MailItemsAccessed","user33@crowleydev.onmicrosoft.com","1"
"Mailbox Backup Appliance","c3d2e1f0-a9b8-4c7d-8e6f-5a4b3c2d1e0f","MailItemsAccessed","user330@crowleydev.onmicrosoft.com","1"
"Mailbox Backup Appliance","c3d2e1f0-a9b8-4c7d-8e6f-5a4b3c2d1e0f","MailItemsAccessed","user331@crowleydev.onmicrosoft.com","1"
"Mailbox Backup Appliance","c3d2e1f0-a9b8-4c7d-8e6f-5a4b3c2d1e0f","MailItemsAccessed","user332@crowleydev.onmicrosoft.com","1"
"Mailbox Backup Appliance","c3d2e1f0-a9b8-4c7d-8e6f-5a4b3c2d1e0f","MailItemsAccessed","user333@crowleydev.onmicrosoft.com","1"
"Mailbox Backup Appliance","c3d2e1f0-a9b8-4c7d-8e6f-5a4b3c2d1e0f","MailItemsAccessed","user334@crowleydev.onmicrosoft.com","1"
"Mailbox Backup Appliance","c3d2e1f0-a9b8-4c7d-8e6f-5a4b3c2d1e0f","MailItemsAccessed","user335@crowleydev.onmicrosoft.com","1"
"Mailbox Backup Appliance","c3d2e1f0-a9b8-4c7d-8e6f-5a4b3c2d1e0f","MailItemsAccessed","user336@crowleydev.onmicrosoft.com","1"
"Mailbox Backup Appliance","c3d2e1f0-a9b8-4c7d-8e6f-5a4b3c2d1e0f","MailItemsAccessed","user337@crowleydev.onmicrosoft.com","1"
"Mailbox Backup Appliance","c3d2e1f0-a9b8-4c7d-8e6f-5a4b3c2d1e0f","MailItemsAccessed","user338@crowleydev.onmicrosoft.com","1"
"Mailbox Backup Appliance","c3d2e1f0-a9b8-4c7d-8e6f-5a4b3c2d1e0f","MailItemsAccessed","user339@crowleydev.onmicrosoft.com","1"
"Mailbox Backup Appliance","c3d2e1f0-a9b8-4c7d-8e6f-5a4b3c2d1e0f","MailItemsAccessed","user34@crowleydev.onmicrosoft.com","1"
"Mailbox Backup Appliance","c3d2e1f0-a9b8-4c7d-8e6f-5a4b3c2d1e0f","MailItemsAccessed","user340@crowleydev.onmicrosoft.com","1"
"Mailbox Backup Appliance","c3d2e1f0-a9b8-4c7d-8e6f-5a4b3c2d1e0f","MailItemsAccessed","user341@crowleydev.onmicrosoft.com","1"
"Mailbox Backup Appliance","c3d2e1f0-a9b8-4c7d-8e6f-5a4b3c2d1e0f","MailItemsAccessed","user342@crowleydev.onmicrosoft.com","1"
"Mailbox Backup Appliance","c3d2e1f0-a9b8-4c7d-8e6f-5a4b3c2d1e0f","MailItemsAccessed","user343@crowleydev.onmicrosoft.com","1"
"Mailbox Backup Appliance","c3d2e1f0-a9b8-4c7d-8e6f-5a4b3c2d1e0f","MailItemsAccessed","user344@crowleydev.onmicrosoft.com","1"
"Mailbox Backup Appliance","c3d2e1f0-a9b8-4c7d-8e6f-5a4b3c2d1e0f","MailItemsAccessed","user345@crowleydev.onmicrosoft.com","1"
"Mailbox Backup Appliance","c3d2e1f0-a9b8-4c7d-8e6f-5a4b3c2d1e0f","MailItemsAccessed","user346@crowleydev.onmicrosoft.com","1"
"Mailbox Backup Appliance","c3d2e1f0-a9b8-4c7d-8e6f-5a4b3c2d1e0f","MailItemsAccessed","user347@crowleydev.onmicrosoft.com","1"
"Mailbox Backup Appliance","c3d2e1f0-a9b8-4c7d-8e6f-5a4b3c2d1e0f","MailItemsAccessed","user348@crowleydev.onmicrosoft.com","1"
"Mailbox Backup Appliance","c3d2e1f0-a9b8-4c7d-8e6f-5a4b3c2d1e0f","MailItemsAccessed","user349@crowleydev.onmicrosoft.com","1"
"Mailbox Backup Appliance","c3d2e1f0-a9b8-4c7d-8e6f-5a4b3c2d1e0f","MailItemsAccessed","user35@crowleydev.onmicrosoft.com","1"
"Mailbox Backup Appliance","c3d2e1f0-a9b8-4c7d-8e6f-5a4b3c2d1e0f","MailItemsAccessed","user350@crowleydev.onmicrosoft.com","1"
"Mailbox Backup Appliance","c3d2e1f0-a9b8-4c7d-8e6f-5a4b3c2d1e0f","MailItemsAccessed","user351@crowleydev.onmicrosoft.com","1"
"Mailbox Backup Appliance","c3d2e1f0-a9b8-4c7d-8e6f-5a4b3c2d1e0f","MailItemsAccessed","user352@crowleydev.onmicrosoft.com","1"
"Mailbox Backup Appliance","c3d2e1f0-a9b8-4c7d-8e6f-5a4b3c2d1e0f","MailItemsAccessed","user353@crowleydev.onmicrosoft.com","1"
"Mailbox Backup Appliance","c3d2e1f0-a9b8-4c7d-8e6f-5a4b3c2d1e0f","MailItemsAccessed","user354@crowleydev.onmicrosoft.com","1"
"Mailbox Backup Appliance","c3d2e1f0-a9b8-4c7d-8e6f-5a4b3c2d1e0f","MailItemsAccessed","user355@crowleydev.onmicrosoft.com","1"
"Mailbox Backup Appliance","c3d2e1f0-a9b8-4c7d-8e6f-5a4b3c2d1e0f","MailItemsAccessed","user356@crowleydev.onmicrosoft.com","1"
"Mailbox Backup Appliance","c3d2e1f0-a9b8-4c7d-8e6f-5a4b3c2d1e0f","MailItemsAccessed","user357@crowleydev.onmicrosoft.com","1"
"Mailbox Backup Appliance","c3d2e1f0-a9b8-4c7d-8e6f-5a4b3c2d1e0f","MailItemsAccessed","user358@crowleydev.onmicrosoft.com","1"
"Mailbox Backup Appliance","c3d2e1f0-a9b8-4c7d-8e6f-5a4b3c2d1e0f","MailItemsAccessed","user359@crowleydev.onmicrosoft.com","1"
"Mailbox Backup Appliance","c3d2e1f0-a9b8-4c7d-8e6f-5a4b3c2d1e0f","MailItemsAccessed","user36@crowleydev.onmicrosoft.com","1"
"Mailbox Backup Appliance","c3d2e1f0-a9b8-4c7d-8e6f-5a4b3c2d1e0f","MailItemsAccessed","user360@crowleydev.onmicrosoft.com","1"
"Mailbox Backup Appliance","c3d2e1f0-a9b8-4c7d-8e6f-5a4b3c2d1e0f","MailItemsAccessed","user361@crowleydev.onmicrosoft.com","1"
"Mailbox Backup Appliance","c3d2e1f0-a9b8-4c7d-8e6f-5a4b3c2d1e0f","MailItemsAccessed","user362@crowleydev.onmicrosoft.com","1"
"Mailbox Backup Appliance","c3d2e1f0-a9b8-4c7d-8e6f-5a4b3c2d1e0f","MailItemsAccessed","user363@crowleydev.onmicrosoft.com","1"
"Mailbox Backup Appliance","c3d2e1f0-a9b8-4c7d-8e6f-5a4b3c2d1e0f","MailItemsAccessed","user364@crowleydev.onmicrosoft.com","1"
"Mailbox Backup Appliance","c3d2e1f0-a9b8-4c7d-8e6f-5a4b3c2d1e0f","MailItemsAccessed","user365@crowleydev.onmicrosoft.com","1"
"Mailbox Backup Appliance","c3d2e1f0-a9b8-4c7d-8e6f-5a4b3c2d1e0f","MailItemsAccessed","user366@crowleydev.onmicrosoft.com","1"
"Mailbox Backup Appliance","c3d2e1f0-a9b8-4c7d-8e6f-5a4b3c2d1e0f","MailItemsAccessed","user367@crowleydev.onmicrosoft.com","1"
"Mailbox Backup Appliance","c3d2e1f0-a9b8-4c7d-8e6f-5a4b3c2d1e0f","MailItemsAccessed","user368@crowleydev.onmicrosoft.com","1"
"Mailbox Backup Appliance","c3d2e1f0-a9b8-4c7d-8e6f-5a4b3c2d1e0f","MailItemsAccessed","user369@crowleydev.onmicrosoft.com","1"
"Mailbox Backup Appliance","c3d2e1f0-a9b8-4c7d-8e6f-5a4b3c2d1e0f","MailItemsAccessed","user37@crowleydev.onmicrosoft.com","1"
"Mailbox Backup Appliance","c3d2e1f0-a9b8-4c7d-8e6f-5a4b3c2d1e0f","MailItemsAccessed","user370@crowleydev.onmicrosoft.com","1"
"Mailbox Backup Appliance","c3d2e1f0-a9b8-4c7d-8e6f-5a4b3c2d1e0f","MailItemsAccessed","user371@crowleydev.onmicrosoft.com","1"
"Mailbox Backup Appliance","c3d2e1f0-a9b8-4c7d-8e6f-5a4b3c2d1e0f","MailItemsAccessed","user372@crowleydev.onmicrosoft.com","1"
"Mailbox Backup Appliance","c3d2e1f0-a9b8-4c7d-8e6f-5a4b3c2d1e0f","MailItemsAccessed","user373@crowleydev.onmicrosoft.com","1"
"Mailbox Backup Appliance","c3d2e1f0-a9b8-4c7d-8e6f-5a4b3c2d1e0f","MailItemsAccessed","user374@crowleydev.onmicrosoft.com","1"
"Mailbox Backup Appliance","c3d2e1f0-a9b8-4c7d-8e6f-5a4b3c2d1e0f","MailItemsAccessed","user375@crowleydev.onmicrosoft.com","1"
"Mailbox Backup Appliance","c3d2e1f0-a9b8-4c7d-8e6f-5a4b3c2d1e0f","MailItemsAccessed","user376@crowleydev.onmicrosoft.com","1"
"Mailbox Backup Appliance","c3d2e1f0-a9b8-4c7d-8e6f-5a4b3c2d1e0f","MailItemsAccessed","user377@crowleydev.onmicrosoft.com","1"
"Mailbox Backup Appliance","c3d2e1f0-a9b8-4c7d-8e6f-5a4b3c2d1e0f","MailItemsAccessed","user378@crowleydev.onmicrosoft.com","1"
"Mailbox Backup Appliance","c3d2e1f0-a9b8-4c7d-8e6f-5a4b3c2d1e0f","MailItemsAccessed","user379@crowleydev.onmicrosoft.com","1"
"Mailbox Backup Appliance","c3d2e1f0-a9b8-4c7d-8e6f-5a4b3c2d1e0f","MailItemsAccessed","user38@crowleydev.onmicrosoft.com","1"
"Mailbox Backup Appliance","c3d2e1f0-a9b8-4c7d-8e6f-5a4b3c2d1e0f","MailItemsAccessed","user380@crowleydev.onmicrosoft.com","1"
"Mailbox Backup Appliance","c3d2e1f0-a9b8-4c7d-8e6f-5a4b3c2d1e0f","MailItemsAccessed","user381@crowleydev.onmicrosoft.com","1"
"Mailbox Backup Appliance","c3d2e1f0-a9b8-4c7d-8e6f-5a4b3c2d1e0f","MailItemsAccessed","user382@crowleydev.onmicrosoft.com","1"
"Mailbox Backup Appliance","c3d2e1f0-a9b8-4c7d-8e6f-5a4b3c2d1e0f","MailItemsAccessed","user383@crowleydev.onmicrosoft.com","1"
"Mailbox Backup Appliance","c3d2e1f0-a9b8-4c7d-8e6f-5a4b3c2d1e0f","MailItemsAccessed","user384@crowleydev.onmicrosoft.com","1"
"Mailbox Backup Appliance","c3d2e1f0-a9b8-4c7d-8e6f-5a4b3c2d1e0f","MailItemsAccessed","user385@crowleydev.onmicrosoft.com","1"
"Mailbox Backup Appliance","c3d2e1f0-a9b8-4c7d-8e6f-5a4b3c2d1e0f","MailItemsAccessed","user386@crowleydev.onmicrosoft.com","1"
"Mailbox Backup Appliance","c3d2e1f0-a9b8-4c7d-8e6f-5a4b3c2d1e0f","MailItemsAccessed","user387@crowleydev.onmicrosoft.com","1"
"Mailbox Backup Appliance","c3d2e1f0-a9b8-4c7d-8e6f-5a4b3c2d1e0f","MailItemsAccessed","user388@crowleydev.onmicrosoft.com","1"
"Mailbox Backup Appliance","c3d2e1f0-a9b8-4c7d-8e6f-5a4b3c2d1e0f","MailItemsAccessed","user389@crowleydev.onmicrosoft.com","1"
"Mailbox Backup Appliance","c3d2e1f0-a9b8-4c7d-8e6f-5a4b3c2d1e0f","MailItemsAccessed","user39@crowleydev.onmicrosoft.com","1"
"Mailbox Backup Appliance","c3d2e1f0-a9b8-4c7d-8e6f-5a4b3c2d1e0f","MailItemsAccessed","user390@crowleydev.onmicrosoft.com","1"
"Mailbox Backup Appliance","c3d2e1f0-a9b8-4c7d-8e6f-5a4b3c2d1e0f","MailItemsAccessed","user391@crowleydev.onmicrosoft.com","1"
"Mailbox Backup Appliance","c3d2e1f0-a9b8-4c7d-8e6f-5a4b3c2d1e0f","MailItemsAccessed","user392@crowleydev.onmicrosoft.com","1"
"Mailbox Backup Appliance","c3d2e1f0-a9b8-4c7d-8e6f-5a4b3c2d1e0f","MailItemsAccessed","user393@crowleydev.onmicrosoft.com","1"
"Mailbox Backup Appliance","c3d2e1f0-a9b8-4c7d-8e6f-5a4b3c2d1e0f","MailItemsAccessed","user394@crowleydev.onmicrosoft.com","1"
"Mailbox Backup Appliance","c3d2e1f0-a9b8-4c7d-8e6f-5a4b3c2d1e0f","MailItemsAccessed","user395@crowleydev.onmicrosoft.com","1"
"Mailbox Backup Appliance","c3d2e1f0-a9b8-4c7d-8e6f-5a4b3c2d1e0f","MailItemsAccessed","user396@crowleydev.onmicrosoft.com","1"
"Mailbox Backup Appliance","c3d2e1f0-a9b8-4c7d-8e6f-5a4b3c2d1e0f","MailItemsAccessed","user397@crowleydev.onmicrosoft.com","1"
"Mailbox Backup Appliance","c3d2e1f0-a9b8-4c7d-8e6f-5a4b3c2d1e0f","MailItemsAccessed","user398@crowleydev.onmicrosoft.com","1"
"Mailbox Backup Appliance","c3d2e1f0-a9b8-4c7d-8e6f-5a4b3c2d1e0f","MailItemsAccessed","user399@crowleydev.onmicrosoft.com","1"
"Mailbox Backup Appliance","c3d2e1f0-a9b8-4c7d-8e6f-5a4b3c2d1e0f","MailItemsAccessed","user4@crowleydev.onmicrosoft.com","1"
"Mailbox Backup Appliance","c3d2e1f0-a9b8-4c7d-8e6f-5a4b3c2d1e0f","MailItemsAccessed","user40@crowleydev.onmicrosoft.com","1"
"Mailbox Backup Appliance","c3d2e1f0-a9b8-4c7d-8e6f-5a4b3c2d1e0f","MailItemsAccessed","user400@crowleydev.onmicrosoft.com","1"
"Mailbox Backup Appliance","c3d2e1f0-a9b8-4c7d-8e6f-5a4b3c2d1e0f","MailItemsAccessed","user401@crowleydev.onmicrosoft.com","1"
"Mailbox Backup Appliance","c3d2e1f0-a9b8-4c7d-8e6f-5a4b3c2d1e0f","MailItemsAccessed","user402@crowleydev.onmicrosoft.com","1"
"Mailbox Backup Appliance","c3d2e1f0-a9b8-4c7d-8e6f-5a4b3c2d1e0f","MailItemsAccessed","user403@crowleydev.onmicrosoft.com","1"
"Mailbox Backup Appliance","c3d2e1f0-a9b8-4c7d-8e6f-5a4b3c2d1e0f","MailItemsAccessed","user404@crowleydev.onmicrosoft.com","1"
"Mailbox Backup Appliance","c3d2e1f0-a9b8-4c7d-8e6f-5a4b3c2d1e0f","MailItemsAccessed","user405@crowleydev.onmicrosoft.com","1"
"Mailbox Backup Appliance","c3d2e1f0-a9b8-4c7d-8e6f-5a4b3c2d1e0f","MailItemsAccessed","user406@crowleydev.onmicrosoft.com","1"
"Mailbox Backup Appliance","c3d2e1f0-a9b8-4c7d-8e6f-5a4b3c2d1e0f","MailItemsAccessed","user407@crowleydev.onmicrosoft.com","1"
"Mailbox Backup Appliance","c3d2e1f0-a9b8-4c7d-8e6f-5a4b3c2d1e0f","MailItemsAccessed","user408@crowleydev.onmicrosoft.com","1"
"Mailbox Backup Appliance","c3d2e1f0-a9b8-4c7d-8e6f-5a4b3c2d1e0f","MailItemsAccessed","user409@crowleydev.onmicrosoft.com","1"
"Mailbox Backup Appliance","c3d2e1f0-a9b8-4c7d-8e6f-5a4b3c2d1e0f","MailItemsAccessed","user41@crowleydev.onmicrosoft.com","1"
"Mailbox Backup Appliance","c3d2e1f0-a9b8-4c7d-8e6f-5a4b3c2d1e0f","MailItemsAccessed","user410@crowleydev.onmicrosoft.com","1"
"Mailbox Backup Appliance","c3d2e1f0-a9b8-4c7d-8e6f-5a4b3c2d1e0f","MailItemsAccessed","user411@crowleydev.onmicrosoft.com","1"
"Mailbox Backup Appliance","c3d2e1f0-a9b8-4c7d-8e6f-5a4b3c2d1e0f","MailItemsAccessed","user412@crowleydev.onmicrosoft.com","1"
"Mailbox Backup Appliance","c3d2e1f0-a9b8-4c7d-8e6f-5a4b3c2d1e0f","MailItemsAccessed","user413@crowleydev.onmicrosoft.com","1"
"Mailbox Backup Appliance","c3d2e1f0-a9b8-4c7d-8e6f-5a4b3c2d1e0f","MailItemsAccessed","user414@crowleydev.onmicrosoft.com","1"
"Mailbox Backup Appliance","c3d2e1f0-a9b8-4c7d-8e6f-5a4b3c2d1e0f","MailItemsAccessed","user415@crowleydev.onmicrosoft.com","1"
"Mailbox Backup Appliance","c3d2e1f0-a9b8-4c7d-8e6f-5a4b3c2d1e0f","MailItemsAccessed","user416@crowleydev.onmicrosoft.com","1"
"Mailbox Backup Appliance","c3d2e1f0-a9b8-4c7d-8e6f-5a4b3c2d1e0f","MailItemsAccessed","user417@crowleydev.onmicrosoft.com","1"
"Mailbox Backup Appliance","c3d2e1f0-a9b8-4c7d-8e6f-5a4b3c2d1e0f","MailItemsAccessed","user418@crowleydev.onmicrosoft.com","1"
"Mailbox Backup Appliance","c3d2e1f0-a9b8-4c7d-8e6f-5a4b3c2d1e0f","MailItemsAccessed","user419@crowleydev.onmicrosoft.com","1"
"Mailbox Backup Appliance","c3d2e1f0-a9b8-4c7d-8e6f-5a4b3c2d1e0f","MailItemsAccessed","user42@crowleydev.onmicrosoft.com","1"
"Mailbox Backup Appliance","c3d2e1f0-a9b8-4c7d-8e6f-5a4b3c2d1e0f","MailItemsAccessed","user420@crowleydev.onmicrosoft.com","1"
"Mailbox Backup Appliance","c3d2e1f0-a9b8-4c7d-8e6f-5a4b3c2d1e0f","MailItemsAccessed","user421@crowleydev.onmicrosoft.com","1"
"Mailbox Backup Appliance","c3d2e1f0-a9b8-4c7d-8e6f-5a4b3c2d1e0f","MailItemsAccessed","user422@crowleydev.onmicrosoft.com","1"
"Mailbox Backup Appliance","c3d2e1f0-a9b8-4c7d-8e6f-5a4b3c2d1e0f","MailItemsAccessed","user423@crowleydev.onmicrosoft.com","1"
"Mailbox Backup Appliance","c3d2e1f0-a9b8-4c7d-8e6f-5a4b3c2d1e0f","MailItemsAccessed","user424@crowleydev.onmicrosoft.com","1"
"Mailbox Backup Appliance","c3d2e1f0-a9b8-4c7d-8e6f-5a4b3c2d1e0f","MailItemsAccessed","user425@crowleydev.onmicrosoft.com","1"
"Mailbox Backup Appliance","c3d2e1f0-a9b8-4c7d-8e6f-5a4b3c2d1e0f","MailItemsAccessed","user426@crowleydev.onmicrosoft.com","1"
"Mailbox Backup Appliance","c3d2e1f0-a9b8-4c7d-8e6f-5a4b3c2d1e0f","MailItemsAccessed","user427@crowleydev.onmicrosoft.com","1"
"Mailbox Backup Appliance","c3d2e1f0-a9b8-4c7d-8e6f-5a4b3c2d1e0f","MailItemsAccessed","user428@crowleydev.onmicrosoft.com","1"
"Mailbox Backup Appliance","c3d2e1f0-a9b8-4c7d-8e6f-5a4b3c2d1e0f","MailItemsAccessed","user429@crowleydev.onmicrosoft.com","1"
"Mailbox Backup Appliance","c3d2e1f0-a9b8-4c7d-8e6f-5a4b3c2d1e0f","MailItemsAccessed","user43@crowleydev.onmicrosoft.com","1"
"Mailbox Backup Appliance","c3d2e1f0-a9b8-4c7d-8e6f-5a4b3c2d1e0f","MailItemsAccessed","user430@crowleydev.onmicrosoft.com","1"
"Mailbox Backup Appliance","c3d2e1f0-a9b8-4c7d-8e6f-5a4b3c2d1e0f","MailItemsAccessed","user431@crowleydev.onmicrosoft.com","1"
"Mailbox Backup Appliance","c3d2e1f0-a9b8-4c7d-8e6f-5a4b3c2d1e0f","MailItemsAccessed","user432@crowleydev.onmicrosoft.com","1"
"Mailbox Backup Appliance","c3d2e1f0-a9b8-4c7d-8e6f-5a4b3c2d1e0f","MailItemsAccessed","user433@crowleydev.onmicrosoft.com","1"
"Mailbox Backup Appliance","c3d2e1f0-a9b8-4c7d-8e6f-5a4b3c2d1e0f","MailItemsAccessed","user434@crowleydev.onmicrosoft.com","1"
"Mailbox Backup Appliance","c3d2e1f0-a9b8-4c7d-8e6f-5a4b3c2d1e0f","MailItemsAccessed","user435@crowleydev.onmicrosoft.com","1"
"Mailbox Backup Appliance","c3d2e1f0-a9b8-4c7d-8e6f-5a4b3c2d1e0f","MailItemsAccessed","user436@crowleydev.onmicrosoft.com","1"
"Mailbox Backup Appliance","c3d2e1f0-a9b8-4c7d-8e6f-5a4b3c2d1e0f","MailItemsAccessed","user437@crowleydev.onmicrosoft.com","1"
"Mailbox Backup Appliance","c3d2e1f0-a9b8-4c7d-8e6f-5a4b3c2d1e0f","MailItemsAccessed","user438@crowleydev.onmicrosoft.com","1"
"Mailbox Backup Appliance","c3d2e1f0-a9b8-4c7d-8e6f-5a4b3c2d1e0f","MailItemsAccessed","user439@crowleydev.onmicrosoft.com","1"
"Mailbox Backup Appliance","c3d2e1f0-a9b8-4c7d-8e6f-5a4b3c2d1e0f","MailItemsAccessed","user44@crowleydev.onmicrosoft.com","1"
"Mailbox Backup Appliance","c3d2e1f0-a9b8-4c7d-8e6f-5a4b3c2d1e0f","MailItemsAccessed","user440@crowleydev.onmicrosoft.com","1"
"Mailbox Backup Appliance","c3d2e1f0-a9b8-4c7d-8e6f-5a4b3c2d1e0f","MailItemsAccessed","user441@crowleydev.onmicrosoft.com","1"
"Mailbox Backup Appliance","c3d2e1f0-a9b8-4c7d-8e6f-5a4b3c2d1e0f","MailItemsAccessed","user442@crowleydev.onmicrosoft.com","1"
"Mailbox Backup Appliance","c3d2e1f0-a9b8-4c7d-8e6f-5a4b3c2d1e0f","MailItemsAccessed","user443@crowleydev.onmicrosoft.com","1"
"Mailbox Backup Appliance","c3d2e1f0-a9b8-4c7d-8e6f-5a4b3c2d1e0f","MailItemsAccessed","user444@crowleydev.onmicrosoft.com","1"
"Mailbox Backup Appliance","c3d2e1f0-a9b8-4c7d-8e6f-5a4b3c2d1e0f","MailItemsAccessed","user445@crowleydev.onmicrosoft.com","1"
"Mailbox Backup Appliance","c3d2e1f0-a9b8-4c7d-8e6f-5a4b3c2d1e0f","MailItemsAccessed","user446@crowleydev.onmicrosoft.com","1"
"Mailbox Backup Appliance","c3d2e1f0-a9b8-4c7d-8e6f-5a4b3c2d1e0f","MailItemsAccessed","user447@crowleydev.onmicrosoft.com","1"
"Mailbox Backup Appliance","c3d2e1f0-a9b8-4c7d-8e6f-5a4b3c2d1e0f","MailItemsAccessed","user448@crowleydev.onmicrosoft.com","1"
"Mailbox Backup Appliance","c3d2e1f0-a9b8-4c7d-8e6f-5a4b3c2d1e0f","MailItemsAccessed","user449@crowleydev.onmicrosoft.com","1"
"Mailbox Backup Appliance","c3d2e1f0-a9b8-4c7d-8e6f-5a4b3c2d1e0f","MailItemsAccessed","user45@crowleydev.onmicrosoft.com","1"
"Mailbox Backup Appliance","c3d2e1f0-a9b8-4c7d-8e6f-5a4b3c2d1e0f","MailItemsAccessed","user450@crowleydev.onmicrosoft.com","1"
"Mailbox Backup Appliance","c3d2e1f0-a9b8-4c7d-8e6f-5a4b3c2d1e0f","MailItemsAccessed","user451@crowleydev.onmicrosoft.com","1"
"Mailbox Backup Appliance","c3d2e1f0-a9b8-4c7d-8e6f-5a4b3c2d1e0f","MailItemsAccessed","user452@crowleydev.onmicrosoft.com","1"
"Mailbox Backup Appliance","c3d2e1f0-a9b8-4c7d-8e6f-5a4b3c2d1e0f","MailItemsAccessed","user453@crowleydev.onmicrosoft.com","1"
"Mailbox Backup Appliance","c3d2e1f0-a9b8-4c7d-8e6f-5a4b3c2d1e0f","MailItemsAccessed","user454@crowleydev.onmicrosoft.com","1"
"Mailbox Backup Appliance","c3d2e1f0-a9b8-4c7d-8e6f-5a4b3c2d1e0f","MailItemsAccessed","user455@crowleydev.onmicrosoft.com","1"
"Mailbox Backup Appliance","c3d2e1f0-a9b8-4c7d-8e6f-5a4b3c2d1e0f","MailItemsAccessed","user456@crowleydev.onmicrosoft.com","1"
"Mailbox Backup Appliance","c3d2e1f0-a9b8-4c7d-8e6f-5a4b3c2d1e0f","MailItemsAccessed","user457@crowleydev.onmicrosoft.com","1"
"Mailbox Backup Appliance","c3d2e1f0-a9b8-4c7d-8e6f-5a4b3c2d1e0f","MailItemsAccessed","user458@crowleydev.onmicrosoft.com","1"
"Mailbox Backup Appliance","c3d2e1f0-a9b8-4c7d-8e6f-5a4b3c2d1e0f","MailItemsAccessed","user459@crowleydev.onmicrosoft.com","1"
"Mailbox Backup Appliance","c3d2e1f0-a9b8-4c7d-8e6f-5a4b3c2d1e0f","MailItemsAccessed","user46@crowleydev.onmicrosoft.com","1"
"Mailbox Backup Appliance","c3d2e1f0-a9b8-4c7d-8e6f-5a4b3c2d1e0f","MailItemsAccessed","user460@crowleydev.onmicrosoft.com","1"
"Mailbox Backup Appliance","c3d2e1f0-a9b8-4c7d-8e6f-5a4b3c2d1e0f","MailItemsAccessed","user461@crowleydev.onmicrosoft.com","1"
"Mailbox Backup Appliance","c3d2e1f0-a9b8-4c7d-8e6f-5a4b3c2d1e0f","MailItemsAccessed","user462@crowleydev.onmicrosoft.com","1"
"Mailbox Backup Appliance","c3d2e1f0-a9b8-4c7d-8e6f-5a4b3c2d1e0f","MailItemsAccessed","user463@crowleydev.onmicrosoft.com","1"
"Mailbox Backup Appliance","c3d2e1f0-a9b8-4c7d-8e6f-5a4b3c2d1e0f","MailItemsAccessed","user464@crowleydev.onmicrosoft.com","1"
"Mailbox Backup Appliance","c3d2e1f0-a9b8-4c7d-8e6f-5a4b3c2d1e0f","MailItemsAccessed","user465@crowleydev.onmicrosoft.com","1"
"Mailbox Backup Appliance","c3d2e1f0-a9b8-4c7d-8e6f-5a4b3c2d1e0f","MailItemsAccessed","user466@crowleydev.onmicrosoft.com","1"
"Mailbox Backup Appliance","c3d2e1f0-a9b8-4c7d-8e6f-5a4b3c2d1e0f","MailItemsAccessed","user467@crowleydev.onmicrosoft.com","1"
"Mailbox Backup Appliance","c3d2e1f0-a9b8-4c7d-8e6f-5a4b3c2d1e0f","MailItemsAccessed","user468@crowleydev.onmicrosoft.com","1"
"Mailbox Backup Appliance","c3d2e1f0-a9b8-4c7d-8e6f-5a4b3c2d1e0f","MailItemsAccessed","user469@crowleydev.onmicrosoft.com","1"
"Mailbox Backup Appliance","c3d2e1f0-a9b8-4c7d-8e6f-5a4b3c2d1e0f","MailItemsAccessed","user47@crowleydev.onmicrosoft.com","1"
"Mailbox Backup Appliance","c3d2e1f0-a9b8-4c7d-8e6f-5a4b3c2d1e0f","MailItemsAccessed","user470@crowleydev.onmicrosoft.com","1"
"Mailbox Backup Appliance","c3d2e1f0-a9b8-4c7d-8e6f-5a4b3c2d1e0f","MailItemsAccessed","user471@crowleydev.onmicrosoft.com","1"
"Mailbox Backup Appliance","c3d2e1f0-a9b8-4c7d-8e6f-5a4b3c2d1e0f","MailItemsAccessed","user472@crowleydev.onmicrosoft.com","1"
"Mailbox Backup Appliance","c3d2e1f0-a9b8-4c7d-8e6f-5a4b3c2d1e0f","MailItemsAccessed","user473@crowleydev.onmicrosoft.com","1"
"Mailbox Backup Appliance","c3d2e1f0-a9b8-4c7d-8e6f-5a4b3c2d1e0f","MailItemsAccessed","user474@crowleydev.onmicrosoft.com","1"
"Mailbox Backup Appliance","c3d2e1f0-a9b8-4c7d-8e6f-5a4b3c2d1e0f","MailItemsAccessed","user475@crowleydev.onmicrosoft.com","1"
"Mailbox Backup Appliance","c3d2e1f0-a9b8-4c7d-8e6f-5a4b3c2d1e0f","MailItemsAccessed","user476@crowleydev.onmicrosoft.com","1"
"Mailbox Backup Appliance","c3d2e1f0-a9b8-4c7d-8e6f-5a4b3c2d1e0f","MailItemsAccessed","user477@crowleydev.onmicrosoft.com","1"
"Mailbox Backup Appliance","c3d2e1f0-a9b8-4c7d-8e6f-5a4b3c2d1e0f","MailItemsAccessed","user478@crowleydev.onmicrosoft.com","1"
"Mailbox Backup Appliance","c3d2e1f0-a9b8-4c7d-8e6f-5a4b3c2d1e0f","MailItemsAccessed","user479@crowleydev.onmicrosoft.com","1"
"Mailbox Backup Appliance","c3d2e1f0-a9b8-4c7d-8e6f-5a4b3c2d1e0f","MailItemsAccessed","user48@crowleydev.onmicrosoft.com","1"
"Mailbox Backup Appliance","c3d2e1f0-a9b8-4c7d-8e6f-5a4b3c2d1e0f","MailItemsAccessed","user480@crowleydev.onmicrosoft.com","1"
"Mailbox Backup Appliance","c3d2e1f0-a9b8-4c7d-8e6f-5a4b3c2d1e0f","MailItemsAccessed","user481@crowleydev.onmicrosoft.com","1"
"Mailbox Backup Appliance","c3d2e1f0-a9b8-4c7d-8e6f-5a4b3c2d1e0f","MailItemsAccessed","user482@crowleydev.onmicrosoft.com","1"
"Mailbox Backup Appliance","c3d2e1f0-a9b8-4c7d-8e6f-5a4b3c2d1e0f","MailItemsAccessed","user483@crowleydev.onmicrosoft.com","1"
"Mailbox Backup Appliance","c3d2e1f0-a9b8-4c7d-8e6f-5a4b3c2d1e0f","MailItemsAccessed","user484@crowleydev.onmicrosoft.com","1"
"Mailbox Backup Appliance","c3d2e1f0-a9b8-4c7d-8e6f-5a4b3c2d1e0f","MailItemsAccessed","user485@crowleydev.onmicrosoft.com","1"
"Mailbox Backup Appliance","c3d2e1f0-a9b8-4c7d-8e6f-5a4b3c2d1e0f","MailItemsAccessed","user486@crowleydev.onmicrosoft.com","1"
"Mailbox Backup Appliance","c3d2e1f0-a9b8-4c7d-8e6f-5a4b3c2d1e0f","MailItemsAccessed","user487@crowleydev.onmicrosoft.com","1"
"Mailbox Backup Appliance","c3d2e1f0-a9b8-4c7d-8e6f-5a4b3c2d1e0f","MailItemsAccessed","user488@crowleydev.onmicrosoft.com","1"
"Mailbox Backup Appliance","c3d2e1f0-a9b8-4c7d-8e6f-5a4b3c2d1e0f","MailItemsAccessed","user489@crowleydev.onmicrosoft.com","1"
"Mailbox Backup Appliance","c3d2e1f0-a9b8-4c7d-8e6f-5a4b3c2d1e0f","MailItemsAccessed","user49@crowleydev.onmicrosoft.com","1"
"Mailbox Backup Appliance","c3d2e1f0-a9b8-4c7d-8e6f-5a4b3c2d1e0f","MailItemsAccessed","user490@crowleydev.onmicrosoft.com","1"
"Mailbox Backup Appliance","c3d2e1f0-a9b8-4c7d-8e6f-5a4b3c2d1e0f","MailItemsAccessed","user491@crowleydev.onmicrosoft.com","1"
"Mailbox Backup Appliance","c3d2e1f0-a9b8-4c7d-8e6f-5a4b3c2d1e0f","MailItemsAccessed","user492@crowleydev.onmicrosoft.com","1"
"Mailbox Backup Appliance","c3d2e1f0-a9b8-4c7d-8e6f-5a4b3c2d1e0f","MailItemsAccessed","user493@crowleydev.onmicrosoft.com","1"
"Mailbox Backup Appliance","c3d2e1f0-a9b8-4c7d-8e6f-5a4b3c2d1e0f","MailItemsAccessed","user494@crowleydev.onmicrosoft.com","1"
"Mailbox Backup Appliance","c3d2e1f0-a9b8-4c7d-8e6f-5a4b3c2d1e0f","MailItemsAccessed","user495@crowleydev.onmicrosoft.com","1"
"Mailbox Backup Appliance","c3d2e1f0-a9b8-4c7d-8e6f-5a4b3c2d1e0f","MailItemsAccessed","user496@crowleydev.onmicrosoft.com","1"
"Mailbox Backup Appliance","c3d2e1f0-a9b8-4c7d-8e6f-5a4b3c2d1e0f","MailItemsAccessed","user497@crowleydev.onmicrosoft.com","1"
"Mailbox Backup Appliance","c3d2e1f0-a9b8-4c7d-8e6f-5a4b3c2d1e0f","MailItemsAccessed","user498@crowleydev.onmicrosoft.com","1"
"Mailbox Backup Appliance","c3d2e1f0-a9b8-4c7d-8e6f-5a4b3c2d1e0f","MailItemsAccessed","user499@crowleydev.onmicrosoft.com","1"
"Mailbox Backup Appliance","c3d2e1f0-a9b8-4c7d-8e6f-5a4b3c2d1e0f","MailItemsAccessed","user5@crowleydev.onmicrosoft.com","1"
"Mailbox Backup Appliance","c3d2e1f0-a9b8-4c7d-8e6f-5a4b3c2d1e0f","MailItemsAccessed","user50@crowleydev.onmicrosoft.com","1"
"Mailbox Backup Appliance","c3d2e1f0-a9b8-4c7d-8e6f-5a4b3c2d1e0f","MailItemsAccessed","user500@crowleydev.onmicrosoft.com","1"
"Mailbox Backup Appliance","c3d2e1f0-a9b8-4c7d-8e6f-5a4b3c2d1e0f","MailItemsAccessed","user501@crowleydev.onmicrosoft.com","1"
"Mailbox Backup Appliance","c3d2e1f0-a9b8-4c7d-8e6f-5a4b3c2d1e0f","MailItemsAccessed","user502@crowleydev.onmicrosoft.com","1"
"Mailbox Backup Appliance","c3d2e1f0-a9b8-4c7d-8e6f-5a4b3c2d1e0f","MailItemsAccessed","user503@crowleydev.onmicrosoft.com","1"
"Mailbox Backup Appliance","c3d2e1f0-a9b8-4c7d-8e6f-5a4b3c2d1e0f","MailItemsAccessed","user504@crowleydev.onmicrosoft.com","1"
"Mailbox Backup Appliance","c3d2e1f0-a9b8-4c7d-8e6f-5a4b3c2d1e0f","MailItemsAccessed","user505@crowleydev.onmicrosoft.com","1"
"Mailbox Backup Appliance","c3d2e1f0-a9b8-4c7d-8e6f-5a4b3c2d1e0f","MailItemsAccessed","user506@crowleydev.onmicrosoft.com","1"
"Mailbox Backup Appliance","c3d2e1f0-a9b8-4c7d-8e6f-5a4b3c2d1e0f","MailItemsAccessed","user507@crowleydev.onmicrosoft.com","1"
"Mailbox Backup Appliance","c3d2e1f0-a9b8-4c7d-8e6f-5a4b3c2d1e0f","MailItemsAccessed","user508@crowleydev.onmicrosoft.com","1"
"Mailbox Backup Appliance","c3d2e1f0-a9b8-4c7d-8e6f-5a4b3c2d1e0f","MailItemsAccessed","user509@crowleydev.onmicrosoft.com","1"
"Mailbox Backup Appliance","c3d2e1f0-a9b8-4c7d-8e6f-5a4b3c2d1e0f","MailItemsAccessed","user51@crowleydev.onmicrosoft.com","1"
"Mailbox Backup Appliance","c3d2e1f0-a9b8-4c7d-8e6f-5a4b3c2d1e0f","MailItemsAccessed","user510@crowleydev.onmicrosoft.com","1"
"Mailbox Backup Appliance","c3d2e1f0-a9b8-4c7d-8e6f-5a4b3c2d1e0f","MailItemsAccessed","user511@crowleydev.onmicrosoft.com","1"
"Mailbox Backup Appliance","c3d2e1f0-a9b8-4c7d-8e6f-5a4b3c2d1e0f","MailItemsAccessed","user512@crowleydev.onmicrosoft.com","1"
"Mailbox Backup Appliance","c3d2e1f0-a9b8-4c7d-8e6f-5a4b3c2d1e0f","MailItemsAccessed","user513@crowleydev.onmicrosoft.com","1"
"Mailbox Backup Appliance","c3d2e1f0-a9b8-4c7d-8e6f-5a4b3c2d1e0f","MailItemsAccessed","user514@crowleydev.onmicrosoft.com","1"
"Mailbox Backup Appliance","c3d2e1f0-a9b8-4c7d-8e6f-5a4b3c2d1e0f","MailItemsAccessed","user515@crowleydev.onmicrosoft.com","1"
"Mailbox Backup Appliance","c3d2e1f0-a9b8-4c7d-8e6f-5a4b3c2d1e0f","MailItemsAccessed","user516@crowleydev.onmicrosoft.com","1"
"Mailbox Backup Appliance","c3d2e1f0-a9b8-4c7d-8e6f-5a4b3c2d1e0f","MailItemsAccessed","user517@crowleydev.onmicrosoft.com","1"
"Mailbox Backup Appliance","c3d2e1f0-a9b8-4c7d-8e6f-5a4b3c2d1e0f","MailItemsAccessed","user518@crowleydev.onmicrosoft.com","1"
"Mailbox Backup Appliance","c3d2e1f0-a9b8-4c7d-8e6f-5a4b3c2d1e0f","MailItemsAccessed","user519@crowleydev.onmicrosoft.com","1"
"Mailbox Backup Appliance","c3d2e1f0-a9b8-4c7d-8e6f-5a4b3c2d1e0f","MailItemsAccessed","user52@crowleydev.onmicrosoft.com","1"
"Mailbox Backup Appliance","c3d2e1f0-a9b8-4c7d-8e6f-5a4b3c2d1e0f","MailItemsAccessed","user520@crowleydev.onmicrosoft.com","1"
"Mailbox Backup Appliance","c3d2e1f0-a9b8-4c7d-8e6f-5a4b3c2d1e0f","MailItemsAccessed","user521@crowleydev.onmicrosoft.com","1"
"Mailbox Backup Appliance","c3d2e1f0-a9b8-4c7d-8e6f-5a4b3c2d1e0f","MailItemsAccessed","user522@crowleydev.onmicrosoft.com","1"
"Mailbox Backup Appliance","c3d2e1f0-a9b8-4c7d-8e6f-5a4b3c2d1e0f","MailItemsAccessed","user523@crowleydev.onmicrosoft.com","1"
"Mailbox Backup Appliance","c3d2e1f0-a9b8-4c7d-8e6f-5a4b3c2d1e0f","MailItemsAccessed","user524@crowleydev.onmicrosoft.com","1"
"Mailbox Backup Appliance","c3d2e1f0-a9b8-4c7d-8e6f-5a4b3c2d1e0f","MailItemsAccessed","user525@crowleydev.onmicrosoft.com","1"
"Mailbox Backup Appliance","c3d2e1f0-a9b8-4c7d-8e6f-5a4b3c2d1e0f","MailItemsAccessed","user526@crowleydev.onmicrosoft.com","1"
"Mailbox Backup Appliance","c3d2e1f0-a9b8-4c7d-8e6f-5a4b3c2d1e0f","MailItemsAccessed","user527@crowleydev.onmicrosoft.com","1"
"Mailbox Backup Appliance","c3d2e1f0-a9b8-4c7d-8e6f-5a4b3c2d1e0f","MailItemsAccessed","user528@crowleydev.onmicrosoft.com","1"
"Mailbox Backup Appliance","c3d2e1f0-a9b8-4c7d-8e6f-5a4b3c2d1e0f","MailItemsAccessed","user529@crowleydev.onmicrosoft.com","1"
"Mailbox Backup Appliance","c3d2e1f0-a9b8-4c7d-8e6f-5a4b3c2d1e0f","MailItemsAccessed","user53@crowleydev.onmicrosoft.com","1"
"Mailbox Backup Appliance","c3d2e1f0-a9b8-4c7d-8e6f-5a4b3c2d1e0f","MailItemsAccessed","user530@crowleydev.onmicrosoft.com","1"
"Mailbox Backup Appliance","c3d2e1f0-a9b8-4c7d-8e6f-5a4b3c2d1e0f","MailItemsAccessed","user531@crowleydev.onmicrosoft.com","1"
"Mailbox Backup Appliance","c3d2e1f0-a9b8-4c7d-8e6f-5a4b3c2d1e0f","MailItemsAccessed","user532@crowleydev.onmicrosoft.com","1"
"Mailbox Backup Appliance","c3d2e1f0-a9b8-4c7d-8e6f-5a4b3c2d1e0f","MailItemsAccessed","user533@crowleydev.onmicrosoft.com","1"
"Mailbox Backup Appliance","c3d2e1f0-a9b8-4c7d-8e6f-5a4b3c2d1e0f","MailItemsAccessed","user534@crowleydev.onmicrosoft.com","1"
"Mailbox Backup Appliance","c3d2e1f0-a9b8-4c7d-8e6f-5a4b3c2d1e0f","MailItemsAccessed","user535@crowleydev.onmicrosoft.com","1"
"Mailbox Backup Appliance","c3d2e1f0-a9b8-4c7d-8e6f-5a4b3c2d1e0f","MailItemsAccessed","user536@crowleydev.onmicrosoft.com","1"
"Mailbox Backup Appliance","c3d2e1f0-a9b8-4c7d-8e6f-5a4b3c2d1e0f","MailItemsAccessed","user537@crowleydev.onmicrosoft.com","1"
"Mailbox Backup Appliance","c3d2e1f0-a9b8-4c7d-8e6f-5a4b3c2d1e0f","MailItemsAccessed","user538@crowleydev.onmicrosoft.com","1"
"Mailbox Backup Appliance","c3d2e1f0-a9b8-4c7d-8e6f-5a4b3c2d1e0f","MailItemsAccessed","user539@crowleydev.onmicrosoft.com","1"
"Mailbox Backup Appliance","c3d2e1f0-a9b8-4c7d-8e6f-5a4b3c2d1e0f","MailItemsAccessed","user54@crowleydev.onmicrosoft.com","1"
"Mailbox Backup Appliance","c3d2e1f0-a9b8-4c7d-8e6f-5a4b3c2d1e0f","MailItemsAccessed","user540@crowleydev.onmicrosoft.com","1"
"Mailbox Backup Appliance","c3d2e1f0-a9b8-4c7d-8e6f-5a4b3c2d1e0f","MailItemsAccessed","user541@crowleydev.onmicrosoft.com","1"
"Mailbox Backup Appliance","c3d2e1f0-a9b8-4c7d-8e6f-5a4b3c2d1e0f","MailItemsAccessed","user542@crowleydev.onmicrosoft.com","1"
"Mailbox Backup Appliance","c3d2e1f0-a9b8-4c7d-8e6f-5a4b3c2d1e0f","MailItemsAccessed","user543@crowleydev.onmicrosoft.com","1"
"Mailbox Backup Appliance","c3d2e1f0-a9b8-4c7d-8e6f-5a4b3c2d1e0f","MailItemsAccessed","user544@crowleydev.onmicrosoft.com","1"
"Mailbox Backup Appliance","c3d2e1f0-a9b8-4c7d-8e6f-5a4b3c2d1e0f","MailItemsAccessed","user545@crowleydev.onmicrosoft.com","1"
"Mailbox Backup Appliance","c3d2e1f0-a9b8-4c7d-8e6f-5a4b3c2d1e0f","MailItemsAccessed","user546@crowleydev.onmicrosoft.com","1"
"Mailbox Backup Appliance","c3d2e1f0-a9b8-4c7d-8e6f-5a4b3c2d1e0f","MailItemsAccessed","user547@crowleydev.onmicrosoft.com","1"
"Mailbox Backup Appliance","c3d2e1f0-a9b8-4c7d-8e6f-5a4b3c2d1e0f","MailItemsAccessed","user548@crowleydev.onmicrosoft.com","1"
"Mailbox Backup Appliance","c3d2e1f0-a9b8-4c7d-8e6f-5a4b3c2d1e0f","MailItemsAccessed","user549@crowleydev.onmicrosoft.com","1"
"Mailbox Backup Appliance","c3d2e1f0-a9b8-4c7d-8e6f-5a4b3c2d1e0f","MailItemsAccessed","user55@crowleydev.onmicrosoft.com","1"
"Mailbox Backup Appliance","c3d2e1f0-a9b8-4c7d-8e6f-5a4b3c2d1e0f","MailItemsAccessed","user550@crowleydev.onmicrosoft.com","1"
"Mailbox Backup Appliance","c3d2e1f0-a9b8-4c7d-8e6f-5a4b3c2d1e0f","MailItemsAccessed","user551@crowleydev.onmicrosoft.com","1"
"Mailbox Backup Appliance","c3d2e1f0-a9b8-4c7d-8e6f-5a4b3c2d1e0f","MailItemsAccessed","user552@crowleydev.onmicrosoft.com","1"
"Mailbox Backup Appliance","c3d2e1f0-a9b8-4c7d-8e6f-5a4b3c2d1e0f","MailItemsAccessed","user553@crowleydev.onmicrosoft.com","1"
"Mailbox Backup Appliance","c3d2e1f0-a9b8-4c7d-8e6f-5a4b3c2d1e0f","MailItemsAccessed","user554@crowleydev.onmicrosoft.com","1"
"Mailbox Backup Appliance","c3d2e1f0-a9b8-4c7d-8e6f-5a4b3c2d1e0f","MailItemsAccessed","user555@crowleydev.onmicrosoft.com","1"
"Mailbox Backup Appliance","c3d2e1f0-a9b8-4c7d-8e6f-5a4b3c2d1e0f","MailItemsAccessed","user556@crowleydev.onmicrosoft.com","1"
"Mailbox Backup Appliance","c3d2e1f0-a9b8-4c7d-8e6f-5a4b3c2d1e0f","MailItemsAccessed","user557@crowleydev.onmicrosoft.com","1"
"Mailbox Backup Appliance","c3d2e1f0-a9b8-4c7d-8e6f-5a4b3c2d1e0f","MailItemsAccessed","user558@crowleydev.onmicrosoft.com","1"
"Mailbox Backup Appliance","c3d2e1f0-a9b8-4c7d-8e6f-5a4b3c2d1e0f","MailItemsAccessed","user559@crowleydev.onmicrosoft.com","1"
"Mailbox Backup Appliance","c3d2e1f0-a9b8-4c7d-8e6f-5a4b3c2d1e0f","MailItemsAccessed","user56@crowleydev.onmicrosoft.com","1"
"Mailbox Backup Appliance","c3d2e1f0-a9b8-4c7d-8e6f-5a4b3c2d1e0f","MailItemsAccessed","user560@crowleydev.onmicrosoft.com","1"
"Mailbox Backup Appliance","c3d2e1f0-a9b8-4c7d-8e6f-5a4b3c2d1e0f","MailItemsAccessed","user561@crowleydev.onmicrosoft.com","1"
"Mailbox Backup Appliance","c3d2e1f0-a9b8-4c7d-8e6f-5a4b3c2d1e0f","MailItemsAccessed","user562@crowleydev.onmicrosoft.com","1"
"Mailbox Backup Appliance","c3d2e1f0-a9b8-4c7d-8e6f-5a4b3c2d1e0f","MailItemsAccessed","user563@crowleydev.onmicrosoft.com","1"
"Mailbox Backup Appliance","c3d2e1f0-a9b8-4c7d-8e6f-5a4b3c2d1e0f","MailItemsAccessed","user564@crowleydev.onmicrosoft.com","1"
"Mailbox Backup Appliance","c3d2e1f0-a9b8-4c7d-8e6f-5a4b3c2d1e0f","MailItemsAccessed","user565@crowleydev.onmicrosoft.com","1"
"Mailbox Backup Appliance","c3d2e1f0-a9b8-4c7d-8e6f-5a4b3c2d1e0f","MailItemsAccessed","user566@crowleydev.onmicrosoft.com","1"
"Mailbox Backup Appliance","c3d2e1f0-a9b8-4c7d-8e6f-5a4b3c2d1e0f","MailItemsAccessed","user567@crowleydev.onmicrosoft.com","1"
"Mailbox Backup Appliance","c3d2e1f0-a9b8-4c7d-8e6f-5a4b3c2d1e0f","MailItemsAccessed","user568@crowleydev.onmicrosoft.com","1"
"Mailbox Backup Appliance","c3d2e1f0-a9b8-4c7d-8e6f-5a4b3c2d1e0f","MailItemsAccessed","user569@crowleydev.onmicrosoft.com","1"
"Mailbox Backup Appliance","c3d2e1f0-a9b8-4c7d-8e6f-5a4b3c2d1e0f","MailItemsAccessed","user57@crowleydev.onmicrosoft.com","1"
"Mailbox Backup Appliance","c3d2e1f0-a9b8-4c7d-8e6f-5a4b3c2d1e0f","MailItemsAccessed","user570@crowleydev.onmicrosoft.com","1"
"Mailbox Backup Appliance","c3d2e1f0-a9b8-4c7d-8e6f-5a4b3c2d1e0f","MailItemsAccessed","user571@crowleydev.onmicrosoft.com","1"
"Mailbox Backup Appliance","c3d2e1f0-a9b8-4c7d-8e6f-5a4b3c2d1e0f","MailItemsAccessed","user572@crowleydev.onmicrosoft.com","1"
"Mailbox Backup Appliance","c3d2e1f0-a9b8-4c7d-8e6f-5a4b3c2d1e0f","MailItemsAccessed","user573@crowleydev.onmicrosoft.com","1"
"Mailbox Backup Appliance","c3d2e1f0-a9b8-4c7d-8e6f-5a4b3c2d1e0f","MailItemsAccessed","user574@crowleydev.onmicrosoft.com","1"
"Mailbox Backup Appliance","c3d2e1f0-a9b8-4c7d-8e6f-5a4b3c2d1e0f","MailItemsAccessed","user575@crowleydev.onmicrosoft.com","1"
"Mailbox Backup Appliance","c3d2e1f0-a9b8-4c7d-8e6f-5a4b3c2d1e0f","MailItemsAccessed","user576@crowleydev.onmicrosoft.com","1"
"Mailbox Backup Appliance","c3d2e1f0-a9b8-4c7d-8e6f-5a4b3c2d1e0f","MailItemsAccessed","user577@crowleydev.onmicrosoft.com","1"
"Mailbox Backup Appliance","c3d2e1f0-a9b8-4c7d-8e6f-5a4b3c2d1e0f","MailItemsAccessed","user578@crowleydev.onmicrosoft.com","1"
"Mailbox Backup Appliance","c3d2e1f0-a9b8-4c7d-8e6f-5a4b3c2d1e0f","MailItemsAccessed","user579@crowleydev.onmicrosoft.com","1"
"Mailbox Backup Appliance","c3d2e1f0-a9b8-4c7d-8e6f-5a4b3c2d1e0f","MailItemsAccessed","user58@crowleydev.onmicrosoft.com","1"
"Mailbox Backup Appliance","c3d2e1f0-a9b8-4c7d-8e6f-5a4b3c2d1e0f","MailItemsAccessed","user580@crowleydev.onmicrosoft.com","1"
"Mailbox Backup Appliance","c3d2e1f0-a9b8-4c7d-8e6f-5a4b3c2d1e0f","MailItemsAccessed","user581@crowleydev.onmicrosoft.com","1"
"Mailbox Backup Appliance","c3d2e1f0-a9b8-4c7d-8e6f-5a4b3c2d1e0f","MailItemsAccessed","user582@crowleydev.onmicrosoft.com","1"
"Mailbox Backup Appliance","c3d2e1f0-a9b8-4c7d-8e6f-5a4b3c2d1e0f","MailItemsAccessed","user583@crowleydev.onmicrosoft.com","1"
"Mailbox Backup Appliance","c3d2e1f0-a9b8-4c7d-8e6f-5a4b3c2d1e0f","MailItemsAccessed","user584@crowleydev.onmicrosoft.com","1"
"Mailbox Backup Appliance","c3d2e1f0-a9b8-4c7d-8e6f-5a4b3c2d1e0f","MailItemsAccessed","user585@crowleydev.onmicrosoft.com","1"
"Mailbox Backup Appliance","c3d2e1f0-a9b8-4c7d-8e6f-5a4b3c2d1e0f","MailItemsAccessed","user586@crowleydev.onmicrosoft.com","1"
"Mailbox Backup Appliance","c3d2e1f0-a9b8-4c7d-8e6f-5a4b3c2d1e0f","MailItemsAccessed","user587@crowleydev.onmicrosoft.com","1"
"Mailbox Backup Appliance","c3d2e1f0-a9b8-4c7d-8e6f-5a4b3c2d1e0f","MailItemsAccessed","user588@crowleydev.onmicrosoft.com","1"
"Mailbox Backup Appliance","c3d2e1f0-a9b8-4c7d-8e6f-5a4b3c2d1e0f","MailItemsAccessed","user589@crowleydev.onmicrosoft.com","1"
"Mailbox Backup Appliance","c3d2e1f0-a9b8-4c7d-8e6f-5a4b3c2d1e0f","MailItemsAccessed","user59@crowleydev.onmicrosoft.com","1"
"Mailbox Backup Appliance","c3d2e1f0-a9b8-4c7d-8e6f-5a4b3c2d1e0f","MailItemsAccessed","user590@crowleydev.onmicrosoft.com","1"
"Mailbox Backup Appliance","c3d2e1f0-a9b8-4c7d-8e6f-5a4b3c2d1e0f","MailItemsAccessed","user591@crowleydev.onmicrosoft.com","1"
"Mailbox Backup Appliance","c3d2e1f0-a9b8-4c7d-8e6f-5a4b3c2d1e0f","MailItemsAccessed","user592@crowleydev.onmicrosoft.com","1"
"Mailbox Backup Appliance","c3d2e1f0-a9b8-4c7d-8e6f-5a4b3c2d1e0f","MailItemsAccessed","user593@crowleydev.onmicrosoft.com","1"
"Mailbox Backup Appliance","c3d2e1f0-a9b8-4c7d-8e6f-5a4b3c2d1e0f","MailItemsAccessed","user594@crowleydev.onmicrosoft.com","1"
"Mailbox Backup Appliance","c3d2e1f0-a9b8-4c7d-8e6f-5a4b3c2d1e0f","MailItemsAccessed","user595@crowleydev.onmicrosoft.com","1"
"Mailbox Backup Appliance","c3d2e1f0-a9b8-4c7d-8e6f-5a4b3c2d1e0f","MailItemsAccessed","user596@crowleydev.onmicrosoft.com","1"
"Mailbox Backup Appliance","c3d2e1f0-a9b8-4c7d-8e6f-5a4b3c2d1e0f","MailItemsAccessed","user597@crowleydev.onmicrosoft.com","1"
"Mailbox Backup Appliance","c3d2e1f0-a9b8-4c7d-8e6f-5a4b3c2d1e0f","MailItemsAccessed","user598@crowleydev.onmicrosoft.com","1"
"Mailbox Backup Appliance","c3d2e1f0-a9b8-4c7d-8e6f-5a4b3c2d1e0f","MailItemsAccessed","user599@crowleydev.onmicrosoft.com","1"
"Mailbox Backup Appliance","c3d2e1f0-a9b8-4c7d-8e6f-5a4b3c2d1e0f","MailItemsAccessed","user6@crowleydev.onmicrosoft.com","1"
"Mailbox Backup Appliance","c3d2e1f0-a9b8-4c7d-8e6f-5a4b3c2d1e0f","MailItemsAccessed","user60@crowleydev.onmicrosoft.com","1"
"Mailbox Backup Appliance","c3d2e1f0-a9b8-4c7d-8e6f-5a4b3c2d1e0f","MailItemsAccessed","user600@crowleydev.onmicrosoft.com","1"
"Mailbox Backup Appliance","c3d2e1f0-a9b8-4c7d-8e6f-5a4b3c2d1e0f","MailItemsAccessed","user601@crowleydev.onmicrosoft.com","1"
"Mailbox Backup Appliance","c3d2e1f0-a9b8-4c7d-8e6f-5a4b3c2d1e0f","MailItemsAccessed","user602@crowleydev.onmicrosoft.com","1"
"Mailbox Backup Appliance","c3d2e1f0-a9b8-4c7d-8e6f-5a4b3c2d1e0f","MailItemsAccessed","user603@crowleydev.onmicrosoft.com","1"
"Mailbox Backup Appliance","c3d2e1f0-a9b8-4c7d-8e6f-5a4b3c2d1e0f","MailItemsAccessed","user604@crowleydev.onmicrosoft.com","1"
"Mailbox Backup Appliance","c3d2e1f0-a9b8-4c7d-8e6f-5a4b3c2d1e0f","MailItemsAccessed","user605@crowleydev.onmicrosoft.com","1"
"Mailbox Backup Appliance","c3d2e1f0-a9b8-4c7d-8e6f-5a4b3c2d1e0f","MailItemsAccessed","user606@crowleydev.onmicrosoft.com","1"
"Mailbox Backup Appliance","c3d2e1f0-a9b8-4c7d-8e6f-5a4b3c2d1e0f","MailItemsAccessed","user607@crowleydev.onmicrosoft.com","1"
"Mailbox Backup Appliance","c3d2e1f0-a9b8-4c7d-8e6f-5a4b3c2d1e0f","MailItemsAccessed","user608@crowleydev.onmicrosoft.com","1"
"Mailbox Backup Appliance","c3d2e1f0-a9b8-4c7d-8e6f-5a4b3c2d1e0f","MailItemsAccessed","user609@crowleydev.onmicrosoft.com","1"
"Mailbox Backup Appliance","c3d2e1f0-a9b8-4c7d-8e6f-5a4b3c2d1e0f","MailItemsAccessed","user61@crowleydev.onmicrosoft.com","1"
"Mailbox Backup Appliance","c3d2e1f0-a9b8-4c7d-8e6f-5a4b3c2d1e0f","MailItemsAccessed","user610@crowleydev.onmicrosoft.com","1"
"Mailbox Backup Appliance","c3d2e1f0-a9b8-4c7d-8e6f-5a4b3c2d1e0f","MailItemsAccessed","user611@crowleydev.onmicrosoft.com","1"
"Mailbox Backup Appliance","c3d2e1f0-a9b8-4c7d-8e6f-5a4b3c2d1e0f","MailItemsAccessed","user612@crowleydev.onmicrosoft.com","1"
"Mailbox Backup Appliance","c3d2e1f0-a9b8-4c7d-8e6f-5a4b3c2d1e0f","MailItemsAccessed","user613@crowleydev.onmicrosoft.com","1"
"Mailbox Backup Appliance","c3d2e1f0-a9b8-4c7d-8e6f-5a4b3c2d1e0f","MailItemsAccessed","user614@crowleydev.onmicrosoft.com","1"
"Mailbox Backup Appliance","c3d2e1f0-a9b8-4c7d-8e6f-5a4b3c2d1e0f","MailItemsAccessed","user615@crowleydev.onmicrosoft.com","1"
"Mailbox Backup Appliance","c3d2e1f0-a9b8-4c7d-8e6f-5a4b3c2d1e0f","MailItemsAccessed","user616@crowleydev.onmicrosoft.com","1"
"Mailbox Backup Appliance","c3d2e1f0-a9b8-4c7d-8e6f-5a4b3c2d1e0f","MailItemsAccessed","user617@crowleydev.onmicrosoft.com","1"
"Mailbox Backup Appliance","c3d2e1f0-a9b8-4c7d-8e6f-5a4b3c2d1e0f","MailItemsAccessed","user618@crowleydev.onmicrosoft.com","1"
"Mailbox Backup Appliance","c3d2e1f0-a9b8-4c7d-8e6f-5a4b3c2d1e0f","MailItemsAccessed","user619@crowleydev.onmicrosoft.com","1"
"Mailbox Backup Appliance","c3d2e1f0-a9b8-4c7d-8e6f-5a4b3c2d1e0f","MailItemsAccessed","user62@crowleydev.onmicrosoft.com","1"
"Mailbox Backup Appliance","c3d2e1f0-a9b8-4c7d-8e6f-5a4b3c2d1e0f","MailItemsAccessed","user620@crowleydev.onmicrosoft.com","1"
"Mailbox Backup Appliance","c3d2e1f0-a9b8-4c7d-8e6f-5a4b3c2d1e0f","MailItemsAccessed","user621@crowleydev.onmicrosoft.com","1"
"Mailbox Backup Appliance","c3d2e1f0-a9b8-4c7d-8e6f-5a4b3c2d1e0f","MailItemsAccessed","user622@crowleydev.onmicrosoft.com","1"
"Mailbox Backup Appliance","c3d2e1f0-a9b8-4c7d-8e6f-5a4b3c2d1e0f","MailItemsAccessed","user623@crowleydev.onmicrosoft.com","1"
"Mailbox Backup Appliance","c3d2e1f0-a9b8-4c7d-8e6f-5a4b3c2d1e0f","MailItemsAccessed","user624@crowleydev.onmicrosoft.com","1"
"Mailbox Backup Appliance","c3d2e1f0-a9b8-4c7d-8e6f-5a4b3c2d1e0f","MailItemsAccessed","user625@crowleydev.onmicrosoft.com","1"
"Mailbox Backup Appliance","c3d2e1f0-a9b8-4c7d-8e6f-5a4b3c2d1e0f","MailItemsAccessed","user626@crowleydev.onmicrosoft.com","1"
"Mailbox Backup Appliance","c3d2e1f0-a9b8-4c7d-8e6f-5a4b3c2d1e0f","MailItemsAccessed","user627@crowleydev.onmicrosoft.com","1"
"Mailbox Backup Appliance","c3d2e1f0-a9b8-4c7d-8e6f-5a4b3c2d1e0f","MailItemsAccessed","user628@crowleydev.onmicrosoft.com","1"
"Mailbox Backup Appliance","c3d2e1f0-a9b8-4c7d-8e6f-5a4b3c2d1e0f","MailItemsAccessed","user629@crowleydev.onmicrosoft.com","1"
"Mailbox Backup Appliance","c3d2e1f0-a9b8-4c7d-8e6f-5a4b3c2d1e0f","MailItemsAccessed","user63@crowleydev.onmicrosoft.com","1"
"Mailbox Backup Appliance","c3d2e1f0-a9b8-4c7d-8e6f-5a4b3c2d1e0f","MailItemsAccessed","user630@crowleydev.onmicrosoft.com","1"
"Mailbox Backup Appliance","c3d2e1f0-a9b8-4c7d-8e6f-5a4b3c2d1e0f","MailItemsAccessed","user631@crowleydev.onmicrosoft.com","1"
"Mailbox Backup Appliance","c3d2e1f0-a9b8-4c7d-8e6f-5a4b3c2d1e0f","MailItemsAccessed","user632@crowleydev.onmicrosoft.com","1"
"Mailbox Backup Appliance","c3d2e1f0-a9b8-4c7d-8e6f-5a4b3c2d1e0f","MailItemsAccessed","user633@crowleydev.onmicrosoft.com","1"
"Mailbox Backup Appliance","c3d2e1f0-a9b8-4c7d-8e6f-5a4b3c2d1e0f","MailItemsAccessed","user634@crowleydev.onmicrosoft.com","1"
"Mailbox Backup Appliance","c3d2e1f0-a9b8-4c7d-8e6f-5a4b3c2d1e0f","MailItemsAccessed","user635@crowleydev.onmicrosoft.com","1"
"Mailbox Backup Appliance","c3d2e1f0-a9b8-4c7d-8e6f-5a4b3c2d1e0f","MailItemsAccessed","user636@crowleydev.onmicrosoft.com","1"
"Mailbox Backup Appliance","c3d2e1f0-a9b8-4c7d-8e6f-5a4b3c2d1e0f","MailItemsAccessed","user637@crowleydev.onmicrosoft.com","1"
"Mailbox Backup Appliance","c3d2e1f0-a9b8-4c7d-8e6f-5a4b3c2d1e0f","MailItemsAccessed","user638@crowleydev.onmicrosoft.com","1"
"Mailbox Backup Appliance","c3d2e1f0-a9b8-4c7d-8e6f-5a4b3c2d1e0f","MailItemsAccessed","user639@crowleydev.onmicrosoft.com","1"
"Mailbox Backup Appliance","c3d2e1f0-a9b8-4c7d-8e6f-5a4b3c2d1e0f","MailItemsAccessed","user64@crowleydev.onmicrosoft.com","1"
"Mailbox Backup Appliance","c3d2e1f0-a9b8-4c7d-8e6f-5a4b3c2d1e0f","MailItemsAccessed","user640@crowleydev.onmicrosoft.com","1"
"Mailbox Backup Appliance","c3d2e1f0-a9b8-4c7d-8e6f-5a4b3c2d1e0f","MailItemsAccessed","user641@crowleydev.onmicrosoft.com","1"
"Mailbox Backup Appliance","c3d2e1f0-a9b8-4c7d-8e6f-5a4b3c2d1e0f","MailItemsAccessed","user642@crowleydev.onmicrosoft.com","1"
"Mailbox Backup Appliance","c3d2e1f0-a9b8-4c7d-8e6f-5a4b3c2d1e0f","MailItemsAccessed","user643@crowleydev.onmicrosoft.com","1"
"Mailbox Backup Appliance","c3d2e1f0-a9b8-4c7d-8e6f-5a4b3c2d1e0f","MailItemsAccessed","user644@crowleydev.onmicrosoft.com","1"
"Mailbox Backup Appliance","c3d2e1f0-a9b8-4c7d-8e6f-5a4b3c2d1e0f","MailItemsAccessed","user645@crowleydev.onmicrosoft.com","1"
"Mailbox Backup Appliance","c3d2e1f0-a9b8-4c7d-8e6f-5a4b3c2d1e0f","MailItemsAccessed","user646@crowleydev.onmicrosoft.com","1"
"Mailbox Backup Appliance","c3d2e1f0-a9b8-4c7d-8e6f-5a4b3c2d1e0f","MailItemsAccessed","user647@crowleydev.onmicrosoft.com","1"
"Mailbox Backup Appliance","c3d2e1f0-a9b8-4c7d-8e6f-5a4b3c2d1e0f","MailItemsAccessed","user648@crowleydev.onmicrosoft.com","1"
"Mailbox Backup Appliance","c3d2e1f0-a9b8-4c7d-8e6f-5a4b3c2d1e0f","MailItemsAccessed","user649@crowleydev.onmicrosoft.com","1"
"Mailbox Backup Appliance","c3d2e1f0-a9b8-4c7d-8e6f-5a4b3c2d1e0f","MailItemsAccessed","user65@crowleydev.onmicrosoft.com","1"
"Mailbox Backup Appliance","c3d2e1f0-a9b8-4c7d-8e6f-5a4b3c2d1e0f","MailItemsAccessed","user650@crowleydev.onmicrosoft.com","1"
"Mailbox Backup Appliance","c3d2e1f0-a9b8-4c7d-8e6f-5a4b3c2d1e0f","MailItemsAccessed","user651@crowleydev.onmicrosoft.com","1"
"Mailbox Backup Appliance","c3d2e1f0-a9b8-4c7d-8e6f-5a4b3c2d1e0f","MailItemsAccessed","user652@crowleydev.onmicrosoft.com","1"
"Mailbox Backup Appliance","c3d2e1f0-a9b8-4c7d-8e6f-5a4b3c2d1e0f","MailItemsAccessed","user653@crowleydev.onmicrosoft.com","1"
"Mailbox Backup Appliance","c3d2e1f0-a9b8-4c7d-8e6f-5a4b3c2d1e0f","MailItemsAccessed","user654@crowleydev.onmicrosoft.com","1"
"Mailbox Backup Appliance","c3d2e1f0-a9b8-4c7d-8e6f-5a4b3c2d1e0f","MailItemsAccessed","user655@crowleydev.onmicrosoft.com","1"
"Mailbox Backup Appliance","c3d2e1f0-a9b8-4c7d-8e6f-5a4b3c2d1e0f","MailItemsAccessed","user656@crowleydev.onmicrosoft.com","1"
"Mailbox Backup Appliance","c3d2e1f0-a9b8-4c7d-8e6f-5a4b3c2d1e0f","MailItemsAccessed","user657@crowleydev.onmicrosoft.com","1"
"Mailbox Backup Appliance","c3d2e1f0-a9b8-4c7d-8e6f-5a4b3c2d1e0f","MailItemsAccessed","user658@crowleydev.onmicrosoft.com","1"
"Mailbox Backup Appliance","c3d2e1f0-a9b8-4c7d-8e6f-5a4b3c2d1e0f","MailItemsAccessed","user659@crowleydev.onmicrosoft.com","1"
"Mailbox Backup Appliance","c3d2e1f0-a9b8-4c7d-8e6f-5a4b3c2d1e0f","MailItemsAccessed","user66@crowleydev.onmicrosoft.com","1"
"Mailbox Backup Appliance","c3d2e1f0-a9b8-4c7d-8e6f-5a4b3c2d1e0f","MailItemsAccessed","user660@crowleydev.onmicrosoft.com","1"
"Mailbox Backup Appliance","c3d2e1f0-a9b8-4c7d-8e6f-5a4b3c2d1e0f","MailItemsAccessed","user661@crowleydev.onmicrosoft.com","1"
"Mailbox Backup Appliance","c3d2e1f0-a9b8-4c7d-8e6f-5a4b3c2d1e0f","MailItemsAccessed","user662@crowleydev.onmicrosoft.com","1"
"Mailbox Backup Appliance","c3d2e1f0-a9b8-4c7d-8e6f-5a4b3c2d1e0f","MailItemsAccessed","user663@crowleydev.onmicrosoft.com","1"
"Mailbox Backup Appliance","c3d2e1f0-a9b8-4c7d-8e6f-5a4b3c2d1e0f","MailItemsAccessed","user664@crowleydev.onmicrosoft.com","1"
"Mailbox Backup Appliance","c3d2e1f0-a9b8-4c7d-8e6f-5a4b3c2d1e0f","MailItemsAccessed","user665@crowleydev.onmicrosoft.com","1"
"Mailbox Backup Appliance","c3d2e1f0-a9b8-4c7d-8e6f-5a4b3c2d1e0f","MailItemsAccessed","user666@crowleydev.onmicrosoft.com","1"
"Mailbox Backup Appliance","c3d2e1f0-a9b8-4c7d-8e6f-5a4b3c2d1e0f","MailItemsAccessed","user667@crowleydev.onmicrosoft.com","1"
"Mailbox Backup Appliance","c3d2e1f0-a9b8-4c7d-8e6f-5a4b3c2d1e0f","MailItemsAccessed","user668@crowleydev.onmicrosoft.com","1"
"Mailbox Backup Appliance","c3d2e1f0-a9b8-4c7d-8e6f-5a4b3c2d1e0f","MailItemsAccessed","user669@crowleydev.onmicrosoft.com","1"
"Mailbox Backup Appliance","c3d2e1f0-a9b8-4c7d-8e6f-5a4b3c2d1e0f","MailItemsAccessed","user67@crowleydev.onmicrosoft.com","1"
"Mailbox Backup Appliance","c3d2e1f0-a9b8-4c7d-8e6f-5a4b3c2d1e0f","MailItemsAccessed","user670@crowleydev.onmicrosoft.com","1"
"Mailbox Backup Appliance","c3d2e1f0-a9b8-4c7d-8e6f-5a4b3c2d1e0f","MailItemsAccessed","user671@crowleydev.onmicrosoft.com","1"
"Mailbox Backup Appliance","c3d2e1f0-a9b8-4c7d-8e6f-5a4b3c2d1e0f","MailItemsAccessed","user672@crowleydev.onmicrosoft.com","1"
"Mailbox Backup Appliance","c3d2e1f0-a9b8-4c7d-8e6f-5a4b3c2d1e0f","MailItemsAccessed","user673@crowleydev.onmicrosoft.com","1"
"Mailbox Backup Appliance","c3d2e1f0-a9b8-4c7d-8e6f-5a4b3c2d1e0f","MailItemsAccessed","user674@crowleydev.onmicrosoft.com","1"
"Mailbox Backup Appliance","c3d2e1f0-a9b8-4c7d-8e6f-5a4b3c2d1e0f","MailItemsAccessed","user675@crowleydev.onmicrosoft.com","1"
"Mailbox Backup Appliance","c3d2e1f0-a9b8-4c7d-8e6f-5a4b3c2d1e0f","MailItemsAccessed","user676@crowleydev.onmicrosoft.com","1"
"Mailbox Backup Appliance","c3d2e1f0-a9b8-4c7d-8e6f-5a4b3c2d1e0f","MailItemsAccessed","user677@crowleydev.onmicrosoft.com","1"
"Mailbox Backup Appliance","c3d2e1f0-a9b8-4c7d-8e6f-5a4b3c2d1e0f","MailItemsAccessed","user678@crowleydev.onmicrosoft.com","1"
"Mailbox Backup Appliance","c3d2e1f0-a9b8-4c7d-8e6f-5a4b3c2d1e0f","MailItemsAccessed","user679@crowleydev.onmicrosoft.com","1"
"Mailbox Backup Appliance","c3d2e1f0-a9b8-4c7d-8e6f-5a4b3c2d1e0f","MailItemsAccessed","user68@crowleydev.onmicrosoft.com","1"
"Mailbox Backup Appliance","c3d2e1f0-a9b8-4c7d-8e6f-5a4b3c2d1e0f","MailItemsAccessed","user680@crowleydev.onmicrosoft.com","1"
"Mailbox Backup Appliance","c3d2e1f0-a9b8-4c7d-8e6f-5a4b3c2d1e0f","MailItemsAccessed","user681@crowleydev.onmicrosoft.com","1"
"Mailbox Backup Appliance","c3d2e1f0-a9b8-4c7d-8e6f-5a4b3c2d1e0f","MailItemsAccessed","user682@crowleydev.onmicrosoft.com","1"
"Mailbox Backup Appliance","c3d2e1f0-a9b8-4c7d-8e6f-5a4b3c2d1e0f","MailItemsAccessed","user683@crowleydev.onmicrosoft.com","1"
"Mailbox Backup Appliance","c3d2e1f0-a9b8-4c7d-8e6f-5a4b3c2d1e0f","MailItemsAccessed","user684@crowleydev.onmicrosoft.com","1"
"Mailbox Backup Appliance","c3d2e1f0-a9b8-4c7d-8e6f-5a4b3c2d1e0f","MailItemsAccessed","user685@crowleydev.onmicrosoft.com","1"
"Mailbox Backup Appliance","c3d2e1f0-a9b8-4c7d-8e6f-5a4b3c2d1e0f","MailItemsAccessed","user686@crowleydev.onmicrosoft.com","1"
"Mailbox Backup Appliance","c3d2e1f0-a9b8-4c7d-8e6f-5a4b3c2d1e0f","MailItemsAccessed","user687@crowleydev.onmicrosoft.com","1"
"Mailbox Backup Appliance","c3d2e1f0-a9b8-4c7d-8e6f-5a4b3c2d1e0f","MailItemsAccessed","user688@crowleydev.onmicrosoft.com","1"
"Mailbox Backup Appliance","c3d2e1f0-a9b8-4c7d-8e6f-5a4b3c2d1e0f","MailItemsAccessed","user689@crowleydev.onmicrosoft.com","1"
"Mailbox Backup Appliance","c3d2e1f0-a9b8-4c7d-8e6f-5a4b3c2d1e0f","MailItemsAccessed","user69@crowleydev.onmicrosoft.com","1"
"Mailbox Backup Appliance","c3d2e1f0-a9b8-4c7d-8e6f-5a4b3c2d1e0f","MailItemsAccessed","user690@crowleydev.onmicrosoft.com","1"
"Mailbox Backup Appliance","c3d2e1f0-a9b8-4c7d-8e6f-5a4b3c2d1e0f","MailItemsAccessed","user691@crowleydev.onmicrosoft.com","1"
"Mailbox Backup Appliance","c3d2e1f0-a9b8-4c7d-8e6f-5a4b3c2d1e0f","MailItemsAccessed","user692@crowleydev.onmicrosoft.com","1"
"Mailbox Backup Appliance","c3d2e1f0-a9b8-4c7d-8e6f-5a4b3c2d1e0f","MailItemsAccessed","user693@crowleydev.onmicrosoft.com","1"
"Mailbox Backup Appliance","c3d2e1f0-a9b8-4c7d-8e6f-5a4b3c2d1e0f","MailItemsAccessed","user694@crowleydev.onmicrosoft.com","1"
"Mailbox Backup Appliance","c3d2e1f0-a9b8-4c7d-8e6f-5a4b3c2d1e0f","MailItemsAccessed","user695@crowleydev.onmicrosoft.com","1"
"Mailbox Backup Appliance","c3d2e1f0-a9b8-4c7d-8e6f-5a4b3c2d1e0f","MailItemsAccessed","user696@crowleydev.onmicrosoft.com","1"
"Mailbox Backup Appliance","c3d2e1f0-a9b8-4c7d-8e6f-5a4b3c2d1e0f","MailItemsAccessed","user697@crowleydev.onmicrosoft.com","1"
"Mailbox Backup Appliance","c3d2e1f0-a9b8-4c7d-8e6f-5a4b3c2d1e0f","MailItemsAccessed","user698@crowleydev.onmicrosoft.com","1"
"Mailbox Backup Appliance","c3d2e1f0-a9b8-4c7d-8e6f-5a4b3c2d1e0f","MailItemsAccessed","user699@crowleydev.onmicrosoft.com","1"
"Mailbox Backup Appliance","c3d2e1f0-a9b8-4c7d-8e6f-5a4b3c2d1e0f","MailItemsAccessed","user7@crowleydev.onmicrosoft.com","1"
"Mailbox Backup Appliance","c3d2e1f0-a9b8-4c7d-8e6f-5a4b3c2d1e0f","MailItemsAccessed","user70@crowleydev.onmicrosoft.com","1"
"Mailbox Backup Appliance","c3d2e1f0-a9b8-4c7d-8e6f-5a4b3c2d1e0f","MailItemsAccessed","user700@crowleydev.onmicrosoft.com","1"
"Mailbox Backup Appliance","c3d2e1f0-a9b8-4c7d-8e6f-5a4b3c2d1e0f","MailItemsAccessed","user701@crowleydev.onmicrosoft.com","1"
"Mailbox Backup Appliance","c3d2e1f0-a9b8-4c7d-8e6f-5a4b3c2d1e0f","MailItemsAccessed","user702@crowleydev.onmicrosoft.com","1"
"Mailbox Backup Appliance","c3d2e1f0-a9b8-4c7d-8e6f-5a4b3c2d1e0f","MailItemsAccessed","user703@crowleydev.onmicrosoft.com","1"
"Mailbox Backup Appliance","c3d2e1f0-a9b8-4c7d-8e6f-5a4b3c2d1e0f","MailItemsAccessed","user704@crowleydev.onmicrosoft.com","1"
"Mailbox Backup Appliance","c3d2e1f0-a9b8-4c7d-8e6f-5a4b3c2d1e0f","MailItemsAccessed","user705@crowleydev.onmicrosoft.com","1"
"Mailbox Backup Appliance","c3d2e1f0-a9b8-4c7d-8e6f-5a4b3c2d1e0f","MailItemsAccessed","user706@crowleydev.onmicrosoft.com","1"
"Mailbox Backup Appliance","c3d2e1f0-a9b8-4c7d-8e6f-5a4b3c2d1e0f","MailItemsAccessed","user707@crowleydev.onmicrosoft.com","1"
"Mailbox Backup Appliance","c3d2e1f0-a9b8-4c7d-8e6f-5a4b3c2d1e0f","MailItemsAccessed","user708@crowleydev.onmicrosoft.com","1"
"Mailbox Backup Appliance","c3d2e1f0-a9b8-4c7d-8e6f-5a4b3c2d1e0f","MailItemsAccessed","user709@crowleydev.onmicrosoft.com","1"
"Mailbox Backup Appliance","c3d2e1f0-a9b8-4c7d-8e6f-5a4b3c2d1e0f","MailItemsAccessed","user71@crowleydev.onmicrosoft.com","1"
"Mailbox Backup Appliance","c3d2e1f0-a9b8-4c7d-8e6f-5a4b3c2d1e0f","MailItemsAccessed","user710@crowleydev.onmicrosoft.com","1"
"Mailbox Backup Appliance","c3d2e1f0-a9b8-4c7d-8e6f-5a4b3c2d1e0f","MailItemsAccessed","user711@crowleydev.onmicrosoft.com","1"
"Mailbox Backup Appliance","c3d2e1f0-a9b8-4c7d-8e6f-5a4b3c2d1e0f","MailItemsAccessed","user712@crowleydev.onmicrosoft.com","1"
"Mailbox Backup Appliance","c3d2e1f0-a9b8-4c7d-8e6f-5a4b3c2d1e0f","MailItemsAccessed","user713@crowleydev.onmicrosoft.com","1"
"Mailbox Backup Appliance","c3d2e1f0-a9b8-4c7d-8e6f-5a4b3c2d1e0f","MailItemsAccessed","user714@crowleydev.onmicrosoft.com","1"
"Mailbox Backup Appliance","c3d2e1f0-a9b8-4c7d-8e6f-5a4b3c2d1e0f","MailItemsAccessed","user715@crowleydev.onmicrosoft.com","1"
"Mailbox Backup Appliance","c3d2e1f0-a9b8-4c7d-8e6f-5a4b3c2d1e0f","MailItemsAccessed","user716@crowleydev.onmicrosoft.com","1"
"Mailbox Backup Appliance","c3d2e1f0-a9b8-4c7d-8e6f-5a4b3c2d1e0f","MailItemsAccessed","user717@crowleydev.onmicrosoft.com","1"
"Mailbox Backup Appliance","c3d2e1f0-a9b8-4c7d-8e6f-5a4b3c2d1e0f","MailItemsAccessed","user718@crowleydev.onmicrosoft.com","1"
"Mailbox Backup Appliance","c3d2e1f0-a9b8-4c7d-8e6f-5a4b3c2d1e0f","MailItemsAccessed","user719@crowleydev.onmicrosoft.com","1"
"Mailbox Backup Appliance","c3d2e1f0-a9b8-4c7d-8e6f-5a4b3c2d1e0f","MailItemsAccessed","user72@crowleydev.onmicrosoft.com","1"
"Mailbox Backup Appliance","c3d2e1f0-a9b8-4c7d-8e6f-5a4b3c2d1e0f","MailItemsAccessed","user720@crowleydev.onmicrosoft.com","1"
"Mailbox Backup Appliance","c3d2e1f0-a9b8-4c7d-8e6f-5a4b3c2d1e0f","MailItemsAccessed","user721@crowleydev.onmicrosoft.com","1"
"Mailbox Backup Appliance","c3d2e1f0-a9b8-4c7d-8e6f-5a4b3c2d1e0f","MailItemsAccessed","user722@crowleydev.onmicrosoft.com","1"
"Mailbox Backup Appliance","c3d2e1f0-a9b8-4c7d-8e6f-5a4b3c2d1e0f","MailItemsAccessed","user723@crowleydev.onmicrosoft.com","1"
"Mailbox Backup Appliance","c3d2e1f0-a9b8-4c7d-8e6f-5a4b3c2d1e0f","MailItemsAccessed","user724@crowleydev.onmicrosoft.com","1"
"Mailbox Backup Appliance","c3d2e1f0-a9b8-4c7d-8e6f-5a4b3c2d1e0f","MailItemsAccessed","user725@crowleydev.onmicrosoft.com","1"
"Mailbox Backup Appliance","c3d2e1f0-a9b8-4c7d-8e6f-5a4b3c2d1e0f","MailItemsAccessed","user726@crowleydev.onmicrosoft.com","1"
"Mailbox Backup Appliance","c3d2e1f0-a9b8-4c7d-8e6f-5a4b3c2d1e0f","MailItemsAccessed","user727@crowleydev.onmicrosoft.com","1"
"Mailbox Backup Appliance","c3d2e1f0-a9b8-4c7d-8e6f-5a4b3c2d1e0f","MailItemsAccessed","user728@crowleydev.onmicrosoft.com","1"
"Mailbox Backup Appliance","c3d2e1f0-a9b8-4c7d-8e6f-5a4b3c2d1e0f","MailItemsAccessed","user729@crowleydev.onmicrosoft.com","1"
"Mailbox Backup Appliance","c3d2e1f0-a9b8-4c7d-8e6f-5a4b3c2d1e0f","MailItemsAccessed","user73@crowleydev.onmicrosoft.com","1"
"Mailbox Backup Appliance","c3d2e1f0-a9b8-4c7d-8e6f-5a4b3c2d1e0f","MailItemsAccessed","user730@crowleydev.onmicrosoft.com","1"
"Mailbox Backup Appliance","c3d2e1f0-a9b8-4c7d-8e6f-5a4b3c2d1e0f","MailItemsAccessed","user731@crowleydev.onmicrosoft.com","1"
"Mailbox Backup Appliance","c3d2e1f0-a9b8-4c7d-8e6f-5a4b3c2d1e0f","MailItemsAccessed","user732@crowleydev.onmicrosoft.com","1"
"Mailbox Backup Appliance","c3d2e1f0-a9b8-4c7d-8e6f-5a4b3c2d1e0f","MailItemsAccessed","user733@crowleydev.onmicrosoft.com","1"
"Mailbox Backup Appliance","c3d2e1f0-a9b8-4c7d-8e6f-5a4b3c2d1e0f","MailItemsAccessed","user734@crowleydev.onmicrosoft.com","1"
"Mailbox Backup Appliance","c3d2e1f0-a9b8-4c7d-8e6f-5a4b3c2d1e0f","MailItemsAccessed","user735@crowleydev.onmicrosoft.com","1"
"Mailbox Backup Appliance","c3d2e1f0-a9b8-4c7d-8e6f-5a4b3c2d1e0f","MailItemsAccessed","user736@crowleydev.onmicrosoft.com","1"
"Mailbox Backup Appliance","c3d2e1f0-a9b8-4c7d-8e6f-5a4b3c2d1e0f","MailItemsAccessed","user737@crowleydev.onmicrosoft.com","1"
"Mailbox Backup Appliance","c3d2e1f0-a9b8-4c7d-8e6f-5a4b3c2d1e0f","MailItemsAccessed","user738@crowleydev.onmicrosoft.com","1"
"Mailbox Backup Appliance","c3d2e1f0-a9b8-4c7d-8e6f-5a4b3c2d1e0f","MailItemsAccessed","user739@crowleydev.onmicrosoft.com","1"
"Mailbox Backup Appliance","c3d2e1f0-a9b8-4c7d-8e6f-5a4b3c2d1e0f","MailItemsAccessed","user74@crowleydev.onmicrosoft.com","1"
"Mailbox Backup Appliance","c3d2e1f0-a9b8-4c7d-8e6f-5a4b3c2d1e0f","MailItemsAccessed","user740@crowleydev.onmicrosoft.com","1"
"Mailbox Backup Appliance","c3d2e1f0-a9b8-4c7d-8e6f-5a4b3c2d1e0f","MailItemsAccessed","user741@crowleydev.onmicrosoft.com","1"
"Mailbox Backup Appliance","c3d2e1f0-a9b8-4c7d-8e6f-5a4b3c2d1e0f","MailItemsAccessed","user742@crowleydev.onmicrosoft.com","1"
"Mailbox Backup Appliance","c3d2e1f0-a9b8-4c7d-8e6f-5a4b3c2d1e0f","MailItemsAccessed","user743@crowleydev.onmicrosoft.com","1"
"Mailbox Backup Appliance","c3d2e1f0-a9b8-4c7d-8e6f-5a4b3c2d1e0f","MailItemsAccessed","user744@crowleydev.onmicrosoft.com","1"
"Mailbox Backup Appliance","c3d2e1f0-a9b8-4c7d-8e6f-5a4b3c2d1e0f","MailItemsAccessed","user745@crowleydev.onmicrosoft.com","1"
"Mailbox Backup Appliance","c3d2e1f0-a9b8-4c7d-8e6f-5a4b3c2d1e0f","MailItemsAccessed","user746@crowleydev.onmicrosoft.com","1"
"Mailbox Backup Appliance","c3d2e1f0-a9b8-4c7d-8e6f-5a4b3c2d1e0f","MailItemsAccessed","user747@crowleydev.onmicrosoft.com","1"
"Mailbox Backup Appliance","c3d2e1f0-a9b8-4c7d-8e6f-5a4b3c2d1e0f","MailItemsAccessed","user748@crowleydev.onmicrosoft.com","1"
"Mailbox Backup Appliance","c3d2e1f0-a9b8-4c7d-8e6f-5a4b3c2d1e0f","MailItemsAccessed","user749@crowleydev.onmicrosoft.com","1"
"Mailbox Backup Appliance","c3d2e1f0-a9b8-4c7d-8e6f-5a4b3c2d1e0f","MailItemsAccessed","user75@crowleydev.onmicrosoft.com","1"
"Mailbox Backup Appliance","c3d2e1f0-a9b8-4c7d-8e6f-5a4b3c2d1e0f","MailItemsAccessed","user750@crowleydev.onmicrosoft.com","1"
"Mailbox Backup Appliance","c3d2e1f0-a9b8-4c7d-8e6f-5a4b3c2d1e0f","MailItemsAccessed","user751@crowleydev.onmicrosoft.com","1"
"Mailbox Backup Appliance","c3d2e1f0-a9b8-4c7d-8e6f-5a4b3c2d1e0f","MailItemsAccessed","user752@crowleydev.onmicrosoft.com","1"
"Mailbox Backup Appliance","c3d2e1f0-a9b8-4c7d-8e6f-5a4b3c2d1e0f","MailItemsAccessed","user753@crowleydev.onmicrosoft.com","1"
"Mailbox Backup Appliance","c3d2e1f0-a9b8-4c7d-8e6f-5a4b3c2d1e0f","MailItemsAccessed","user754@crowleydev.onmicrosoft.com","1"
"Mailbox Backup Appliance","c3d2e1f0-a9b8-4c7d-8e6f-5a4b3c2d1e0f","MailItemsAccessed","user755@crowleydev.onmicrosoft.com","1"
"Mailbox Backup Appliance","c3d2e1f0-a9b8-4c7d-8e6f-5a4b3c2d1e0f","MailItemsAccessed","user756@crowleydev.onmicrosoft.com","1"
"Mailbox Backup Appliance","c3d2e1f0-a9b8-4c7d-8e6f-5a4b3c2d1e0f","MailItemsAccessed","user757@crowleydev.onmicrosoft.com","1"
"Mailbox Backup Appliance","c3d2e1f0-a9b8-4c7d-8e6f-5a4b3c2d1e0f","MailItemsAccessed","user758@crowleydev.onmicrosoft.com","1"
"Mailbox Backup Appliance","c3d2e1f0-a9b8-4c7d-8e6f-5a4b3c2d1e0f","MailItemsAccessed","user759@crowleydev.onmicrosoft.com","1"
"Mailbox Backup Appliance","c3d2e1f0-a9b8-4c7d-8e6f-5a4b3c2d1e0f","MailItemsAccessed","user76@crowleydev.onmicrosoft.com","1"
"Mailbox Backup Appliance","c3d2e1f0-a9b8-4c7d-8e6f-5a4b3c2d1e0f","MailItemsAccessed","user760@crowleydev.onmicrosoft.com","1"
"Mailbox Backup Appliance","c3d2e1f0-a9b8-4c7d-8e6f-5a4b3c2d1e0f","MailItemsAccessed","user761@crowleydev.onmicrosoft.com","1"
"Mailbox Backup Appliance","c3d2e1f0-a9b8-4c7d-8e6f-5a4b3c2d1e0f","MailItemsAccessed","user762@crowleydev.onmicrosoft.com","1"
"Mailbox Backup Appliance","c3d2e1f0-a9b8-4c7d-8e6f-5a4b3c2d1e0f","MailItemsAccessed","user763@crowleydev.onmicrosoft.com","1"
"Mailbox Backup Appliance","c3d2e1f0-a9b8-4c7d-8e6f-5a4b3c2d1e0f","MailItemsAccessed","user764@crowleydev.onmicrosoft.com","1"
"Mailbox Backup Appliance","c3d2e1f0-a9b8-4c7d-8e6f-5a4b3c2d1e0f","MailItemsAccessed","user765@crowleydev.onmicrosoft.com","1"
"Mailbox Backup Appliance","c3d2e1f0-a9b8-4c7d-8e6f-5a4b3c2d1e0f","MailItemsAccessed","user766@crowleydev.onmicrosoft.com","1"
"Mailbox Backup Appliance","c3d2e1f0-a9b8-4c7d-8e6f-5a4b3c2d1e0f","MailItemsAccessed","user767@crowleydev.onmicrosoft.com","1"
"Mailbox Backup Appliance","c3d2e1f0-a9b8-4c7d-8e6f-5a4b3c2d1e0f","MailItemsAccessed","user768@crowleydev.onmicrosoft.com","1"
"Mailbox Backup Appliance","c3d2e1f0-a9b8-4c7d-8e6f-5a4b3c2d1e0f","MailItemsAccessed","user769@crowleydev.onmicrosoft.com","1"
"Mailbox Backup Appliance","c3d2e1f0-a9b8-4c7d-8e6f-5a4b3c2d1e0f","MailItemsAccessed","user77@crowleydev.onmicrosoft.com","1"
"Mailbox Backup Appliance","c3d2e1f0-a9b8-4c7d-8e6f-5a4b3c2d1e0f","MailItemsAccessed","user770@crowleydev.onmicrosoft.com","1"
"Mailbox Backup Appliance","c3d2e1f0-a9b8-4c7d-8e6f-5a4b3c2d1e0f","MailItemsAccessed","user771@crowleydev.onmicrosoft.com","1"
"Mailbox Backup Appliance","c3d2e1f0-a9b8-4c7d-8e6f-5a4b3c2d1e0f","MailItemsAccessed","user772@crowleydev.onmicrosoft.com","1"
"Mailbox Backup Appliance","c3d2e1f0-a9b8-4c7d-8e6f-5a4b3c2d1e0f","MailItemsAccessed","user773@crowleydev.onmicrosoft.com","1"
"Mailbox Backup Appliance","c3d2e1f0-a9b8-4c7d-8e6f-5a4b3c2d1e0f","MailItemsAccessed","user774@crowleydev.onmicrosoft.com","1"
"Mailbox Backup Appliance","c3d2e1f0-a9b8-4c7d-8e6f-5a4b3c2d1e0f","MailItemsAccessed","user775@crowleydev.onmicrosoft.com","1"
"Mailbox Backup Appliance","c3d2e1f0-a9b8-4c7d-8e6f-5a4b3c2d1e0f","MailItemsAccessed","user776@crowleydev.onmicrosoft.com","1"
"Mailbox Backup Appliance","c3d2e1f0-a9b8-4c7d-8e6f-5a4b3c2d1e0f","MailItemsAccessed","user777@crowleydev.onmicrosoft.com","1"
"Mailbox Backup Appliance","c3d2e1f0-a9b8-4c7d-8e6f-5a4b3c2d1e0f","MailItemsAccessed","user778@crowleydev.onmicrosoft.com","1"
"Mailbox Backup Appliance","c3d2e1f0-a9b8-4c7d-8e6f-5a4b3c2d1e0f","MailItemsAccessed","user779@crowleydev.onmicrosoft.com","1"
"Mailbox Backup Appliance","c3d2e1f0-a9b8-4c7d-8e6f-5a4b3c2d1e0f","MailItemsAccessed","user78@crowleydev.onmicrosoft.com","1"
"Mailbox Backup Appliance","c3d2e1f0-a9b8-4c7d-8e6f-5a4b3c2d1e0f","MailItemsAccessed","user780@crowleydev.onmicrosoft.com","1"
"Mailbox Backup Appliance","c3d2e1f0-a9b8-4c7d-8e6f-5a4b3c2d1e0f","MailItemsAccessed","user781@crowleydev.onmicrosoft.com","1"
"Mailbox Backup Appliance","c3d2e1f0-a9b8-4c7d-8e6f-5a4b3c2d1e0f","MailItemsAccessed","user782@crowleydev.onmicrosoft.com","1"
"Mailbox Backup Appliance","c3d2e1f0-a9b8-4c7d-8e6f-5a4b3c2d1e0f","MailItemsAccessed","user783@crowleydev.onmicrosoft.com","1"
"Mailbox Backup Appliance","c3d2e1f0-a9b8-4c7d-8e6f-5a4b3c2d1e0f","MailItemsAccessed","user784@crowleydev.onmicrosoft.com","1"
"Mailbox Backup Appliance","c3d2e1f0-a9b8-4c7d-8e6f-5a4b3c2d1e0f","MailItemsAccessed","user785@crowleydev.onmicrosoft.com","1"
"Mailbox Backup Appliance","c3d2e1f0-a9b8-4c7d-8e6f-5a4b3c2d1e0f","MailItemsAccessed","user786@crowleydev.onmicrosoft.com","1"
"Mailbox Backup Appliance","c3d2e1f0-a9b8-4c7d-8e6f-5a4b3c2d1e0f","MailItemsAccessed","user787@crowleydev.onmicrosoft.com","1"
"Mailbox Backup Appliance","c3d2e1f0-a9b8-4c7d-8e6f-5a4b3c2d1e0f","MailItemsAccessed","user788@crowleydev.onmicrosoft.com","1"
"Mailbox Backup Appliance","c3d2e1f0-a9b8-4c7d-8e6f-5a4b3c2d1e0f","MailItemsAccessed","user789@crowleydev.onmicrosoft.com","1"
"Mailbox Backup Appliance","c3d2e1f0-a9b8-4c7d-8e6f-5a4b3c2d1e0f","MailItemsAccessed","user79@crowleydev.onmicrosoft.com","1"
"Mailbox Backup Appliance","c3d2e1f0-a9b8-4c7d-8e6f-5a4b3c2d1e0f","MailItemsAccessed","user790@crowleydev.onmicrosoft.com","1"
"Mailbox Backup Appliance","c3d2e1f0-a9b8-4c7d-8e6f-5a4b3c2d1e0f","MailItemsAccessed","user791@crowleydev.onmicrosoft.com","1"
"Mailbox Backup Appliance","c3d2e1f0-a9b8-4c7d-8e6f-5a4b3c2d1e0f","MailItemsAccessed","user792@crowleydev.onmicrosoft.com","1"
"Mailbox Backup Appliance","c3d2e1f0-a9b8-4c7d-8e6f-5a4b3c2d1e0f","MailItemsAccessed","user793@crowleydev.onmicrosoft.com","1"
"Mailbox Backup Appliance","c3d2e1f0-a9b8-4c7d-8e6f-5a4b3c2d1e0f","MailItemsAccessed","user794@crowleydev.onmicrosoft.com","1"
"Mailbox Backup Appliance","c3d2e1f0-a9b8-4c7d-8e6f-5a4b3c2d1e0f","MailItemsAccessed","user795@crowleydev.onmicrosoft.com","1"
"Mailbox Backup Appliance","c3d2e1f0-a9b8-4c7d-8e6f-5a4b3c2d1e0f","MailItemsAccessed","user796@crowleydev.onmicrosoft.com","1"
"Mailbox Backup Appliance","c3d2e1f0-a9b8-4c7d-8e6f-5a4b3c2d1e0f","MailItemsAccessed","user797@crowleydev.onmicrosoft.com","1"
"Mailbox Backup Appliance","c3d2e1f0-a9b8-4c7d-8e6f-5a4b3c2d1e0f","MailItemsAccessed","user798@crowleydev.onmicrosoft.com","1"
"Mailbox Backup Appliance","c3d2e1f0-a9b8-4c7d-8e6f-5a4b3c2d1e0f","MailItemsAccessed","user799@crowleydev.onmicrosoft.com","1"
"Mailbox Backup Appliance","c3d2e1f0-a9b8-4c7d-8e6f-5a4b3c2d1e0f","MailItemsAccessed","user8@crowleydev.onmicrosoft.com","1"
"Mailbox Backup Appliance","c3d2e1f0-a9b8-4c7d-8e6f-5a4b3c2d1e0f","MailItemsAccessed","user80@crowleydev.onmicrosoft.com","1"
"Mailbox Backup Appliance","c3d2e1f0-a9b8-4c7d-8e6f-5a4b3c2d1e0f","MailItemsAccessed","user800@crowleydev.onmicrosoft.com","1"
"Mailbox Backup Appliance","c3d2e1f0-a9b8-4c7d-8e6f-5a4b3c2d1e0f","MailItemsAccessed","user801@crowleydev.onmicrosoft.com","1"
"Mailbox Backup Appliance","c3d2e1f0-a9b8-4c7d-8e6f-5a4b3c2d1e0f","MailItemsAccessed","user802@crowleydev.onmicrosoft.com","1"
"Mailbox Backup Appliance","c3d2e1f0-a9b8-4c7d-8e6f-5a4b3c2d1e0f","MailItemsAccessed","user803@crowleydev.onmicrosoft.com","1"
"Mailbox Backup Appliance","c3d2e1f0-a9b8-4c7d-8e6f-5a4b3c2d1e0f","MailItemsAccessed","user804@crowleydev.onmicrosoft.com","1"
"Mailbox Backup Appliance","c3d2e1f0-a9b8-4c7d-8e6f-5a4b3c2d1e0f","MailItemsAccessed","user805@crowleydev.onmicrosoft.com","1"
"Mailbox Backup Appliance","c3d2e1f0-a9b8-4c7d-8e6f-5a4b3c2d1e0f","MailItemsAccessed","user806@crowleydev.onmicrosoft.com","1"
"Mailbox Backup Appliance","c3d2e1f0-a9b8-4c7d-8e6f-5a4b3c2d1e0f","MailItemsAccessed","user807@crowleydev.onmicrosoft.com","1"
"Mailbox Backup Appliance","c3d2e1f0-a9b8-4c7d-8e6f-5a4b3c2d1e0f","MailItemsAccessed","user808@crowleydev.onmicrosoft.com","1"
"Mailbox Backup Appliance","c3d2e1f0-a9b8-4c7d-8e6f-5a4b3c2d1e0f","MailItemsAccessed","user809@crowleydev.onmicrosoft.com","1"
"Mailbox Backup Appliance","c3d2e1f0-a9b8-4c7d-8e6f-5a4b3c2d1e0f","MailItemsAccessed","user81@crowleydev.onmicrosoft.com","1"
"Mailbox Backup Appliance","c3d2e1f0-a9b8-4c7d-8e6f-5a4b3c2d1e0f","MailItemsAccessed","user810@crowleydev.onmicrosoft.com","1"
"Mailbox Backup Appliance","c3d2e1f0-a9b8-4c7d-8e6f-5a4b3c2d1e0f","MailItemsAccessed","user811@crowleydev.onmicrosoft.com","1"
"Mailbox Backup Appliance","c3d2e1f0-a9b8-4c7d-8e6f-5a4b3c2d1e0f","MailItemsAccessed","user812@crowleydev.onmicrosoft.com","1"
"Mailbox Backup Appliance","c3d2e1f0-a9b8-4c7d-8e6f-5a4b3c2d1e0f","MailItemsAccessed","user813@crowleydev.onmicrosoft.com","1"
"Mailbox Backup Appliance","c3d2e1f0-a9b8-4c7d-8e6f-5a4b3c2d1e0f","MailItemsAccessed","user814@crowleydev.onmicrosoft.com","1"
"Mailbox Backup Appliance","c3d2e1f0-a9b8-4c7d-8e6f-5a4b3c2d1e0f","MailItemsAccessed","user815@crowleydev.onmicrosoft.com","1"
"Mailbox Backup Appliance","c3d2e1f0-a9b8-4c7d-8e6f-5a4b3c2d1e0f","MailItemsAccessed","user816@crowleydev.onmicrosoft.com","1"
"Mailbox Backup Appliance","c3d2e1f0-a9b8-4c7d-8e6f-5a4b3c2d1e0f","MailItemsAccessed","user817@crowleydev.onmicrosoft.com","1"
"Mailbox Backup Appliance","c3d2e1f0-a9b8-4c7d-8e6f-5a4b3c2d1e0f","MailItemsAccessed","user818@crowleydev.onmicrosoft.com","1"
"Mailbox Backup Appliance","c3d2e1f0-a9b8-4c7d-8e6f-5a4b3c2d1e0f","MailItemsAccessed","user819@crowleydev.onmicrosoft.com","1"
"Mailbox Backup Appliance","c3d2e1f0-a9b8-4c7d-8e6f-5a4b3c2d1e0f","MailItemsAccessed","user82@crowleydev.onmicrosoft.com","1"
"Mailbox Backup Appliance","c3d2e1f0-a9b8-4c7d-8e6f-5a4b3c2d1e0f","MailItemsAccessed","user820@crowleydev.onmicrosoft.com","1"
"Mailbox Backup Appliance","c3d2e1f0-a9b8-4c7d-8e6f-5a4b3c2d1e0f","MailItemsAccessed","user821@crowleydev.onmicrosoft.com","1"
"Mailbox Backup Appliance","c3d2e1f0-a9b8-4c7d-8e6f-5a4b3c2d1e0f","MailItemsAccessed","user822@crowleydev.onmicrosoft.com","1"
"Mailbox Backup Appliance","c3d2e1f0-a9b8-4c7d-8e6f-5a4b3c2d1e0f","MailItemsAccessed","user823@crowleydev.onmicrosoft.com","1"
"Mailbox Backup Appliance","c3d2e1f0-a9b8-4c7d-8e6f-5a4b3c2d1e0f","MailItemsAccessed","user824@crowleydev.onmicrosoft.com","1"
"Mailbox Backup Appliance","c3d2e1f0-a9b8-4c7d-8e6f-5a4b3c2d1e0f","MailItemsAccessed","user825@crowleydev.onmicrosoft.com","1"
"Mailbox Backup Appliance","c3d2e1f0-a9b8-4c7d-8e6f-5a4b3c2d1e0f","MailItemsAccessed","user826@crowleydev.onmicrosoft.com","1"
"Mailbox Backup Appliance","c3d2e1f0-a9b8-4c7d-8e6f-5a4b3c2d1e0f","MailItemsAccessed","user827@crowleydev.onmicrosoft.com","1"
"Mailbox Backup Appliance","c3d2e1f0-a9b8-4c7d-8e6f-5a4b3c2d1e0f","MailItemsAccessed","user828@crowleydev.onmicrosoft.com","1"
"Mailbox Backup Appliance","c3d2e1f0-a9b8-4c7d-8e6f-5a4b3c2d1e0f","MailItemsAccessed","user829@crowleydev.onmicrosoft.com","1"
"Mailbox Backup Appliance","c3d2e1f0-a9b8-4c7d-8e6f-5a4b3c2d1e0f","MailItemsAccessed","user83@crowleydev.onmicrosoft.com","1"
"Mailbox Backup Appliance","c3d2e1f0-a9b8-4c7d-8e6f-5a4b3c2d1e0f","MailItemsAccessed","user830@crowleydev.onmicrosoft.com","1"
"Mailbox Backup Appliance","c3d2e1f0-a9b8-4c7d-8e6f-5a4b3c2d1e0f","MailItemsAccessed","user831@crowleydev.onmicrosoft.com","1"
"Mailbox Backup Appliance","c3d2e1f0-a9b8-4c7d-8e6f-5a4b3c2d1e0f","MailItemsAccessed","user832@crowleydev.onmicrosoft.com","1"
"Mailbox Backup Appliance","c3d2e1f0-a9b8-4c7d-8e6f-5a4b3c2d1e0f","MailItemsAccessed","user833@crowleydev.onmicrosoft.com","1"
"Mailbox Backup Appliance","c3d2e1f0-a9b8-4c7d-8e6f-5a4b3c2d1e0f","MailItemsAccessed","user834@crowleydev.onmicrosoft.com","1"
"Mailbox Backup Appliance","c3d2e1f0-a9b8-4c7d-8e6f-5a4b3c2d1e0f","MailItemsAccessed","user835@crowleydev.onmicrosoft.com","1"
"Mailbox Backup Appliance","c3d2e1f0-a9b8-4c7d-8e6f-5a4b3c2d1e0f","MailItemsAccessed","user836@crowleydev.onmicrosoft.com","1"
"Mailbox Backup Appliance","c3d2e1f0-a9b8-4c7d-8e6f-5a4b3c2d1e0f","MailItemsAccessed","user837@crowleydev.onmicrosoft.com","1"
"Mailbox Backup Appliance","c3d2e1f0-a9b8-4c7d-8e6f-5a4b3c2d1e0f","MailItemsAccessed","user838@crowleydev.onmicrosoft.com","1"
"Mailbox Backup Appliance","c3d2e1f0-a9b8-4c7d-8e6f-5a4b3c2d1e0f","MailItemsAccessed","user839@crowleydev.onmicrosoft.com","1"
"Mailbox Backup Appliance","c3d2e1f0-a9b8-4c7d-8e6f-5a4b3c2d1e0f","MailItemsAccessed","user84@crowleydev.onmicrosoft.com","1"
"Mailbox Backup Appliance","c3d2e1f0-a9b8-4c7d-8e6f-5a4b3c2d1e0f","MailItemsAccessed","user840@crowleydev.onmicrosoft.com","1"
"Mailbox Backup Appliance","c3d2e1f0-a9b8-4c7d-8e6f-5a4b3c2d1e0f","MailItemsAccessed","user841@crowleydev.onmicrosoft.com","1"
"Mailbox Backup Appliance","c3d2e1f0-a9b8-4c7d-8e6f-5a4b3c2d1e0f","MailItemsAccessed","user842@crowleydev.onmicrosoft.com","1"
"Mailbox Backup Appliance","c3d2e1f0-a9b8-4c7d-8e6f-5a4b3c2d1e0f","MailItemsAccessed","user843@crowleydev.onmicrosoft.com","1"
"Mailbox Backup Appliance","c3d2e1f0-a9b8-4c7d-8e6f-5a4b3c2d1e0f","MailItemsAccessed","user844@crowleydev.onmicrosoft.com","1"
"Mailbox Backup Appliance","c3d2e1f0-a9b8-4c7d-8e6f-5a4b3c2d1e0f","MailItemsAccessed","user845@crowleydev.onmicrosoft.com","1"
"Mailbox Backup Appliance","c3d2e1f0-a9b8-4c7d-8e6f-5a4b3c2d1e0f","MailItemsAccessed","user846@crowleydev.onmicrosoft.com","1"
"Mailbox Backup Appliance","c3d2e1f0-a9b8-4c7d-8e6f-5a4b3c2d1e0f","MailItemsAccessed","user847@crowleydev.onmicrosoft.com","1"
"Mailbox Backup Appliance","c3d2e1f0-a9b8-4c7d-8e6f-5a4b3c2d1e0f","MailItemsAccessed","user848@crowleydev.onmicrosoft.com","1"
"Mailbox Backup Appliance","c3d2e1f0-a9b8-4c7d-8e6f-5a4b3c2d1e0f","MailItemsAccessed","user849@crowleydev.onmicrosoft.com","1"
"Mailbox Backup Appliance","c3d2e1f0-a9b8-4c7d-8e6f-5a4b3c2d1e0f","MailItemsAccessed","user85@crowleydev.onmicrosoft.com","1"
"Mailbox Backup Appliance","c3d2e1f0-a9b8-4c7d-8e6f-5a4b3c2d1e0f","MailItemsAccessed","user850@crowleydev.onmicrosoft.com","1"
"Mailbox Backup Appliance","c3d2e1f0-a9b8-4c7d-8e6f-5a4b3c2d1e0f","MailItemsAccessed","user851@crowleydev.onmicrosoft.com","1"
"Mailbox Backup Appliance","c3d2e1f0-a9b8-4c7d-8e6f-5a4b3c2d1e0f","MailItemsAccessed","user852@crowleydev.onmicrosoft.com","1"
"Mailbox Backup Appliance","c3d2e1f0-a9b8-4c7d-8e6f-5a4b3c2d1e0f","MailItemsAccessed","user853@crowleydev.onmicrosoft.com","1"
"Mailbox Backup Appliance","c3d2e1f0-a9b8-4c7d-8e6f-5a4b3c2d1e0f","MailItemsAccessed","user854@crowleydev.onmicrosoft.com","1"
"Mailbox Backup Appliance","c3d2e1f0-a9b8-4c7d-8e6f-5a4b3c2d1e0f","MailItemsAccessed","user855@crowleydev.onmicrosoft.com","1"
"Mailbox Backup Appliance","c3d2e1f0-a9b8-4c7d-8e6f-5a4b3c2d1e0f","MailItemsAccessed","user856@crowleydev.onmicrosoft.com","1"
"Mailbox Backup Appliance","c3d2e1f0-a9b8-4c7d-8e6f-5a4b3c2d1e0f","MailItemsAccessed","user857@crowleydev.onmicrosoft.com","1"
"Mailbox Backup Appliance","c3d2e1f0-a9b8-4c7d-8e6f-5a4b3c2d1e0f","MailItemsAccessed","user858@crowleydev.onmicrosoft.com","1"
"Mailbox Backup Appliance","c3d2e1f0-a9b8-4c7d-8e6f-5a4b3c2d1e0f","MailItemsAccessed","user859@crowleydev.onmicrosoft.com","1"
"Mailbox Backup Appliance","c3d2e1f0-a9b8-4c7d-8e6f-5a4b3c2d1e0f","MailItemsAccessed","user86@crowleydev.onmicrosoft.com","1"
"Mailbox Backup Appliance","c3d2e1f0-a9b8-4c7d-8e6f-5a4b3c2d1e0f","MailItemsAccessed","user860@crowleydev.onmicrosoft.com","1"
"Mailbox Backup Appliance","c3d2e1f0-a9b8-4c7d-8e6f-5a4b3c2d1e0f","MailItemsAccessed","user861@crowleydev.onmicrosoft.com","1"
"Mailbox Backup Appliance","c3d2e1f0-a9b8-4c7d-8e6f-5a4b3c2d1e0f","MailItemsAccessed","user862@crowleydev.onmicrosoft.com","1"
"Mailbox Backup Appliance","c3d2e1f0-a9b8-4c7d-8e6f-5a4b3c2d1e0f","MailItemsAccessed","user863@crowleydev.onmicrosoft.com","1"
"Mailbox Backup Appliance","c3d2e1f0-a9b8-4c7d-8e6f-5a4b3c2d1e0f","MailItemsAccessed","user864@crowleydev.onmicrosoft.com","1"
"Mailbox Backup Appliance","c3d2e1f0-a9b8-4c7d-8e6f-5a4b3c2d1e0f","MailItemsAccessed","user865@crowleydev.onmicrosoft.com","1"
"Mailbox Backup Appliance","c3d2e1f0-a9b8-4c7d-8e6f-5a4b3c2d1e0f","MailItemsAccessed","user866@crowleydev.onmicrosoft.com","1"
"Mailbox Backup Appliance","c3d2e1f0-a9b8-4c7d-8e6f-5a4b3c2d1e0f","MailItemsAccessed","user867@crowleydev.onmicrosoft.com","1"
"Mailbox Backup Appliance","c3d2e1f0-a9b8-4c7d-8e6f-5a4b3c2d1e0f","MailItemsAccessed","user868@crowleydev.onmicrosoft.com","1"
"Mailbox Backup Appliance","c3d2e1f0-a9b8-4c7d-8e6f-5a4b3c2d1e0f","MailItemsAccessed","user869@crowleydev.onmicrosoft.com","1"
"Mailbox Backup Appliance","c3d2e1f0-a9b8-4c7d-8e6f-5a4b3c2d1e0f","MailItemsAccessed","user87@crowleydev.onmicrosoft.com","1"
"Mailbox Backup Appliance","c3d2e1f0-a9b8-4c7d-8e6f-5a4b3c2d1e0f","MailItemsAccessed","user870@crowleydev.onmicrosoft.com","1"
"Mailbox Backup Appliance","c3d2e1f0-a9b8-4c7d-8e6f-5a4b3c2d1e0f","MailItemsAccessed","user871@crowleydev.onmicrosoft.com","1"
"Mailbox Backup Appliance","c3d2e1f0-a9b8-4c7d-8e6f-5a4b3c2d1e0f","MailItemsAccessed","user872@crowleydev.onmicrosoft.com","1"
"Mailbox Backup Appliance","c3d2e1f0-a9b8-4c7d-8e6f-5a4b3c2d1e0f","MailItemsAccessed","user873@crowleydev.onmicrosoft.com","1"
"Mailbox Backup Appliance","c3d2e1f0-a9b8-4c7d-8e6f-5a4b3c2d1e0f","MailItemsAccessed","user874@crowleydev.onmicrosoft.com","1"
"Mailbox Backup Appliance","c3d2e1f0-a9b8-4c7d-8e6f-5a4b3c2d1e0f","MailItemsAccessed","user875@crowleydev.onmicrosoft.com","1"
"Mailbox Backup Appliance","c3d2e1f0-a9b8-4c7d-8e6f-5a4b3c2d1e0f","MailItemsAccessed","user876@crowleydev.onmicrosoft.com","1"
"Mailbox Backup Appliance","c3d2e1f0-a9b8-4c7d-8e6f-5a4b3c2d1e0f","MailItemsAccessed","user877@crowleydev.onmicrosoft.com","1"
"Mailbox Backup Appliance","c3d2e1f0-a9b8-4c7d-8e6f-5a4b3c2d1e0f","MailItemsAccessed","user878@crowleydev.onmicrosoft.com","1"
"Mailbox Backup Appliance","c3d2e1f0-a9b8-4c7d-8e6f-5a4b3c2d1e0f","MailItemsAccessed","user879@crowleydev.onmicrosoft.com","1"
"Mailbox Backup Appliance","c3d2e1f0-a9b8-4c7d-8e6f-5a4b3c2d1e0f","MailItemsAccessed","user88@crowleydev.onmicrosoft.com","1"
"Mailbox Backup Appliance","c3d2e1f0-a9b8-4c7d-8e6f-5a4b3c2d1e0f","MailItemsAccessed","user880@crowleydev.onmicrosoft.com","1"
"Mailbox Backup Appliance","c3d2e1f0-a9b8-4c7d-8e6f-5a4b3c2d1e0f","MailItemsAccessed","user881@crowleydev.onmicrosoft.com","1"
"Mailbox Backup Appliance","c3d2e1f0-a9b8-4c7d-8e6f-5a4b3c2d1e0f","MailItemsAccessed","user882@crowleydev.onmicrosoft.com","1"
"Mailbox Backup Appliance","c3d2e1f0-a9b8-4c7d-8e6f-5a4b3c2d1e0f","MailItemsAccessed","user883@crowleydev.onmicrosoft.com","1"
"Mailbox Backup Appliance","c3d2e1f0-a9b8-4c7d-8e6f-5a4b3c2d1e0f","MailItemsAccessed","user884@crowleydev.onmicrosoft.com","1"
"Mailbox Backup Appliance","c3d2e1f0-a9b8-4c7d-8e6f-5a4b3c2d1e0f","MailItemsAccessed","user885@crowleydev.onmicrosoft.com","1"
"Mailbox Backup Appliance","c3d2e1f0-a9b8-4c7d-8e6f-5a4b3c2d1e0f","MailItemsAccessed","user886@crowleydev.onmicrosoft.com","1"
"Mailbox Backup Appliance","c3d2e1f0-a9b8-4c7d-8e6f-5a4b3c2d1e0f","MailItemsAccessed","user887@crowleydev.onmicrosoft.com","1"
"Mailbox Backup Appliance","c3d2e1f0-a9b8-4c7d-8e6f-5a4b3c2d1e0f","MailItemsAccessed","user888@crowleydev.onmicrosoft.com","1"
"Mailbox Backup Appliance","c3d2e1f0-a9b8-4c7d-8e6f-5a4b3c2d1e0f","MailItemsAccessed","user889@crowleydev.onmicrosoft.com","1"
"Mailbox Backup Appliance","c3d2e1f0-a9b8-4c7d-8e6f-5a4b3c2d1e0f","MailItemsAccessed","user89@crowleydev.onmicrosoft.com","1"
"Mailbox Backup Appliance","c3d2e1f0-a9b8-4c7d-8e6f-5a4b3c2d1e0f","MailItemsAccessed","user890@crowleydev.onmicrosoft.com","1"
"Mailbox Backup Appliance","c3d2e1f0-a9b8-4c7d-8e6f-5a4b3c2d1e0f","MailItemsAccessed","user891@crowleydev.onmicrosoft.com","1"
"Mailbox Backup Appliance","c3d2e1f0-a9b8-4c7d-8e6f-5a4b3c2d1e0f","MailItemsAccessed","user892@crowleydev.onmicrosoft.com","1"
"Mailbox Backup Appliance","c3d2e1f0-a9b8-4c7d-8e6f-5a4b3c2d1e0f","MailItemsAccessed","user893@crowleydev.onmicrosoft.com","1"
"Mailbox Backup Appliance","c3d2e1f0-a9b8-4c7d-8e6f-5a4b3c2d1e0f","MailItemsAccessed","user894@crowleydev.onmicrosoft.com","1"
"Mailbox Backup Appliance","c3d2e1f0-a9b8-4c7d-8e6f-5a4b3c2d1e0f","MailItemsAccessed","user895@crowleydev.onmicrosoft.com","1"
"Mailbox Backup Appliance","c3d2e1f0-a9b8-4c7d-8e6f-5a4b3c2d1e0f","MailItemsAccessed","user896@crowleydev.onmicrosoft.com","1"
"Mailbox Backup Appliance","c3d2e1f0-a9b8-4c7d-8e6f-5a4b3c2d1e0f","MailItemsAccessed","user897@crowleydev.onmicrosoft.com","1"
"Mailbox Backup Appliance","c3d2e1f0-a9b8-4c7d-8e6f-5a4b3c2d1e0f","MailItemsAccessed","user898@crowleydev.onmicrosoft.com","1"
"Mailbox Backup Appliance","c3d2e1f0-a9b8-4c7d-8e6f-5a4b3c2d1e0f","MailItemsAccessed","user899@crowleydev.onmicrosoft.com","1"
"Mailbox Backup Appliance","c3d2e1f0-a9b8-4c7d-8e6f-5a4b3c2d1e0f","MailItemsAccessed","user9@crowleydev.onmicrosoft.com","1"
"Mailbox Backup Appliance","c3d2e1f0-a9b8-4c7d-8e6f-5a4b3c2d1e0f","MailItemsAccessed","user90@crowleydev.onmicrosoft.com","1"
"Mailbox Backup Appliance","c3d2e1f0-a9b8-4c7d-8e6f-5a4b3c2d1e0f","MailItemsAccessed","user900@crowleydev.onmicrosoft.com","1"
"Mailbox Backup Appliance","c3d2e1f0-a9b8-4c7d-8e6f-5a4b3c2d1e0f","MailItemsAccessed","user901@crowleydev.onmicrosoft.com","1"
"Mailbox Backup Appliance","c3d2e1f0-a9b8-4c7d-8e6f-5a4b3c2d1e0f","MailItemsAccessed","user902@crowleydev.onmicrosoft.com","1"
"Mailbox Backup Appliance","c3d2e1f0-a9b8-4c7d-8e6f-5a4b3c2d1e0f","MailItemsAccessed","user903@crowleydev.onmicrosoft.com","1"
"Mailbox Backup Appliance","c3d2e1f0-a9b8-4c7d-8e6f-5a4b3c2d1e0f","MailItemsAccessed","user904@crowleydev.onmicrosoft.com","1"
"Mailbox Backup Appliance","c3d2e1f0-a9b8-4c7d-8e6f-5a4b3c2d1e0f","MailItemsAccessed","user905@crowleydev.onmicrosoft.com","1"
"Mailbox Backup Appliance","c3d2e1f0-a9b8-4c7d-8e6f-5a4b3c2d1e0f","MailItemsAccessed","user906@crowleydev.onmicrosoft.com","1"
"Mailbox Backup Appliance","c3d2e1f0-a9b8-4c7d-8e6f-5a4b3c2d1e0f","MailItemsAccessed","user907@crowleydev.onmicrosoft.com","1"
"Mailbox Backup Appliance","c3d2e1f0-a9b8-4c7d-8e6f-5a4b3c2d1e0f","MailItemsAccessed","user908@crowleydev.onmicrosoft.com","1"
"Mailbox Backup Appliance","c3d2e1f0-a9b8-4c7d-8e6f-5a4b3c2d1e0f","MailItemsAccessed","user909@crowleydev.onmicrosoft.com","1"
"Mailbox Backup Appliance","c3d2e1f0-a9b8-4c7d-8e6f-5a4b3c2d1e0f","MailItemsAccessed","user91@crowleydev.onmicrosoft.com","1"
"Mailbox Backup Appliance","c3d2e1f0-a9b8-4c7d-8e6f-5a4b3c2d1e0f","MailItemsAccessed","user910@crowleydev.onmicrosoft.com","1"
"Mailbox Backup Appliance","c3d2e1f0-a9b8-4c7d-8e6f-5a4b3c2d1e0f","MailItemsAccessed","user911@crowleydev.onmicrosoft.com","1"
"Mailbox Backup Appliance","c3d2e1f0-a9b8-4c7d-8e6f-5a4b3c2d1e0f","MailItemsAccessed","user912@crowleydev.onmicrosoft.com","1"
"Mailbox Backup Appliance","c3d2e1f0-a9b8-4c7d-8e6f-5a4b3c2d1e0f","MailItemsAccessed","user913@crowleydev.onmicrosoft.com","1"
"Mailbox Backup Appliance","c3d2e1f0-a9b8-4c7d-8e6f-5a4b3c2d1e0f","MailItemsAccessed","user914@crowleydev.onmicrosoft.com","1"
"Mailbox Backup Appliance","c3d2e1f0-a9b8-4c7d-8e6f-5a4b3c2d1e0f","MailItemsAccessed","user915@crowleydev.onmicrosoft.com","1"
"Mailbox Backup Appliance","c3d2e1f0-a9b8-4c7d-8e6f-5a4b3c2d1e0f","MailItemsAccessed","user916@crowleydev.onmicrosoft.com","1"
"Mailbox Backup Appliance","c3d2e1f0-a9b8-4c7d-8e6f-5a4b3c2d1e0f","MailItemsAccessed","user917@crowleydev.onmicrosoft.com","1"
"Mailbox Backup Appliance","c3d2e1f0-a9b8-4c7d-8e6f-5a4b3c2d1e0f","MailItemsAccessed","user918@crowleydev.onmicrosoft.com","1"
"Mailbox Backup Appliance","c3d2e1f0-a9b8-4c7d-8e6f-5a4b3c2d1e0f","MailItemsAccessed","user919@crowleydev.onmicrosoft.com","1"
"Mailbox Backup Appliance","c3d2e1f0-a9b8-4c7d-8e6f-5a4b3c2d1e0f","MailItemsAccessed","user92@crowleydev.onmicrosoft.com","1"
"Mailbox Backup Appliance","c3d2e1f0-a9b8-4c7d-8e6f-5a4b3c2d1e0f","MailItemsAccessed","user920@crowleydev.onmicrosoft.com","1"
"Mailbox Backup Appliance","c3d2e1f0-a9b8-4c7d-8e6f-5a4b3c2d1e0f","MailItemsAccessed","user921@crowleydev.onmicrosoft.com","1"
"Mailbox Backup Appliance","c3d2e1f0-a9b8-4c7d-8e6f-5a4b3c2d1e0f","MailItemsAccessed","user922@crowleydev.onmicrosoft.com","1"
"Mailbox Backup Appliance","c3d2e1f0-a9b8-4c7d-8e6f-5a4b3c2d1e0f","MailItemsAccessed","user923@crowleydev.onmicrosoft.com","1"
"Mailbox Backup Appliance","c3d2e1f0-a9b8-4c7d-8e6f-5a4b3c2d1e0f","MailItemsAccessed","user924@crowleydev.onmicrosoft.com","1"
"Mailbox Backup Appliance","c3d2e1f0-a9b8-4c7d-8e6f-5a4b3c2d1e0f","MailItemsAccessed","user925@crowleydev.onmicrosoft.com","1"
"Mailbox Backup Appliance","c3d2e1f0-a9b8-4c7d-8e6f-5a4b3c2d1e0f","MailItemsAccessed","user926@crowleydev.onmicrosoft.com","1"
"Mailbox Backup Appliance","c3d2e1f0-a9b8-4c7d-8e6f-5a4b3c2d1e0f","MailItemsAccessed","user927@crowleydev.onmicrosoft.com","1"
"Mailbox Backup Appliance","c3d2e1f0-a9b8-4c7d-8e6f-5a4b3c2d1e0f","MailItemsAccessed","user928@crowleydev.onmicrosoft.com","1"
"Mailbox Backup Appliance","c3d2e1f0-a9b8-4c7d-8e6f-5a4b3c2d1e0f","MailItemsAccessed","user929@crowleydev.onmicrosoft.com","1"
"Mailbox Backup Appliance","c3d2e1f0-a9b8-4c7d-8e6f-5a4b3c2d1e0f","MailItemsAccessed","user93@crowleydev.onmicrosoft.com","1"
"Mailbox Backup Appliance","c3d2e1f0-a9b8-4c7d-8e6f-5a4b3c2d1e0f","MailItemsAccessed","user930@crowleydev.onmicrosoft.com","1"
"Mailbox Backup Appliance","c3d2e1f0-a9b8-4c7d-8e6f-5a4b3c2d1e0f","MailItemsAccessed","user931@crowleydev.onmicrosoft.com","1"
"Mailbox Backup Appliance","c3d2e1f0-a9b8-4c7d-8e6f-5a4b3c2d1e0f","MailItemsAccessed","user932@crowleydev.onmicrosoft.com","1"
"Mailbox Backup Appliance","c3d2e1f0-a9b8-4c7d-8e6f-5a4b3c2d1e0f","MailItemsAccessed","user933@crowleydev.onmicrosoft.com","1"
"Mailbox Backup Appliance","c3d2e1f0-a9b8-4c7d-8e6f-5a4b3c2d1e0f","MailItemsAccessed","user934@crowleydev.onmicrosoft.com","1"
"Mailbox Backup Appliance","c3d2e1f0-a9b8-4c7d-8e6f-5a4b3c2d1e0f","MailItemsAccessed","user935@crowleydev.onmicrosoft.com","1"
"Mailbox Backup Appliance","c3d2e1f0-a9b8-4c7d-8e6f-5a4b3c2d1e0f","MailItemsAccessed","user936@crowleydev.onmicrosoft.com","1"
"Mailbox Backup Appliance","c3d2e1f0-a9b8-4c7d-8e6f-5a4b3c2d1e0f","MailItemsAccessed","user937@crowleydev.onmicrosoft.com","1"
"Mailbox Backup Appliance","c3d2e1f0-a9b8-4c7d-8e6f-5a4b3c2d1e0f","MailItemsAccessed","user938@crowleydev.onmicrosoft.com","1"
"Mailbox Backup Appliance","c3d2e1f0-a9b8-4c7d-8e6f-5a4b3c2d1e0f","MailItemsAccessed","user939@crowleydev.onmicrosoft.com","1"
"Mailbox Backup Appliance","c3d2e1f0-a9b8-4c7d-8e6f-5a4b3c2d1e0f","MailItemsAccessed","user94@crowleydev.onmicrosoft.com","1"
"Mailbox Backup Appliance","c3d2e1f0-a9b8-4c7d-8e6f-5a4b3c2d1e0f","MailItemsAccessed","user940@crowleydev.onmicrosoft.com","1"
"Mailbox Backup Appliance","c3d2e1f0-a9b8-4c7d-8e6f-5a4b3c2d1e0f","MailItemsAccessed","user941@crowleydev.onmicrosoft.com","1"
"Mailbox Backup Appliance","c3d2e1f0-a9b8-4c7d-8e6f-5a4b3c2d1e0f","MailItemsAccessed","user942@crowleydev.onmicrosoft.com","1"
"Mailbox Backup Appliance","c3d2e1f0-a9b8-4c7d-8e6f-5a4b3c2d1e0f","MailItemsAccessed","user943@crowleydev.onmicrosoft.com","1"
"Mailbox Backup Appliance","c3d2e1f0-a9b8-4c7d-8e6f-5a4b3c2d1e0f","MailItemsAccessed","user944@crowleydev.onmicrosoft.com","1"
"Mailbox Backup Appliance","c3d2e1f0-a9b8-4c7d-8e6f-5a4b3c2d1e0f","MailItemsAccessed","user945@crowleydev.onmicrosoft.com","1"
"Mailbox Backup Appliance","c3d2e1f0-a9b8-4c7d-8e6f-5a4b3c2d1e0f","MailItemsAccessed","user946@crowleydev.onmicrosoft.com","1"
"Mailbox Backup Appliance","c3d2e1f0-a9b8-4c7d-8e6f-5a4b3c2d1e0f","MailItemsAccessed","user947@crowleydev.onmicrosoft.com","1"
"Mailbox Backup Appliance","c3d2e1f0-a9b8-4c7d-8e6f-5a4b3c2d1e0f","MailItemsAccessed","user948@crowleydev.onmicrosoft.com","1"
"Mailbox Backup Appliance","c3d2e1f0-a9b8-4c7d-8e6f-5a4b3c2d1e0f","MailItemsAccessed","user949@crowleydev.onmicrosoft.com","1"
"Mailbox Backup Appliance","c3d2e1f0-a9b8-4c7d-8e6f-5a4b3c2d1e0f","MailItemsAccessed","user95@crowleydev.onmicrosoft.com","1"
"Mailbox Backup Appliance","c3d2e1f0-a9b8-4c7d-8e6f-5a4b3c2d1e0f","MailItemsAccessed","user950@crowleydev.onmicrosoft.com","1"
"Mailbox Backup Appliance","c3d2e1f0-a9b8-4c7d-8e6f-5a4b3c2d1e0f","MailItemsAccessed","user951@crowleydev.onmicrosoft.com","1"
"Mailbox Backup Appliance","c3d2e1f0-a9b8-4c7d-8e6f-5a4b3c2d1e0f","MailItemsAccessed","user952@crowleydev.onmicrosoft.com","1"
"Mailbox Backup Appliance","c3d2e1f0-a9b8-4c7d-8e6f-5a4b3c2d1e0f","MailItemsAccessed","user953@crowleydev.onmicrosoft.com","1"
"Mailbox Backup Appliance","c3d2e1f0-a9b8-4c7d-8e6f-5a4b3c2d1e0f","MailItemsAccessed","user954@crowleydev.onmicrosoft.com","1"
"Mailbox Backup Appliance","c3d2e1f0-a9b8-4c7d-8e6f-5a4b3c2d1e0f","MailItemsAccessed","user955@crowleydev.onmicrosoft.com","1"
"Mailbox Backup Appliance","c3d2e1f0-a9b8-4c7d-8e6f-5a4b3c2d1e0f","MailItemsAccessed","user956@crowleydev.onmicrosoft.com","1"
"Mailbox Backup Appliance","c3d2e1f0-a9b8-4c7d-8e6f-5a4b3c2d1e0f","MailItemsAccessed","user957@crowleydev.onmicrosoft.com","1"
"Mailbox Backup Appliance","c3d2e1f0-a9b8-4c7d-8e6f-5a4b3c2d1e0f","MailItemsAccessed","user958@crowleydev.onmicrosoft.com","1"
"Mailbox Backup Appliance","c3d2e1f0-a9b8-4c7d-8e6f-5a4b3c2d1e0f","MailItemsAccessed","user959@crowleydev.onmicrosoft.com","1"
"Mailbox Backup Appliance","c3d2e1f0-a9b8-4c7d-8e6f-5a4b3c2d1e0f","MailItemsAccessed","user96@crowleydev.onmicrosoft.com","1"
"Mailbox Backup Appliance","c3d2e1f0-a9b8-4c7d-8e6f-5a4b3c2d1e0f","MailItemsAccessed","user960@crowleydev.onmicrosoft.com","1"
"Mailbox Backup Appliance","c3d2e1f0-a9b8-4c7d-8e6f-5a4b3c2d1e0f","MailItemsAccessed","user961@crowleydev.onmicrosoft.com","1"
"Mailbox Backup Appliance","c3d2e1f0-a9b8-4c7d-8e6f-5a4b3c2d1e0f","MailItemsAccessed","user962@crowleydev.onmicrosoft.com","1"
"Mailbox Backup Appliance","c3d2e1f0-a9b8-4c7d-8e6f-5a4b3c2d1e0f","MailItemsAccessed","user963@crowleydev.onmicrosoft.com","1"
"Mailbox Backup Appliance","c3d2e1f0-a9b8-4c7d-8e6f-5a4b3c2d1e0f","MailItemsAccessed","user964@crowleydev.onmicrosoft.com","1"
"Mailbox Backup Appliance","c3d2e1f0-a9b8-4c7d-8e6f-5a4b3c2d1e0f","MailItemsAccessed","user965@crowleydev.onmicrosoft.com","1"
"Mailbox Backup Appliance","c3d2e1f0-a9b8-4c7d-8e6f-5a4b3c2d1e0f","MailItemsAccessed","user966@crowleydev.onmicrosoft.com","1"
"Mailbox Backup Appliance","c3d2e1f0-a9b8-4c7d-8e6f-5a4b3c2d1e0f","MailItemsAccessed","user967@crowleydev.onmicrosoft.com","1"
"Mailbox Backup Appliance","c3d2e1f0-a9b8-4c7d-8e6f-5a4b3c2d1e0f","MailItemsAccessed","user968@crowleydev.onmicrosoft.com","1"
"Mailbox Backup Appliance","c3d2e1f0-a9b8-4c7d-8e6f-5a4b3c2d1e0f","MailItemsAccessed","user969@crowleydev.onmicrosoft.com","1"
"Mailbox Backup Appliance","c3d2e1f0-a9b8-4c7d-8e6f-5a4b3c2d1e0f","MailItemsAccessed","user97@crowleydev.onmicrosoft.com","1"
"Mailbox Backup Appliance","c3d2e1f0-a9b8-4c7d-8e6f-5a4b3c2d1e0f","MailItemsAccessed","user970@crowleydev.onmicrosoft.com","1"
"Mailbox Backup Appliance","c3d2e1f0-a9b8-4c7d-8e6f-5a4b3c2d1e0f","MailItemsAccessed","user971@crowleydev.onmicrosoft.com","1"
"Mailbox Backup Appliance","c3d2e1f0-a9b8-4c7d-8e6f-5a4b3c2d1e0f","MailItemsAccessed","user972@crowleydev.onmicrosoft.com","1"
"Mailbox Backup Appliance","c3d2e1f0-a9b8-4c7d-8e6f-5a4b3c2d1e0f","MailItemsAccessed","user973@crowleydev.onmicrosoft.com","1"
"Mailbox Backup Appliance","c3d2e1f0-a9b8-4c7d-8e6f-5a4b3c2d1e0f","MailItemsAccessed","user974@crowleydev.onmicrosoft.com","1"
"Mailbox Backup Appliance","c3d2e1f0-a9b8-4c7d-8e6f-5a4b3c2d1e0f","MailItemsAccessed","user975@crowleydev.onmicrosoft.com","1"
"Mailbox Backup Appliance","c3d2e1f0-a9b8-4c7d-8e6f-5a4b3c2d1e0f","MailItemsAccessed","user976@crowleydev.onmicrosoft.com","1"
"Mailbox Backup Appliance","c3d2e1f0-a9b8-4c7d-8e6f-5a4b3c2d1e0f","MailItemsAccessed","user977@crowleydev.onmicrosoft.com","1"
"Mailbox Backup Appliance","c3d2e1f0-a9b8-4c7d-8e6f-5a4b3c2d1e0f","MailItemsAccessed","user978@crowleydev.onmicrosoft.com","1"
"Mailbox Backup Appliance","c3d2e1f0-a9b8-4c7d-8e6f-5a4b3c2d1e0f","MailItemsAccessed","user979@crowleydev.onmicrosoft.com","1"
"Mailbox Backup Appliance","c3d2e1f0-a9b8-4c7d-8e6f-5a4b3c2d1e0f","MailItemsAccessed","user98@crowleydev.onmicrosoft.com","1"
"Mailbox Backup Appliance","c3d2e1f0-a9b8-4c7d-8e6f-5a4b3c2d1e0f","MailItemsAccessed","user980@crowleydev.onmicrosoft.com","1"
"Mailbox Backup Appliance","c3d2e1f0-a9b8-4c7d-8e6f-5a4b3c2d1e0f","MailItemsAccessed","user981@crowleydev.onmicrosoft.com","1"
"Mailbox Backup Appliance","c3d2e1f0-a9b8-4c7d-8e6f-5a4b3c2d1e0f","MailItemsAccessed","user982@crowleydev.onmicrosoft.com","1"
"Mailbox Backup Appliance","c3d2e1f0-a9b8-4c7d-8e6f-5a4b3c2d1e0f","MailItemsAccessed","user983@crowleydev.onmicrosoft.com","1"
"Mailbox Backup Appliance","c3d2e1f0-a9b8-4c7d-8e6f-5a4b3c2d1e0f","MailItemsAccessed","user984@crowleydev.onmicrosoft.com","1"
"Mailbox Backup Appliance","c3d2e1f0-a9b8-4c7d-8e6f-5a4b3c2d1e0f","MailItemsAccessed","user985@crowleydev.onmicrosoft.com","1"
"Mailbox Backup Appliance","c3d2e1f0-a9b8-4c7d-8e6f-5a4b3c2d1e0f","MailItemsAccessed","user986@crowleydev.onmicrosoft.com","1"
"Mailbox Backup Appliance","c3d2e1f0-a9b8-4c7d-8e6f-5a4b3c2d1e0f","MailItemsAccessed","user987@crowleydev.onmicrosoft.com","1"
"Mailbox Backup Appliance","c3d2e1f0-a9b8-4c7d-8e6f-5a4b3c2d1e0f","MailItemsAccessed","user988@crowleydev.onmicrosoft.com","1"
"Mailbox Backup Appliance","c3d2e1f0-a9b8-4c7d-8e6f-5a4b3c2d1e0f","MailItemsAccessed","user989@crowleydev.onmicrosoft.com","1"
"Mailbox Backup Appliance","c3d2e1f0-a9b8-4c7d-8e6f-5a4b3c2d1e0f","MailItemsAccessed","user99@crowleydev.onmicrosoft.com","1"
"Mailbox Backup Appliance","c3d2e1f0-a9b8-4c7d-8e6f-5a4b3c2d1e0f","MailItemsAccessed","user990@crowleydev.onmicrosoft.com","1"
"Mailbox Backup Appliance","c3d2e1f0-a9b8-4c7d-8e6f-5a4b3c2d1e0f","MailItemsAccessed","user991@crowleydev.onmicrosoft.com","1"
"Mailbox Backup Appliance","c3d2e1f0-a9b8-4c7d-8e6f-5a4b3c2d1e0f","MailItemsAccessed","user992@crowleydev.onmicrosoft.com","1"
"Mailbox Backup Appliance","c3d2e1f0-a9b8-4c7d-8e6f-5a4b3c2d1e0f","MailItemsAccessed","user993@crowleydev.onmicrosoft.com","1"
"Mailbox Backup Appliance","c3d2e1f0-a9b8-4c7d-8e6f-5a4b3c2d1e0f","MailItemsAccessed","user994@crowleydev.onmicrosoft.com","1"
"Mailbox Backup Appliance","c3d2e1f0-a9b8-4c7d-8e6f-5a4b3c2d1e0f","MailItemsAccessed","user995@crowleydev.onmicrosoft.com","1"
"Mailbox Backup Appliance","c3d2e1f0-a9b8-4c7d-8e6f-5a4b3c2d1e0f","MailItemsAccessed","user996@crowleydev.onmicrosoft.com","1"
"Mailbox Backup Appliance","c3d2e1f0-a9b8-4c7d-8e6f-5a4b3c2d1e0f","MailItemsAccessed","user997@crowleydev.onmicrosoft.com","1"
"Mailbox Backup Appliance","c3d2e1f0-a9b8-4c7d-8e6f-5a4b3c2d1e0f","MailItemsAccessed","user998@crowleydev.onmicrosoft.com","1"
"Mailbox Backup Appliance","c3d2e1f0-a9b8-4c7d-8e6f-5a4b3c2d1e0f","MailItemsAccessed","user999@crowleydev.onmicrosoft.com","1"
"Payroll Reminders","8e7d6c5b-4a39-4281-9f0e-1d2c3b4a5968","Send","payroll@crowleydev.onmicrosoft.com","140"
"Payroll Reminders","8e7d6c5b-4a39-4281-9f0e-1d2c3b4a5968","Send","jordan.lee@crowleydev.onmicrosoft.com","10"
"Payroll Reminders","8e7d6c5b-4a39-4281-9f0e-1d2c3b4a5968","Send","alex.rivera@crowleydev.onmicrosoft.com","9"
"Payroll Reminders","8e7d6c5b-4a39-4281-9f0e-1d2c3b4a5968","Send","casey.nguyen@crowleydev.onmicrosoft.com","9"
"Payroll Reminders","8e7d6c5b-4a39-4281-9f0e-1d2c3b4a5968","Send","sam.patel@crowleydev.onmicrosoft.com","9"
"Payroll Reminders","8e7d6c5b-4a39-4281-9f0e-1d2c3b4a5968","MailItemsAccessed","payroll@crowleydev.onmicrosoft.com","58"
"Payroll Reminders","8e7d6c5b-4a39-4281-9f0e-1d2c3b4a5968","Update","payroll@crowleydev.onmicrosoft.com","9"
"Payroll Reminders","8e7d6c5b-4a39-4281-9f0e-1d2c3b4a5968","MoveToDeletedItems","payroll@crowleydev.onmicrosoft.com","3"
